mpa_name,date,bottomT,long_dd,lat_dd,long_approx,lat_approx
Robert W. Crown SMCA,1993-01-01,11.548539698123932,-122.27751475548094,37.76728112752839,-122.25,37.75
Robert W. Crown SMCA,1993-01-02,11.296578884124756,-122.27751475548094,37.76728112752839,-122.25,37.75
Robert W. Crown SMCA,1993-01-03,10.943540766835213,-122.27751475548094,37.76728112752839,-122.25,37.75
Robert W. Crown SMCA,1993-01-04,10.936948768794537,-122.27751475548094,37.76728112752839,-122.25,37.75
Robert W. Crown SMCA,1993-01-05,11.025574520230293,-122.27751475548094,37.76728112752839,-122.25,37.75
Robert W. Crown SMCA,1993-01-06,10.804376363754272,-122.27751475548094,37.76728112752839,-122.25,37.75
Robert W. Crown SMCA,1993-01-07,10.732596829533577,-122.27751475548094,37.76728112752839,-122.25,37.75
Robert W. Crown SMCA,1993-01-08,10.801446586847305,-122.27751475548094,37.76728112752839,-122.25,37.75
Robert W. Crown SMCA,1993-01-09,10.818292804062366,-122.27751475548094,37.76728112752839,-122.25,37.75
Robert W. Crown SMCA,1993-01-10,10.909115888178349,-122.27751475548094,37.76728112752839,-122.25,37.75
Robert W. Crown SMCA,1993-01-11,10.704031504690647,-122.27751475548094,37.76728112752839,-122.25,37.75
Robert W. Crown SMCA,1993-01-12,10.679128400981426,-122.27751475548094,37.76728112752839,-122.25,37.75
Robert W. Crown SMCA,1993-01-13,10.507004007697105,-122.27751475548094,37.76728112752839,-122.25,37.75
Robert W. Crown SMCA,1993-01-14,10.58684042841196,-122.27751475548094,37.76728112752839,-122.25,37.75
Robert W. Crown SMCA,1993-01-15,10.697439506649971,-122.27751475548094,37.76728112752839,-122.25,37.75
Robert W. Crown SMCA,1993-01-16,10.792657256126404,-122.27751475548094,37.76728112752839,-122.25,37.75
Robert W. Crown SMCA,1993-01-17,10.931821659207344,-122.27751475548094,37.76728112752839,-122.25,37.75
Robert W. Crown SMCA,1993-01-18,11.038758516311646,-122.27751475548094,37.76728112752839,-122.25,37.75
Robert W. Crown SMCA,1993-01-19,11.109073162078857,-122.27751475548094,37.76728112752839,-122.25,37.75
Robert W. Crown SMCA,1993-01-20,11.03216651827097,-122.27751475548094,37.76728112752839,-122.25,37.75
Robert W. Crown SMCA,1993-01-21,11.187444694340229,-122.27751475548094,37.76728112752839,-122.25,37.75
Robert W. Crown SMCA,1993-01-22,11.289254441857338,-122.27751475548094,37.76728112752839,-122.25,37.75
Robert W. Crown SMCA,1993-01-23,11.243110455572605,-122.27751475548094,37.76728112752839,-122.25,37.75
Robert W. Crown SMCA,1993-01-24,11.352977089583874,-122.27751475548094,37.76728112752839,-122.25,37.75
Robert W. Crown SMCA,1993-01-25,11.563188582658768,-122.27751475548094,37.76728112752839,-122.25,37.75
Robert W. Crown SMCA,1993-01-26,11.900845371186733,-122.27751475548094,37.76728112752839,-122.25,37.75
Robert W. Crown SMCA,1993-01-27,12.229712828993797,-122.27751475548094,37.76728112752839,-122.25,37.75
Robert W. Crown SMCA,1993-01-28,12.442121654748917,-122.27751475548094,37.76728112752839,-122.25,37.75
Robert W. Crown SMCA,1993-01-29,12.491927862167358,-122.27751475548094,37.76728112752839,-122.25,37.75
Robert W. Crown SMCA,1993-01-30,12.571031838655472,-122.27751475548094,37.76728112752839,-122.25,37.75
Robert W. Crown SMCA,1993-01-31,12.79515977203846,-122.27751475548094,37.76728112752839,-122.25,37.75
Robert W. Crown SMCA,1993-02-01,13.028809480369091,-122.27751475548094,37.76728112752839,-122.25,37.75
Robert W. Crown SMCA,1993-02-02,12.924069955945015,-122.27751475548094,37.76728112752839,-122.25,37.75
Robert W. Crown SMCA,1993-02-03,12.651600703597069,-122.27751475548094,37.76728112752839,-122.25,37.75
Robert W. Crown SMCA,1993-02-04,12.396710112690926,-122.27751475548094,37.76728112752839,-122.25,37.75
Robert W. Crown SMCA,1993-02-05,12.318338580429554,-122.27751475548094,37.76728112752839,-122.25,37.75
Robert W. Crown SMCA,1993-02-06,12.544663846492767,-122.27751475548094,37.76728112752839,-122.25,37.75
Robert W. Crown SMCA,1993-02-07,12.681630916893482,-122.27751475548094,37.76728112752839,-122.25,37.75
Robert W. Crown SMCA,1993-02-08,12.691152691841125,-122.27751475548094,37.76728112752839,-122.25,37.75
Robert W. Crown SMCA,1993-02-09,12.753410451114178,-122.27751475548094,37.76728112752839,-122.25,37.75
Robert W. Crown SMCA,1993-02-10,12.82811976224184,-122.27751475548094,37.76728112752839,-122.25,37.75
Robert W. Crown SMCA,1993-02-11,12.780510887503624,-122.27751475548094,37.76728112752839,-122.25,37.75
Robert W. Crown SMCA,1993-02-12,12.847895756363869,-122.27751475548094,37.76728112752839,-122.25,37.75
Robert W. Crown SMCA,1993-02-13,12.976073496043682,-122.27751475548094,37.76728112752839,-122.25,37.75
Robert W. Crown SMCA,1993-02-14,12.732169568538666,-122.27751475548094,37.76728112752839,-122.25,37.75
Robert W. Crown SMCA,1993-02-15,12.62743004411459,-122.27751475548094,37.76728112752839,-122.25,37.75
Robert W. Crown SMCA,1993-02-16,12.477278977632523,-122.27751475548094,37.76728112752839,-122.25,37.75
Robert W. Crown SMCA,1993-02-17,12.520493187010288,-122.27751475548094,37.76728112752839,-122.25,37.75
Robert W. Crown SMCA,1993-02-18,12.52122563123703,-122.27751475548094,37.76728112752839,-122.25,37.75
Robert W. Crown SMCA,1993-02-19,12.584215834736824,-122.27751475548094,37.76728112752839,-122.25,37.75
Robert W. Crown SMCA,1993-02-20,12.408429220318794,-122.27751475548094,37.76728112752839,-122.25,37.75
Robert W. Crown SMCA,1993-02-21,12.260475486516953,-122.27751475548094,37.76728112752839,-122.25,37.75
Robert W. Crown SMCA,1993-02-22,12.444318987429142,-122.27751475548094,37.76728112752839,-122.25,37.75
Robert W. Crown SMCA,1993-02-23,12.5417340695858,-122.27751475548094,37.76728112752839,-122.25,37.75
Robert W. Crown SMCA,1993-02-24,12.407696776092052,-122.27751475548094,37.76728112752839,-122.25,37.75
Robert W. Crown SMCA,1993-02-25,12.404766999185085,-122.27751475548094,37.76728112752839,-122.25,37.75
Robert W. Crown SMCA,1993-02-26,12.477278977632523,-122.27751475548094,37.76728112752839,-122.25,37.75
Robert W. Crown SMCA,1993-02-27,12.209204390645027,-122.27751475548094,37.76728112752839,-122.25,37.75
Robert W. Crown SMCA,1993-02-28,12.478743866086006,-122.27751475548094,37.76728112752839,-122.25,37.75
Robert W. Crown SMCA,1993-03-01,12.724845126271248,-122.27751475548094,37.76728112752839,-122.25,37.75
Robert W. Crown SMCA,1993-03-02,13.019287705421448,-122.27751475548094,37.76728112752839,-122.25,37.75
Robert W. Crown SMCA,1993-03-03,13.2287667542696,-122.27751475548094,37.76728112752839,-122.25,37.75
Robert W. Crown SMCA,1993-03-04,13.503433339297771,-122.27751475548094,37.76728112752839,-122.25,37.75
Robert W. Crown SMCA,1993-03-05,13.71144749969244,-122.27751475548094,37.76728112752839,-122.25,37.75
Robert W. Crown SMCA,1993-03-06,13.604510642588139,-122.27751475548094,37.76728112752839,-122.25,37.75
Robert W. Crown SMCA,1993-03-07,13.879909671843052,-122.27751475548094,37.76728112752839,-122.25,37.75
Robert W. Crown SMCA,1993-03-08,14.331095315515995,-122.27751475548094,37.76728112752839,-122.25,37.75
Robert W. Crown SMCA,1993-03-09,14.674611657857895,-122.27751475548094,37.76728112752839,-122.25,37.75
Robert W. Crown SMCA,1993-03-10,14.799127176404,-122.27751475548094,37.76728112752839,-122.25,37.75
Robert W. Crown SMCA,1993-03-11,14.849665828049183,-122.27751475548094,37.76728112752839,-122.25,37.75
Robert W. Crown SMCA,1993-03-12,14.967589348554611,-122.27751475548094,37.76728112752839,-122.25,37.75
Robert W. Crown SMCA,1993-03-13,15.141178630292416,-122.27751475548094,37.76728112752839,-122.25,37.75
Robert W. Crown SMCA,1993-03-14,15.210028387606144,-122.27751475548094,37.76728112752839,-122.25,37.75
Robert W. Crown SMCA,1993-03-15,15.233466602861881,-122.27751475548094,37.76728112752839,-122.25,37.75
Robert W. Crown SMCA,1993-03-16,15.242988377809525,-122.27751475548094,37.76728112752839,-122.25,37.75
Robert W. Crown SMCA,1993-03-17,15.059144876897335,-122.27751475548094,37.76728112752839,-122.25,37.75
Robert W. Crown SMCA,1993-03-18,14.952940464019775,-122.27751475548094,37.76728112752839,-122.25,37.75
Robert W. Crown SMCA,1993-03-19,15.016663111746311,-122.27751475548094,37.76728112752839,-122.25,37.75
Robert W. Crown SMCA,1993-03-20,14.953672908246517,-122.27751475548094,37.76728112752839,-122.25,37.75
Robert W. Crown SMCA,1993-03-21,14.813776060938835,-122.27751475548094,37.76728112752839,-122.25,37.75
Robert W. Crown SMCA,1993-03-22,14.728812530636787,-122.27751475548094,37.76728112752839,-122.25,37.75
Robert W. Crown SMCA,1993-03-23,14.854060493409634,-122.27751475548094,37.76728112752839,-122.25,37.75
Robert W. Crown SMCA,1993-03-24,14.993224896490574,-122.27751475548094,37.76728112752839,-122.25,37.75
Robert W. Crown SMCA,1993-03-25,15.328684352338314,-122.27751475548094,37.76728112752839,-122.25,37.75
Robert W. Crown SMCA,1993-03-26,15.16315195709467,-122.27751475548094,37.76728112752839,-122.25,37.75
Robert W. Crown SMCA,1993-03-27,14.437299728393555,-122.27751475548094,37.76728112752839,-122.25,37.75
Robert W. Crown SMCA,1993-03-28,14.569139689207077,-122.27751475548094,37.76728112752839,-122.25,37.75
Robert W. Crown SMCA,1993-03-29,14.311319321393967,-122.27751475548094,37.76728112752839,-122.25,37.75
Robert W. Crown SMCA,1993-03-30,14.185338914394379,-122.27751475548094,37.76728112752839,-122.25,37.75
Robert W. Crown SMCA,1993-03-31,14.448286391794682,-122.27751475548094,37.76728112752839,-122.25,37.75
Robert W. Crown SMCA,1993-04-01,14.479049049317837,-122.27751475548094,37.76728112752839,-122.25,37.75
Robert W. Crown SMCA,1993-04-02,14.199987798929214,-122.27751475548094,37.76728112752839,-122.25,37.75
Robert W. Crown SMCA,1993-04-03,14.216834016144276,-122.27751475548094,37.76728112752839,-122.25,37.75
Robert W. Crown SMCA,1993-04-04,14.322305984795094,-122.27751475548094,37.76728112752839,-122.25,37.75
Robert W. Crown SMCA,1993-04-05,14.243934452533722,-122.27751475548094,37.76728112752839,-122.25,37.75
Robert W. Crown SMCA,1993-04-06,14.249061562120914,-122.27751475548094,37.76728112752839,-122.25,37.75
Robert W. Crown SMCA,1993-04-07,14.528122812509537,-122.27751475548094,37.76728112752839,-122.25,37.75
Robert W. Crown SMCA,1993-04-08,14.96319468319416,-122.27751475548094,37.76728112752839,-122.25,37.75
Robert W. Crown SMCA,1993-04-09,15.117740415036678,-122.27751475548094,37.76728112752839,-122.25,37.75
Robert W. Crown SMCA,1993-04-10,15.075258649885654,-122.27751475548094,37.76728112752839,-122.25,37.75
Robert W. Crown SMCA,1993-04-11,14.641651667654514,-122.27751475548094,37.76728112752839,-122.25,37.75
Robert W. Crown SMCA,1993-04-12,14.285683773458004,-122.27751475548094,37.76728112752839,-122.25,37.75
Robert W. Crown SMCA,1993-04-13,14.134067818522453,-122.27751475548094,37.76728112752839,-122.25,37.75
Robert W. Crown SMCA,1993-04-14,14.134800262749195,-122.27751475548094,37.76728112752839,-122.25,37.75
Robert W. Crown SMCA,1993-04-15,14.196325577795506,-122.27751475548094,37.76728112752839,-122.25,37.75
Robert W. Crown SMCA,1993-04-16,14.159703366458416,-122.27751475548094,37.76728112752839,-122.25,37.75
Robert W. Crown SMCA,1993-04-17,14.239539787173271,-122.27751475548094,37.76728112752839,-122.25,37.75
Robert W. Crown SMCA,1993-04-18,14.081331834197044,-122.27751475548094,37.76728112752839,-122.25,37.75
Robert W. Crown SMCA,1993-04-19,13.915066994726658,-122.27751475548094,37.76728112752839,-122.25,37.75
Robert W. Crown SMCA,1993-04-20,14.150914035737514,-122.27751475548094,37.76728112752839,-122.25,37.75
Robert W. Crown SMCA,1993-04-21,14.429975286126137,-122.27751475548094,37.76728112752839,-122.25,37.75
Robert W. Crown SMCA,1993-04-22,14.37797174602747,-122.27751475548094,37.76728112752839,-122.25,37.75
Robert W. Crown SMCA,1993-04-23,13.909207440912724,-122.27751475548094,37.76728112752839,-122.25,37.75
Robert W. Crown SMCA,1993-04-24,13.780297257006168,-122.27751475548094,37.76728112752839,-122.25,37.75
Robert W. Crown SMCA,1993-04-25,14.035920292139053,-122.27751475548094,37.76728112752839,-122.25,37.75
Robert W. Crown SMCA,1993-04-26,14.12454604357481,-122.27751475548094,37.76728112752839,-122.25,37.75
Robert W. Crown SMCA,1993-04-27,13.861598566174507,-122.27751475548094,37.76728112752839,-122.25,37.75
Robert W. Crown SMCA,1993-04-28,13.734153270721436,-122.27751475548094,37.76728112752839,-122.25,37.75
Robert W. Crown SMCA,1993-04-29,13.874050118029118,-122.27751475548094,37.76728112752839,-122.25,37.75
Robert W. Crown SMCA,1993-04-30,14.066682949662209,-122.27751475548094,37.76728112752839,-122.25,37.75
Robert W. Crown SMCA,1993-05-01,14.156041145324707,-122.27751475548094,37.76728112752839,-122.25,37.75
Robert W. Crown SMCA,1993-05-02,14.359660640358925,-122.27751475548094,37.76728112752839,-122.25,37.75
Robert W. Crown SMCA,1993-05-03,14.68486587703228,-122.27751475548094,37.76728112752839,-122.25,37.75
Robert W. Crown SMCA,1993-05-04,14.764702297747135,-122.27751475548094,37.76728112752839,-122.25,37.75
Robert W. Crown SMCA,1993-05-05,14.789605401456356,-122.27751475548094,37.76728112752839,-122.25,37.75
Robert W. Crown SMCA,1993-05-06,14.880428485572338,-122.27751475548094,37.76728112752839,-122.25,37.75
Robert W. Crown SMCA,1993-05-07,14.856257826089859,-122.27751475548094,37.76728112752839,-122.25,37.75
Robert W. Crown SMCA,1993-05-08,14.71782586723566,-122.27751475548094,37.76728112752839,-122.25,37.75
Robert W. Crown SMCA,1993-05-09,14.64384900033474,-122.27751475548094,37.76728112752839,-122.25,37.75
Robert W. Crown SMCA,1993-05-10,15.08990753442049,-122.27751475548094,37.76728112752839,-122.25,37.75
Robert W. Crown SMCA,1993-05-11,15.611407823860645,-122.27751475548094,37.76728112752839,-122.25,37.75
Robert W. Crown SMCA,1993-05-12,15.689779356122017,-122.27751475548094,37.76728112752839,-122.25,37.75
Robert W. Crown SMCA,1993-05-13,15.785729549825191,-122.27751475548094,37.76728112752839,-122.25,37.75
Robert W. Crown SMCA,1993-05-14,15.795983768999577,-122.27751475548094,37.76728112752839,-122.25,37.75
Robert W. Crown SMCA,1993-05-15,16.047944582998753,-122.27751475548094,37.76728112752839,-122.25,37.75
Robert W. Crown SMCA,1993-05-16,16.25522629916668,-122.27751475548094,37.76728112752839,-122.25,37.75
Robert W. Crown SMCA,1993-05-17,16.531357772648335,-122.27751475548094,37.76728112752839,-122.25,37.75
Robert W. Crown SMCA,1993-05-18,16.526963107287884,-122.27751475548094,37.76728112752839,-122.25,37.75
Robert W. Crown SMCA,1993-05-19,16.363628044724464,-122.27751475548094,37.76728112752839,-122.25,37.75
Robert W. Crown SMCA,1993-05-20,16.655140846967697,-122.27751475548094,37.76728112752839,-122.25,37.75
Robert W. Crown SMCA,1993-05-21,17.09460738301277,-122.27751475548094,37.76728112752839,-122.25,37.75
Robert W. Crown SMCA,1993-05-22,17.3018890991807,-122.27751475548094,37.76728112752839,-122.25,37.75
Robert W. Crown SMCA,1993-05-23,17.066774502396584,-122.27751475548094,37.76728112752839,-122.25,37.75
Robert W. Crown SMCA,1993-05-24,17.285042881965637,-122.27751475548094,37.76728112752839,-122.25,37.75
Robert W. Crown SMCA,1993-05-25,17.48719748854637,-122.27751475548094,37.76728112752839,-122.25,37.75
Robert W. Crown SMCA,1993-05-26,17.578020572662354,-122.27751475548094,37.76728112752839,-122.25,37.75
Robert W. Crown SMCA,1993-05-27,17.72011475265026,-122.27751475548094,37.76728112752839,-122.25,37.75
Robert W. Crown SMCA,1993-05-28,17.943510241806507,-122.27751475548094,37.76728112752839,-122.25,37.75
Robert W. Crown SMCA,1993-05-29,18.054109320044518,-122.27751475548094,37.76728112752839,-122.25,37.75
Robert W. Crown SMCA,1993-05-30,18.024811550974846,-122.27751475548094,37.76728112752839,-122.25,37.75
Robert W. Crown SMCA,1993-05-31,18.150791957974434,-122.27751475548094,37.76728112752839,-122.25,37.75
Robert W. Crown SMCA,1993-06-01,18.462813198566437,-122.27751475548094,37.76728112752839,-122.25,37.75
Robert W. Crown SMCA,1993-06-02,18.606372267007828,-122.27751475548094,37.76728112752839,-122.25,37.75
Robert W. Crown SMCA,1993-06-03,18.213049717247486,-122.27751475548094,37.76728112752839,-122.25,37.75
Robert W. Crown SMCA,1993-06-04,18.14127018302679,-122.27751475548094,37.76728112752839,-122.25,37.75
Robert W. Crown SMCA,1993-06-05,17.95669423788786,-122.27751475548094,37.76728112752839,-122.25,37.75
Robert W. Crown SMCA,1993-06-06,17.889309369027615,-122.27751475548094,37.76728112752839,-122.25,37.75
Robert W. Crown SMCA,1993-06-07,17.8504898250103,-122.27751475548094,37.76728112752839,-122.25,37.75
Robert W. Crown SMCA,1993-06-08,17.827051609754562,-122.27751475548094,37.76728112752839,-122.25,37.75
Robert W. Crown SMCA,1993-06-09,17.71498764306307,-122.27751475548094,37.76728112752839,-122.25,37.75
Robert W. Crown SMCA,1993-06-10,17.700338758528233,-122.27751475548094,37.76728112752839,-122.25,37.75
Robert W. Crown SMCA,1993-06-11,17.42567217350006,-122.27751475548094,37.76728112752839,-122.25,37.75
Robert W. Crown SMCA,1993-06-12,17.04553361982107,-122.27751475548094,37.76728112752839,-122.25,37.75
Robert W. Crown SMCA,1993-06-13,16.862422563135624,-122.27751475548094,37.76728112752839,-122.25,37.75
Robert W. Crown SMCA,1993-06-14,16.85290078818798,-122.27751475548094,37.76728112752839,-122.25,37.75
Robert W. Crown SMCA,1993-06-15,16.899777218699455,-122.27751475548094,37.76728112752839,-122.25,37.75
Robert W. Crown SMCA,1993-06-16,16.75841548293829,-122.27751475548094,37.76728112752839,-122.25,37.75
Robert W. Crown SMCA,1993-06-17,16.743766598403454,-122.27751475548094,37.76728112752839,-122.25,37.75
Robert W. Crown SMCA,1993-06-18,16.985473193228245,-122.27751475548094,37.76728112752839,-122.25,37.75
Robert W. Crown SMCA,1993-06-19,17.37220374494791,-122.27751475548094,37.76728112752839,-122.25,37.75
Robert W. Crown SMCA,1993-06-20,17.51942503452301,-122.27751475548094,37.76728112752839,-122.25,37.75
Robert W. Crown SMCA,1993-06-21,17.55238502472639,-122.27751475548094,37.76728112752839,-122.25,37.75
Robert W. Crown SMCA,1993-06-22,17.361217081546783,-122.27751475548094,37.76728112752839,-122.25,37.75
Robert W. Crown SMCA,1993-06-23,17.07702872157097,-122.27751475548094,37.76728112752839,-122.25,37.75
Robert W. Crown SMCA,1993-06-24,16.90197455137968,-122.27751475548094,37.76728112752839,-122.25,37.75
Robert W. Crown SMCA,1993-06-25,17.06164739280939,-122.27751475548094,37.76728112752839,-122.25,37.75
Robert W. Crown SMCA,1993-06-26,17.332651756703854,-122.27751475548094,37.76728112752839,-122.25,37.75
Robert W. Crown SMCA,1993-06-27,17.44984283298254,-122.27751475548094,37.76728112752839,-122.25,37.75
Robert W. Crown SMCA,1993-06-28,17.364879302680492,-122.27751475548094,37.76728112752839,-122.25,37.75
Robert W. Crown SMCA,1993-06-29,17.20447401702404,-122.27751475548094,37.76728112752839,-122.25,37.75
Robert W. Crown SMCA,1993-06-30,17.103396713733673,-122.27751475548094,37.76728112752839,-122.25,37.75
Robert W. Crown SMCA,1993-07-01,17.07336650043726,-122.27751475548094,37.76728112752839,-122.25,37.75
Robert W. Crown SMCA,1993-07-02,17.091677606105804,-122.27751475548094,37.76728112752839,-122.25,37.75
Robert W. Crown SMCA,1993-07-03,17.014770962297916,-122.27751475548094,37.76728112752839,-122.25,37.75
Robert W. Crown SMCA,1993-07-04,16.977416306734085,-122.27751475548094,37.76728112752839,-122.25,37.75
Robert W. Crown SMCA,1993-07-05,17.042603842914104,-122.27751475548094,37.76728112752839,-122.25,37.75
Robert W. Crown SMCA,1993-07-06,17.303353987634182,-122.27751475548094,37.76728112752839,-122.25,37.75
Robert W. Crown SMCA,1993-07-07,17.619037449359894,-122.27751475548094,37.76728112752839,-122.25,37.75
Robert W. Crown SMCA,1993-07-08,17.716452531516552,-122.27751475548094,37.76728112752839,-122.25,37.75
Robert W. Crown SMCA,1993-07-09,17.663716547191143,-122.27751475548094,37.76728112752839,-122.25,37.75
Robert W. Crown SMCA,1993-07-10,17.7120578661561,-122.27751475548094,37.76728112752839,-122.25,37.75
Robert W. Crown SMCA,1993-07-11,17.76406140625477,-122.27751475548094,37.76728112752839,-122.25,37.75
Robert W. Crown SMCA,1993-07-12,17.76039918512106,-122.27751475548094,37.76728112752839,-122.25,37.75
Robert W. Crown SMCA,1993-07-13,17.590472124516964,-122.27751475548094,37.76728112752839,-122.25,37.75
Robert W. Crown SMCA,1993-07-14,17.439588613808155,-122.27751475548094,37.76728112752839,-122.25,37.75
Robert W. Crown SMCA,1993-07-15,17.255745112895966,-122.27751475548094,37.76728112752839,-122.25,37.75
Robert W. Crown SMCA,1993-07-16,17.111453600227833,-122.27751475548094,37.76728112752839,-122.25,37.75
Robert W. Crown SMCA,1993-07-17,17.052125617861748,-122.27751475548094,37.76728112752839,-122.25,37.75
Robert W. Crown SMCA,1993-07-18,17.083620719611645,-122.27751475548094,37.76728112752839,-122.25,37.75
Robert W. Crown SMCA,1993-07-19,17.168584249913692,-122.27751475548094,37.76728112752839,-122.25,37.75
Robert W. Crown SMCA,1993-07-20,17.18762779980898,-122.27751475548094,37.76728112752839,-122.25,37.75
Robert W. Crown SMCA,1993-07-21,17.197882018983364,-122.27751475548094,37.76728112752839,-122.25,37.75
Robert W. Crown SMCA,1993-07-22,17.223517566919327,-122.27751475548094,37.76728112752839,-122.25,37.75
Robert W. Crown SMCA,1993-07-23,17.321665093302727,-122.27751475548094,37.76728112752839,-122.25,37.75
Robert W. Crown SMCA,1993-07-24,17.28138066083193,-122.27751475548094,37.76728112752839,-122.25,37.75
Robert W. Crown SMCA,1993-07-25,17.308481097221375,-122.27751475548094,37.76728112752839,-122.25,37.75
Robert W. Crown SMCA,1993-07-26,17.616107672452927,-122.27751475548094,37.76728112752839,-122.25,37.75
Robert W. Crown SMCA,1993-07-27,18.027741327881813,-122.27751475548094,37.76728112752839,-122.25,37.75
Robert W. Crown SMCA,1993-07-28,18.253334149718285,-122.27751475548094,37.76728112752839,-122.25,37.75
Robert W. Crown SMCA,1993-07-29,18.453291423618793,-122.27751475548094,37.76728112752839,-122.25,37.75
Robert W. Crown SMCA,1993-07-30,18.569750055670738,-122.27751475548094,37.76728112752839,-122.25,37.75
Robert W. Crown SMCA,1993-07-31,18.360271006822586,-122.27751475548094,37.76728112752839,-122.25,37.75
Robert W. Crown SMCA,1993-08-01,18.503097631037235,-122.27751475548094,37.76728112752839,-122.25,37.75
Robert W. Crown SMCA,1993-08-02,18.81218909472227,-122.27751475548094,37.76728112752839,-122.25,37.75
Robert W. Crown SMCA,1993-08-03,19.213568530976772,-122.27751475548094,37.76728112752839,-122.25,37.75
Robert W. Crown SMCA,1993-08-04,19.67134617269039,-122.27751475548094,37.76728112752839,-122.25,37.75
Robert W. Crown SMCA,1993-08-05,20.007538072764874,-122.27751475548094,37.76728112752839,-122.25,37.75
Robert W. Crown SMCA,1993-08-06,19.800256356596947,-122.27751475548094,37.76728112752839,-122.25,37.75
Robert W. Crown SMCA,1993-08-07,19.549027986824512,-122.27751475548094,37.76728112752839,-122.25,37.75
Robert W. Crown SMCA,1993-08-08,19.524857327342033,-122.27751475548094,37.76728112752839,-122.25,37.75
Robert W. Crown SMCA,1993-08-09,19.820032350718975,-122.27751475548094,37.76728112752839,-122.25,37.75
Robert W. Crown SMCA,1993-08-10,20.117404706776142,-122.27751475548094,37.76728112752839,-122.25,37.75
Robert W. Crown SMCA,1993-08-11,19.915250100195408,-122.27751475548094,37.76728112752839,-122.25,37.75
Robert W. Crown SMCA,1993-08-12,19.688192389905453,-122.27751475548094,37.76728112752839,-122.25,37.75
Robert W. Crown SMCA,1993-08-13,19.41352580487728,-122.27751475548094,37.76728112752839,-122.25,37.75
Robert W. Crown SMCA,1993-08-14,19.173284098505974,-122.27751475548094,37.76728112752839,-122.25,37.75
Robert W. Crown SMCA,1993-08-15,19.042176581919193,-122.27751475548094,37.76728112752839,-122.25,37.75
Robert W. Crown SMCA,1993-08-16,19.060487687587738,-122.27751475548094,37.76728112752839,-122.25,37.75
Robert W. Crown SMCA,1993-08-17,18.994567707180977,-122.27751475548094,37.76728112752839,-122.25,37.75
Robert W. Crown SMCA,1993-08-18,18.912533953785896,-122.27751475548094,37.76728112752839,-122.25,37.75
Robert W. Crown SMCA,1993-08-19,18.82390820235014,-122.27751475548094,37.76728112752839,-122.25,37.75
Robert W. Crown SMCA,1993-08-20,18.839289531111717,-122.27751475548094,37.76728112752839,-122.25,37.75
Robert W. Crown SMCA,1993-08-21,18.86565752327442,-122.27751475548094,37.76728112752839,-122.25,37.75
Robert W. Crown SMCA,1993-08-22,18.850276194512844,-122.27751475548094,37.76728112752839,-122.25,37.75
Robert W. Crown SMCA,1993-08-23,18.92205572873354,-122.27751475548094,37.76728112752839,-122.25,37.75
Robert W. Crown SMCA,1993-08-24,18.788018435239792,-122.27751475548094,37.76728112752839,-122.25,37.75
Robert W. Crown SMCA,1993-08-25,18.536790065467358,-122.27751475548094,37.76728112752839,-122.25,37.75
Robert W. Crown SMCA,1993-08-26,18.42252876609564,-122.27751475548094,37.76728112752839,-122.25,37.75
Robert W. Crown SMCA,1993-08-27,18.486983858048916,-122.27751475548094,37.76728112752839,-122.25,37.75
Robert W. Crown SMCA,1993-08-28,18.593920715153217,-122.27751475548094,37.76728112752839,-122.25,37.75
Robert W. Crown SMCA,1993-08-29,18.6935331299901,-122.27751475548094,37.76728112752839,-122.25,37.75
Robert W. Crown SMCA,1993-08-30,18.998229928314686,-122.27751475548094,37.76728112752839,-122.25,37.75
Robert W. Crown SMCA,1993-08-31,19.407666251063347,-122.27751475548094,37.76728112752839,-122.25,37.75
Robert W. Crown SMCA,1993-09-01,19.620075076818466,-122.27751475548094,37.76728112752839,-122.25,37.75
Robert W. Crown SMCA,1993-09-02,19.70723593980074,-122.27751475548094,37.76728112752839,-122.25,37.75
Robert W. Crown SMCA,1993-09-03,19.45747245848179,-122.27751475548094,37.76728112752839,-122.25,37.75
Robert W. Crown SMCA,1993-09-04,19.02459792047739,-122.27751475548094,37.76728112752839,-122.25,37.75
Robert W. Crown SMCA,1993-09-05,18.820978425443172,-122.27751475548094,37.76728112752839,-122.25,37.75
Robert W. Crown SMCA,1993-09-06,18.616626486182213,-122.27751475548094,37.76728112752839,-122.25,37.75
Robert W. Crown SMCA,1993-09-07,18.54191717505455,-122.27751475548094,37.76728112752839,-122.25,37.75
Robert W. Crown SMCA,1993-09-08,18.54557939618826,-122.27751475548094,37.76728112752839,-122.25,37.75
Robert W. Crown SMCA,1993-09-09,18.449629202485085,-122.27751475548094,37.76728112752839,-122.25,37.75
Robert W. Crown SMCA,1993-09-10,18.276772364974022,-122.27751475548094,37.76728112752839,-122.25,37.75
Robert W. Crown SMCA,1993-09-11,18.073152869939804,-122.27751475548094,37.76728112752839,-122.25,37.75
Robert W. Crown SMCA,1993-09-12,17.725241862237453,-122.27751475548094,37.76728112752839,-122.25,37.75
Robert W. Crown SMCA,1993-09-13,17.35169530659914,-122.27751475548094,37.76728112752839,-122.25,37.75
Robert W. Crown SMCA,1993-09-14,17.38831751793623,-122.27751475548094,37.76728112752839,-122.25,37.75
Robert W. Crown SMCA,1993-09-15,17.649067662656307,-122.27751475548094,37.76728112752839,-122.25,37.75
Robert W. Crown SMCA,1993-09-16,17.599261455237865,-122.27751475548094,37.76728112752839,-122.25,37.75
Robert W. Crown SMCA,1993-09-17,17.258674889802933,-122.27751475548094,37.76728112752839,-122.25,37.75
Robert W. Crown SMCA,1993-09-18,17.19641713052988,-122.27751475548094,37.76728112752839,-122.25,37.75
Robert W. Crown SMCA,1993-09-19,17.08142338693142,-122.27751475548094,37.76728112752839,-122.25,37.75
Robert W. Crown SMCA,1993-09-20,17.038209177553654,-122.27751475548094,37.76728112752839,-122.25,37.75
Robert W. Crown SMCA,1993-09-21,17.06091494858265,-122.27751475548094,37.76728112752839,-122.25,37.75
Robert W. Crown SMCA,1993-09-22,16.969359420239925,-122.27751475548094,37.76728112752839,-122.25,37.75
Robert W. Crown SMCA,1993-09-23,16.9092989936471,-122.27751475548094,37.76728112752839,-122.25,37.75
Robert W. Crown SMCA,1993-09-24,16.953245647251606,-122.27751475548094,37.76728112752839,-122.25,37.75
Robert W. Crown SMCA,1993-09-25,17.060182504355907,-122.27751475548094,37.76728112752839,-122.25,37.75
Robert W. Crown SMCA,1993-09-26,17.20007935166359,-122.27751475548094,37.76728112752839,-122.25,37.75
Robert W. Crown SMCA,1993-09-27,17.44618061184883,-122.27751475548094,37.76728112752839,-122.25,37.75
Robert W. Crown SMCA,1993-09-28,17.530411697924137,-122.27751475548094,37.76728112752839,-122.25,37.75
Robert W. Crown SMCA,1993-09-29,17.545793026685715,-122.27751475548094,37.76728112752839,-122.25,37.75
Robert W. Crown SMCA,1993-09-30,17.778710290789604,-122.27751475548094,37.76728112752839,-122.25,37.75
Robert W. Crown SMCA,1993-10-01,18.087069310247898,-122.27751475548094,37.76728112752839,-122.25,37.75
Robert W. Crown SMCA,1993-10-02,17.774315625429153,-122.27751475548094,37.76728112752839,-122.25,37.75
Robert W. Crown SMCA,1993-10-03,17.521622367203236,-122.27751475548094,37.76728112752839,-122.25,37.75
Robert W. Crown SMCA,1993-10-04,17.359019748866558,-122.27751475548094,37.76728112752839,-122.25,37.75
Robert W. Crown SMCA,1993-10-05,17.24915311485529,-122.27751475548094,37.76728112752839,-122.25,37.75
Robert W. Crown SMCA,1993-10-06,17.307748652994633,-122.27751475548094,37.76728112752839,-122.25,37.75
Robert W. Crown SMCA,1993-10-07,17.22425001114607,-122.27751475548094,37.76728112752839,-122.25,37.75
Robert W. Crown SMCA,1993-10-08,17.049928285181522,-122.27751475548094,37.76728112752839,-122.25,37.75
Robert W. Crown SMCA,1993-10-09,17.063112281262875,-122.27751475548094,37.76728112752839,-122.25,37.75
Robert W. Crown SMCA,1993-10-10,17.129032261669636,-122.27751475548094,37.76728112752839,-122.25,37.75
Robert W. Crown SMCA,1993-10-11,17.071901611983776,-122.27751475548094,37.76728112752839,-122.25,37.75
Robert W. Crown SMCA,1993-10-12,17.112186044454575,-122.27751475548094,37.76728112752839,-122.25,37.75
Robert W. Crown SMCA,1993-10-13,17.18762779980898,-122.27751475548094,37.76728112752839,-122.25,37.75
Robert W. Crown SMCA,1993-10-14,17.23303934186697,-122.27751475548094,37.76728112752839,-122.25,37.75
Robert W. Crown SMCA,1993-10-15,17.30262154340744,-122.27751475548094,37.76728112752839,-122.25,37.75
Robert W. Crown SMCA,1993-10-16,17.332651756703854,-122.27751475548094,37.76728112752839,-122.25,37.75
Robert W. Crown SMCA,1993-10-17,17.033814512193203,-122.27751475548094,37.76728112752839,-122.25,37.75
Robert W. Crown SMCA,1993-10-18,16.461775571107864,-122.27751475548094,37.76728112752839,-122.25,37.75
Robert W. Crown SMCA,1993-10-19,16.23032319545746,-122.27751475548094,37.76728112752839,-122.25,37.75
Robert W. Crown SMCA,1993-10-20,16.15268410742283,-122.27751475548094,37.76728112752839,-122.25,37.75
Robert W. Crown SMCA,1993-10-21,16.299172952771187,-122.27751475548094,37.76728112752839,-122.25,37.75
Robert W. Crown SMCA,1993-10-22,16.420026250183582,-122.27751475548094,37.76728112752839,-122.25,37.75
Robert W. Crown SMCA,1993-10-23,16.405377365648746,-122.27751475548094,37.76728112752839,-122.25,37.75
Robert W. Crown SMCA,1993-10-24,16.274269849061966,-122.27751475548094,37.76728112752839,-122.25,37.75
Robert W. Crown SMCA,1993-10-25,16.01864681392908,-122.27751475548094,37.76728112752839,-122.25,37.75
Robert W. Crown SMCA,1993-10-26,16.037690363824368,-122.27751475548094,37.76728112752839,-122.25,37.75
Robert W. Crown SMCA,1993-10-27,16.199560537934303,-122.27751475548094,37.76728112752839,-122.25,37.75
Robert W. Crown SMCA,1993-10-28,16.473494678735733,-122.27751475548094,37.76728112752839,-122.25,37.75
Robert W. Crown SMCA,1993-10-29,16.573107093572617,-122.27751475548094,37.76728112752839,-122.25,37.75
Robert W. Crown SMCA,1993-10-30,16.650013737380505,-122.27751475548094,37.76728112752839,-122.25,37.75
Robert W. Crown SMCA,1993-10-31,16.600207529962063,-122.27751475548094,37.76728112752839,-122.25,37.75
Robert W. Crown SMCA,1993-11-01,16.458845794200897,-122.27751475548094,37.76728112752839,-122.25,37.75
Robert W. Crown SMCA,1993-11-02,16.1241187825799,-122.27751475548094,37.76728112752839,-122.25,37.75
Robert W. Crown SMCA,1993-11-03,16.154148995876312,-122.27751475548094,37.76728112752839,-122.25,37.75
Robert W. Crown SMCA,1993-11-04,15.75203711539507,-122.27751475548094,37.76728112752839,-122.25,37.75
Robert W. Crown SMCA,1993-11-05,15.53157140314579,-122.27751475548094,37.76728112752839,-122.25,37.75
Robert W. Crown SMCA,1993-11-06,15.467116311192513,-122.27751475548094,37.76728112752839,-122.25,37.75
Robert W. Crown SMCA,1993-11-07,15.675862915813923,-122.27751475548094,37.76728112752839,-122.25,37.75
Robert W. Crown SMCA,1993-11-08,15.89559618383646,-122.27751475548094,37.76728112752839,-122.25,37.75
Robert W. Crown SMCA,1993-11-09,16.148289442062378,-122.27751475548094,37.76728112752839,-122.25,37.75
Robert W. Crown SMCA,1993-11-10,16.118991672992706,-122.27751475548094,37.76728112752839,-122.25,37.75
Robert W. Crown SMCA,1993-11-11,15.799645990133286,-122.27751475548094,37.76728112752839,-122.25,37.75
Robert W. Crown SMCA,1993-11-12,15.11847285926342,-122.27751475548094,37.76728112752839,-122.25,37.75
Robert W. Crown SMCA,1993-11-13,14.607959233224392,-122.27751475548094,37.76728112752839,-122.25,37.75
Robert W. Crown SMCA,1993-11-14,14.150914035737514,-122.27751475548094,37.76728112752839,-122.25,37.75
Robert W. Crown SMCA,1993-11-15,13.755394153296947,-122.27751475548094,37.76728112752839,-122.25,37.75
Robert W. Crown SMCA,1993-11-16,13.7195043861866,-122.27751475548094,37.76728112752839,-122.25,37.75
Robert W. Crown SMCA,1993-11-17,13.864528343081474,-122.27751475548094,37.76728112752839,-122.25,37.75
Robert W. Crown SMCA,1993-11-18,13.962675869464874,-122.27751475548094,37.76728112752839,-122.25,37.75
Robert W. Crown SMCA,1993-11-19,14.065218061208725,-122.27751475548094,37.76728112752839,-122.25,37.75
Robert W. Crown SMCA,1993-11-20,14.137730039656162,-122.27751475548094,37.76728112752839,-122.25,37.75
Robert W. Crown SMCA,1993-11-21,14.191930912435055,-122.27751475548094,37.76728112752839,-122.25,37.75
Robert W. Crown SMCA,1993-11-22,14.112826935946941,-122.27751475548094,37.76728112752839,-122.25,37.75
Robert W. Crown SMCA,1993-11-23,13.880642116069794,-122.27751475548094,37.76728112752839,-122.25,37.75
Robert W. Crown SMCA,1993-11-24,12.99584949016571,-122.27751475548094,37.76728112752839,-122.25,37.75
Robert W. Crown SMCA,1993-11-25,12.669911809265614,-122.27751475548094,37.76728112752839,-122.25,37.75
Robert W. Crown SMCA,1993-11-26,12.716788239777088,-122.27751475548094,37.76728112752839,-122.25,37.75
Robert W. Crown SMCA,1993-11-27,12.688222914934158,-122.27751475548094,37.76728112752839,-122.25,37.75
Robert W. Crown SMCA,1993-11-28,12.448713652789593,-122.27751475548094,37.76728112752839,-122.25,37.75
Robert W. Crown SMCA,1993-11-29,12.388653226196766,-122.27751475548094,37.76728112752839,-122.25,37.75
Robert W. Crown SMCA,1993-11-30,12.354228347539902,-122.27751475548094,37.76728112752839,-122.25,37.75
Robert W. Crown SMCA,1993-12-01,12.221655942499638,-122.27751475548094,37.76728112752839,-122.25,37.75
Robert W. Crown SMCA,1993-12-02,12.245094157755375,-122.27751475548094,37.76728112752839,-122.25,37.75
Robert W. Crown SMCA,1993-12-03,12.27146214991808,-122.27751475548094,37.76728112752839,-122.25,37.75
Robert W. Crown SMCA,1993-12-04,12.302957251667976,-122.27751475548094,37.76728112752839,-122.25,37.75
Robert W. Crown SMCA,1993-12-05,12.162327960133553,-122.27751475548094,37.76728112752839,-122.25,37.75
Robert W. Crown SMCA,1993-12-06,12.037079997360706,-122.27751475548094,37.76728112752839,-122.25,37.75
Robert W. Crown SMCA,1993-12-07,12.111056864261627,-122.27751475548094,37.76728112752839,-122.25,37.75
Robert W. Crown SMCA,1993-12-08,12.135227523744106,-122.27751475548094,37.76728112752839,-122.25,37.75
Robert W. Crown SMCA,1993-12-09,12.187231063842773,-122.27751475548094,37.76728112752839,-122.25,37.75
Robert W. Crown SMCA,1993-12-10,12.260475486516953,-122.27751475548094,37.76728112752839,-122.25,37.75
Robert W. Crown SMCA,1993-12-11,12.34104435145855,-122.27751475548094,37.76728112752839,-122.25,37.75
Robert W. Crown SMCA,1993-12-12,12.141819521784782,-122.27751475548094,37.76728112752839,-122.25,37.75
Robert W. Crown SMCA,1993-12-13,12.138157300651073,-122.27751475548094,37.76728112752839,-122.25,37.75
Robert W. Crown SMCA,1993-12-14,11.990936011075974,-122.27751475548094,37.76728112752839,-122.25,37.75
Robert W. Crown SMCA,1993-12-15,11.8056276217103,-122.27751475548094,37.76728112752839,-122.25,37.75
Robert W. Crown SMCA,1993-12-16,11.688436545431614,-122.27751475548094,37.76728112752839,-122.25,37.75
Robert W. Crown SMCA,1993-12-17,11.757286302745342,-122.27751475548094,37.76728112752839,-122.25,37.75
Robert W. Crown SMCA,1993-12-18,11.90743736922741,-122.27751475548094,37.76728112752839,-122.25,37.75
Robert W. Crown SMCA,1993-12-19,11.990203566849232,-122.27751475548094,37.76728112752839,-122.25,37.75
Robert W. Crown SMCA,1993-12-20,12.107394643127918,-122.27751475548094,37.76728112752839,-122.25,37.75
Robert W. Crown SMCA,1993-12-21,12.178441733121872,-122.27751475548094,37.76728112752839,-122.25,37.75
Robert W. Crown SMCA,1993-12-22,11.979216903448105,-122.27751475548094,37.76728112752839,-122.25,37.75
Robert W. Crown SMCA,1993-12-23,11.76461074501276,-122.27751475548094,37.76728112752839,-122.25,37.75
Robert W. Crown SMCA,1993-12-24,11.796105846762657,-122.27751475548094,37.76728112752839,-122.25,37.75
Robert W. Crown SMCA,1993-12-25,11.97335734963417,-122.27751475548094,37.76728112752839,-122.25,37.75
Robert W. Crown SMCA,1993-12-26,12.07150487601757,-122.27751475548094,37.76728112752839,-122.25,37.75
Robert W. Crown SMCA,1993-12-27,11.982146680355072,-122.27751475548094,37.76728112752839,-122.25,37.75
Robert W. Crown SMCA,1993-12-28,11.951384022831917,-122.27751475548094,37.76728112752839,-122.25,37.75
Robert W. Crown SMCA,1993-12-29,12.026825778186321,-122.27751475548094,37.76728112752839,-122.25,37.75
Robert W. Crown SMCA,1993-12-30,12.089815981686115,-122.27751475548094,37.76728112752839,-122.25,37.75
Robert W. Crown SMCA,1993-12-31,12.115451529622078,-122.27751475548094,37.76728112752839,-122.25,37.75
Robert W. Crown SMCA,1994-01-01,12.127170637249947,-122.27751475548094,37.76728112752839,-122.25,37.75
Robert W. Crown SMCA,1994-01-02,12.188695952296257,-122.27751475548094,37.76728112752839,-122.25,37.75
Robert W. Crown SMCA,1994-01-03,12.32053591310978,-122.27751475548094,37.76728112752839,-122.25,37.75
Robert W. Crown SMCA,1994-01-04,12.338847018778324,-122.27751475548094,37.76728112752839,-122.25,37.75
Robert W. Crown SMCA,1994-01-05,12.182836398482323,-122.27751475548094,37.76728112752839,-122.25,37.75
Robert W. Crown SMCA,1994-01-06,11.77706229686737,-122.27751475548094,37.76728112752839,-122.25,37.75
Robert W. Crown SMCA,1994-01-07,11.742637418210506,-122.27751475548094,37.76728112752839,-122.25,37.75
Robert W. Crown SMCA,1994-01-08,11.845912054181099,-122.27751475548094,37.76728112752839,-122.25,37.75
Robert W. Crown SMCA,1994-01-09,11.647419668734074,-122.27751475548094,37.76728112752839,-122.25,37.75
Robert W. Crown SMCA,1994-01-10,11.47383038699627,-122.27751475548094,37.76728112752839,-122.25,37.75
Robert W. Crown SMCA,1994-01-11,11.52729881554842,-122.27751475548094,37.76728112752839,-122.25,37.75
Robert W. Crown SMCA,1994-01-12,11.526566371321678,-122.27751475548094,37.76728112752839,-122.25,37.75
Robert W. Crown SMCA,1994-01-13,11.73604542016983,-122.27751475548094,37.76728112752839,-122.25,37.75
Robert W. Crown SMCA,1994-01-14,12.088351093232632,-122.27751475548094,37.76728112752839,-122.25,37.75
Robert W. Crown SMCA,1994-01-15,12.13669241219759,-122.27751475548094,37.76728112752839,-122.25,37.75
Robert W. Crown SMCA,1994-01-16,11.733115643262863,-122.27751475548094,37.76728112752839,-122.25,37.75
Robert W. Crown SMCA,1994-01-17,11.775597408413887,-122.27751475548094,37.76728112752839,-122.25,37.75
Robert W. Crown SMCA,1994-01-18,12.203344836831093,-122.27751475548094,37.76728112752839,-122.25,37.75
Robert W. Crown SMCA,1994-01-19,12.539536736905575,-122.27751475548094,37.76728112752839,-122.25,37.75
Robert W. Crown SMCA,1994-01-20,12.609118938446045,-122.27751475548094,37.76728112752839,-122.25,37.75
Robert W. Crown SMCA,1994-01-21,12.14474929869175,-122.27751475548094,37.76728112752839,-122.25,37.75
Robert W. Crown SMCA,1994-01-22,12.00558489561081,-122.27751475548094,37.76728112752839,-122.25,37.75
Robert W. Crown SMCA,1994-01-23,12.036347553133965,-122.27751475548094,37.76728112752839,-122.25,37.75
Robert W. Crown SMCA,1994-01-24,12.010712005198002,-122.27751475548094,37.76728112752839,-122.25,37.75
Robert W. Crown SMCA,1994-01-25,11.863490715622902,-122.27751475548094,37.76728112752839,-122.25,37.75
Robert W. Crown SMCA,1994-01-26,11.76461074501276,-122.27751475548094,37.76728112752839,-122.25,37.75
Robert W. Crown SMCA,1994-01-27,11.695760987699032,-122.27751475548094,37.76728112752839,-122.25,37.75
Robert W. Crown SMCA,1994-01-28,11.6093325689435,-122.27751475548094,37.76728112752839,-122.25,37.75
Robert W. Crown SMCA,1994-01-29,11.848109386861324,-122.27751475548094,37.76728112752839,-122.25,37.75
Robert W. Crown SMCA,1994-01-30,12.121311083436012,-122.27751475548094,37.76728112752839,-122.25,37.75
Robert W. Crown SMCA,1994-01-31,12.202612392604351,-122.27751475548094,37.76728112752839,-122.25,37.75
Robert W. Crown SMCA,1994-02-01,12.490462973713875,-122.27751475548094,37.76728112752839,-122.25,37.75
Robert W. Crown SMCA,1994-02-02,12.60325938463211,-122.27751475548094,37.76728112752839,-122.25,37.75
Robert W. Crown SMCA,1994-02-03,12.680166028439999,-122.27751475548094,37.76728112752839,-122.25,37.75
Robert W. Crown SMCA,1994-02-04,12.707998909056187,-122.27751475548094,37.76728112752839,-122.25,37.75
Robert W. Crown SMCA,1994-02-05,12.808343768119812,-122.27751475548094,37.76728112752839,-122.25,37.75
Robert W. Crown SMCA,1994-02-06,12.401837222278118,-122.27751475548094,37.76728112752839,-122.25,37.75
Robert W. Crown SMCA,1994-02-07,12.122043527662754,-122.27751475548094,37.76728112752839,-122.25,37.75
Robert W. Crown SMCA,1994-02-08,11.98947112262249,-122.27751475548094,37.76728112752839,-122.25,37.75
Robert W. Crown SMCA,1994-02-09,11.685506768524647,-122.27751475548094,37.76728112752839,-122.25,37.75
Robert W. Crown SMCA,1994-02-10,11.799768067896366,-122.27751475548094,37.76728112752839,-122.25,37.75
Robert W. Crown SMCA,1994-02-11,11.681844547390938,-122.27751475548094,37.76728112752839,-122.25,37.75
Robert W. Crown SMCA,1994-02-12,11.599810793995857,-122.27751475548094,37.76728112752839,-122.25,37.75
Robert W. Crown SMCA,1994-02-13,11.860560938715935,-122.27751475548094,37.76728112752839,-122.25,37.75
Robert W. Crown SMCA,1994-02-14,12.180639065802097,-122.27751475548094,37.76728112752839,-122.25,37.75
Robert W. Crown SMCA,1994-02-15,12.430402547121048,-122.27751475548094,37.76728112752839,-122.25,37.75
Robert W. Crown SMCA,1994-02-16,12.33738213032484,-122.27751475548094,37.76728112752839,-122.25,37.75
Robert W. Crown SMCA,1994-02-17,12.066377766430378,-122.27751475548094,37.76728112752839,-122.25,37.75
Robert W. Crown SMCA,1994-02-18,11.934537805616856,-122.27751475548094,37.76728112752839,-122.25,37.75
Robert W. Crown SMCA,1994-02-19,11.902310259640217,-122.27751475548094,37.76728112752839,-122.25,37.75
Robert W. Crown SMCA,1994-02-20,11.69942320883274,-122.27751475548094,37.76728112752839,-122.25,37.75
Robert W. Crown SMCA,1994-02-21,11.755088970065117,-122.27751475548094,37.76728112752839,-122.25,37.75
Robert W. Crown SMCA,1994-02-22,11.751426748931408,-122.27751475548094,37.76728112752839,-122.25,37.75
Robert W. Crown SMCA,1994-02-23,11.856166273355484,-122.27751475548094,37.76728112752839,-122.25,37.75
Robert W. Crown SMCA,1994-02-24,12.050263993442059,-122.27751475548094,37.76728112752839,-122.25,37.75
Robert W. Crown SMCA,1994-02-25,12.324198134243488,-122.27751475548094,37.76728112752839,-122.25,37.75
Robert W. Crown SMCA,1994-02-26,12.498519860208035,-122.27751475548094,37.76728112752839,-122.25,37.75
Robert W. Crown SMCA,1994-02-27,12.669911809265614,-122.27751475548094,37.76728112752839,-122.25,37.75
Robert W. Crown SMCA,1994-02-28,12.883785523474216,-122.27751475548094,37.76728112752839,-122.25,37.75
Robert W. Crown SMCA,1994-03-01,13.160649441182613,-122.27751475548094,37.76728112752839,-122.25,37.75
Robert W. Crown SMCA,1994-03-02,13.52760399878025,-122.27751475548094,37.76728112752839,-122.25,37.75
Robert W. Crown SMCA,1994-03-03,13.827173687517643,-122.27751475548094,37.76728112752839,-122.25,37.75
Robert W. Crown SMCA,1994-03-04,14.086458943784237,-122.27751475548094,37.76728112752839,-122.25,37.75
Robert W. Crown SMCA,1994-03-05,14.256386004388332,-122.27751475548094,37.76728112752839,-122.25,37.75
Robert W. Crown SMCA,1994-03-06,14.066682949662209,-122.27751475548094,37.76728112752839,-122.25,37.75
Robert W. Crown SMCA,1994-03-07,14.07986694574356,-122.27751475548094,37.76728112752839,-122.25,37.75
Robert W. Crown SMCA,1994-03-08,14.289345994591713,-122.27751475548094,37.76728112752839,-122.25,37.75
Robert W. Crown SMCA,1994-03-09,14.662160106003284,-122.27751475548094,37.76728112752839,-122.25,37.75
Robert W. Crown SMCA,1994-03-10,14.862849824130535,-122.27751475548094,37.76728112752839,-122.25,37.75
Robert W. Crown SMCA,1994-03-11,14.514938816428185,-122.27751475548094,37.76728112752839,-122.25,37.75
Robert W. Crown SMCA,1994-03-12,14.38236641138792,-122.27751475548094,37.76728112752839,-122.25,37.75
Robert W. Crown SMCA,1994-03-13,14.695852540433407,-122.27751475548094,37.76728112752839,-122.25,37.75
Robert W. Crown SMCA,1994-03-14,15.13092441111803,-122.27751475548094,37.76728112752839,-122.25,37.75
Robert W. Crown SMCA,1994-03-15,15.423169657588005,-122.27751475548094,37.76728112752839,-122.25,37.75
Robert W. Crown SMCA,1994-03-16,15.56453139334917,-122.27751475548094,37.76728112752839,-122.25,37.75
Robert W. Crown SMCA,1994-03-17,15.570390947163105,-122.27751475548094,37.76728112752839,-122.25,37.75
Robert W. Crown SMCA,1994-03-18,15.517654962837696,-122.27751475548094,37.76728112752839,-122.25,37.75
Robert W. Crown SMCA,1994-03-19,15.309640802443027,-122.27751475548094,37.76728112752839,-122.25,37.75
Robert W. Crown SMCA,1994-03-20,14.568407244980335,-122.27751475548094,37.76728112752839,-122.25,37.75
Robert W. Crown SMCA,1994-03-21,14.445356614887714,-122.27751475548094,37.76728112752839,-122.25,37.75
Robert W. Crown SMCA,1994-03-22,14.187536247074604,-122.27751475548094,37.76728112752839,-122.25,37.75
Robert W. Crown SMCA,1994-03-23,13.867458119988441,-122.27751475548094,37.76728112752839,-122.25,37.75
Robert W. Crown SMCA,1994-03-24,13.626483969390392,-122.27751475548094,37.76728112752839,-122.25,37.75
Robert W. Crown SMCA,1994-03-25,13.72756127268076,-122.27751475548094,37.76728112752839,-122.25,37.75
Robert W. Crown SMCA,1994-03-26,14.199987798929214,-122.27751475548094,37.76728112752839,-122.25,37.75
Robert W. Crown SMCA,1994-03-27,14.48051393777132,-122.27751475548094,37.76728112752839,-122.25,37.75
Robert W. Crown SMCA,1994-03-28,14.82769250124693,-122.27751475548094,37.76728112752839,-122.25,37.75
Robert W. Crown SMCA,1994-03-29,14.954405352473259,-122.27751475548094,37.76728112752839,-122.25,37.75
Robert W. Crown SMCA,1994-03-30,15.114810638129711,-122.27751475548094,37.76728112752839,-122.25,37.75
Robert W. Crown SMCA,1994-03-31,14.911191143095493,-122.27751475548094,37.76728112752839,-122.25,37.75
Robert W. Crown SMCA,1994-04-01,14.580126352608204,-122.27751475548094,37.76728112752839,-122.25,37.75
Robert W. Crown SMCA,1994-04-02,14.50102237612009,-122.27751475548094,37.76728112752839,-122.25,37.75
Robert W. Crown SMCA,1994-04-03,14.331095315515995,-122.27751475548094,37.76728112752839,-122.25,37.75
Robert W. Crown SMCA,1994-04-04,14.027863405644894,-122.27751475548094,37.76728112752839,-122.25,37.75
Robert W. Crown SMCA,1994-04-05,13.757591485977173,-122.27751475548094,37.76728112752839,-122.25,37.75
Robert W. Crown SMCA,1994-04-06,13.614764861762524,-122.27751475548094,37.76728112752839,-122.25,37.75
Robert W. Crown SMCA,1994-04-07,13.542252883315086,-122.27751475548094,37.76728112752839,-122.25,37.75
Robert W. Crown SMCA,1994-04-08,13.542252883315086,-122.27751475548094,37.76728112752839,-122.25,37.75
Robert W. Crown SMCA,1994-04-09,13.326181836426258,-122.27751475548094,37.76728112752839,-122.25,37.75
Robert W. Crown SMCA,1994-04-10,13.181890323758125,-122.27751475548094,37.76728112752839,-122.25,37.75
Robert W. Crown SMCA,1994-04-11,13.103518791496754,-122.27751475548094,37.76728112752839,-122.25,37.75
Robert W. Crown SMCA,1994-04-12,13.341563165187836,-122.27751475548094,37.76728112752839,-122.25,37.75
Robert W. Crown SMCA,1994-04-13,13.348155163228512,-122.27751475548094,37.76728112752839,-122.25,37.75
Robert W. Crown SMCA,1994-04-14,13.340098276734352,-122.27751475548094,37.76728112752839,-122.25,37.75
Robert W. Crown SMCA,1994-04-15,13.406018257141113,-122.27751475548094,37.76728112752839,-122.25,37.75
Robert W. Crown SMCA,1994-04-16,13.811059914529324,-122.27751475548094,37.76728112752839,-122.25,37.75
Robert W. Crown SMCA,1994-04-17,14.260048225522041,-122.27751475548094,37.76728112752839,-122.25,37.75
Robert W. Crown SMCA,1994-04-18,14.741264082491398,-122.27751475548094,37.76728112752839,-122.25,37.75
Robert W. Crown SMCA,1994-04-19,15.024719998240471,-122.27751475548094,37.76728112752839,-122.25,37.75
Robert W. Crown SMCA,1994-04-20,15.038636438548565,-122.27751475548094,37.76728112752839,-122.25,37.75
Robert W. Crown SMCA,1994-04-21,14.93829157948494,-122.27751475548094,37.76728112752839,-122.25,37.75
Robert W. Crown SMCA,1994-04-22,14.98370312154293,-122.27751475548094,37.76728112752839,-122.25,37.75
Robert W. Crown SMCA,1994-04-23,15.022522665560246,-122.27751475548094,37.76728112752839,-122.25,37.75
Robert W. Crown SMCA,1994-04-24,14.546433918178082,-122.27751475548094,37.76728112752839,-122.25,37.75
Robert W. Crown SMCA,1994-04-25,14.335489980876446,-122.27751475548094,37.76728112752839,-122.25,37.75
Robert W. Crown SMCA,1994-04-26,14.076937168836594,-122.27751475548094,37.76728112752839,-122.25,37.75
Robert W. Crown SMCA,1994-04-27,13.818384356796741,-122.27751475548094,37.76728112752839,-122.25,37.75
Robert W. Crown SMCA,1994-04-28,13.718039497733116,-122.27751475548094,37.76728112752839,-122.25,37.75
Robert W. Crown SMCA,1994-04-29,13.847682125866413,-122.27751475548094,37.76728112752839,-122.25,37.75
Robert W. Crown SMCA,1994-04-30,13.868190564215183,-122.27751475548094,37.76728112752839,-122.25,37.75
Robert W. Crown SMCA,1994-05-01,13.87112034112215,-122.27751475548094,37.76728112752839,-122.25,37.75
Robert W. Crown SMCA,1994-05-02,13.879909671843052,-122.27751475548094,37.76728112752839,-122.25,37.75
Robert W. Crown SMCA,1994-05-03,14.060090951621532,-122.27751475548094,37.76728112752839,-122.25,37.75
Robert W. Crown SMCA,1994-05-04,14.397015295922756,-122.27751475548094,37.76728112752839,-122.25,37.75
Robert W. Crown SMCA,1994-05-05,14.791802734136581,-122.27751475548094,37.76728112752839,-122.25,37.75
Robert W. Crown SMCA,1994-05-06,15.22101505100727,-122.27751475548094,37.76728112752839,-122.25,37.75
Robert W. Crown SMCA,1994-05-07,15.61360515654087,-122.27751475548094,37.76728112752839,-122.25,37.75
Robert W. Crown SMCA,1994-05-08,15.749839782714844,-122.27751475548094,37.76728112752839,-122.25,37.75
Robert W. Crown SMCA,1994-05-09,15.924893952906132,-122.27751475548094,37.76728112752839,-122.25,37.75
Robert W. Crown SMCA,1994-05-10,15.91976684331894,-122.27751475548094,37.76728112752839,-122.25,37.75
Robert W. Crown SMCA,1994-05-11,15.665608696639538,-122.27751475548094,37.76728112752839,-122.25,37.75
Robert W. Crown SMCA,1994-05-12,15.570390947163105,-122.27751475548094,37.76728112752839,-122.25,37.75
Robert W. Crown SMCA,1994-05-13,15.344065681099892,-122.27751475548094,37.76728112752839,-122.25,37.75
Robert W. Crown SMCA,1994-05-14,15.201971501111984,-122.27751475548094,37.76728112752839,-122.25,37.75
Robert W. Crown SMCA,1994-05-15,15.242988377809525,-122.27751475548094,37.76728112752839,-122.25,37.75
Robert W. Crown SMCA,1994-05-16,15.228339493274689,-122.27751475548094,37.76728112752839,-122.25,37.75
Robert W. Crown SMCA,1994-05-17,15.303781248629093,-122.27751475548094,37.76728112752839,-122.25,37.75
Robert W. Crown SMCA,1994-05-18,15.136783964931965,-122.27751475548094,37.76728112752839,-122.25,37.75
Robert W. Crown SMCA,1994-05-19,15.231269270181656,-122.27751475548094,37.76728112752839,-122.25,37.75
Robert W. Crown SMCA,1994-05-20,15.461256757378578,-122.27751475548094,37.76728112752839,-122.25,37.75
Robert W. Crown SMCA,1994-05-21,15.67073580622673,-122.27751475548094,37.76728112752839,-122.25,37.75
Robert W. Crown SMCA,1994-05-22,15.872157968580723,-122.27751475548094,37.76728112752839,-122.25,37.75
Robert W. Crown SMCA,1994-05-23,16.07211524248123,-122.27751475548094,37.76728112752839,-122.25,37.75
Robert W. Crown SMCA,1994-05-24,16.225928530097008,-122.27751475548094,37.76728112752839,-122.25,37.75
Robert W. Crown SMCA,1994-05-25,16.278664514422417,-122.27751475548094,37.76728112752839,-122.25,37.75
Robert W. Crown SMCA,1994-05-26,16.134373001754284,-122.27751475548094,37.76728112752839,-122.25,37.75
Robert W. Crown SMCA,1994-05-27,15.869960635900497,-122.27751475548094,37.76728112752839,-122.25,37.75
Robert W. Crown SMCA,1994-05-28,15.775475330650806,-122.27751475548094,37.76728112752839,-122.25,37.75
Robert W. Crown SMCA,1994-05-29,15.808435320854187,-122.27751475548094,37.76728112752839,-122.25,37.75
Robert W. Crown SMCA,1994-05-30,15.935148172080517,-122.27751475548094,37.76728112752839,-122.25,37.75
Robert W. Crown SMCA,1994-05-31,16.302102729678154,-122.27751475548094,37.76728112752839,-122.25,37.75
Robert W. Crown SMCA,1994-06-01,16.60313730686903,-122.27751475548094,37.76728112752839,-122.25,37.75
Robert W. Crown SMCA,1994-06-02,16.346781827509403,-122.27751475548094,37.76728112752839,-122.25,37.75
Robert W. Crown SMCA,1994-06-03,16.335795164108276,-122.27751475548094,37.76728112752839,-122.25,37.75
Robert W. Crown SMCA,1994-06-04,16.642689295113087,-122.27751475548094,37.76728112752839,-122.25,37.75
Robert W. Crown SMCA,1994-06-05,16.953978091478348,-122.27751475548094,37.76728112752839,-122.25,37.75
Robert W. Crown SMCA,1994-06-06,17.140751369297504,-122.27751475548094,37.76728112752839,-122.25,37.75
Robert W. Crown SMCA,1994-06-07,16.765739925205708,-122.27751475548094,37.76728112752839,-122.25,37.75
Robert W. Crown SMCA,1994-06-08,16.663197733461857,-122.27751475548094,37.76728112752839,-122.25,37.75
Robert W. Crown SMCA,1994-06-09,16.559923097491264,-122.27751475548094,37.76728112752839,-122.25,37.75
Robert W. Crown SMCA,1994-06-10,16.543809324502945,-122.27751475548094,37.76728112752839,-122.25,37.75
Robert W. Crown SMCA,1994-06-11,16.624378189444542,-122.27751475548094,37.76728112752839,-122.25,37.75
Robert W. Crown SMCA,1994-06-12,16.61925107985735,-122.27751475548094,37.76728112752839,-122.25,37.75
Robert W. Crown SMCA,1994-06-13,16.573107093572617,-122.27751475548094,37.76728112752839,-122.25,37.75
Robert W. Crown SMCA,1994-06-14,16.36582537740469,-122.27751475548094,37.76728112752839,-122.25,37.75
Robert W. Crown SMCA,1994-06-15,15.983489491045475,-122.27751475548094,37.76728112752839,-122.25,37.75
Robert W. Crown SMCA,1994-06-16,15.804773099720478,-122.27751475548094,37.76728112752839,-122.25,37.75
Robert W. Crown SMCA,1994-06-17,15.765221111476421,-122.27751475548094,37.76728112752839,-122.25,37.75
Robert W. Crown SMCA,1994-06-18,15.741050451993942,-122.27751475548094,37.76728112752839,-122.25,37.75
Robert W. Crown SMCA,1994-06-19,15.779137551784515,-122.27751475548094,37.76728112752839,-122.25,37.75
Robert W. Crown SMCA,1994-06-20,15.898525960743427,-122.27751475548094,37.76728112752839,-122.25,37.75
Robert W. Crown SMCA,1994-06-21,15.991546377539635,-122.27751475548094,37.76728112752839,-122.25,37.75
Robert W. Crown SMCA,1994-06-22,16.053071692585945,-122.27751475548094,37.76728112752839,-122.25,37.75
Robert W. Crown SMCA,1994-06-23,16.0750450193882,-122.27751475548094,37.76728112752839,-122.25,37.75
Robert W. Crown SMCA,1994-06-24,16.0347605869174,-122.27751475548094,37.76728112752839,-122.25,37.75
Robert W. Crown SMCA,1994-06-25,15.926358841359615,-122.27751475548094,37.76728112752839,-122.25,37.75
Robert W. Crown SMCA,1994-06-26,15.874355301260948,-122.27751475548094,37.76728112752839,-122.25,37.75
Robert W. Crown SMCA,1994-06-27,15.878749966621399,-122.27751475548094,37.76728112752839,-122.25,37.75
Robert W. Crown SMCA,1994-06-28,15.986419267952442,-122.27751475548094,37.76728112752839,-122.25,37.75
Robert W. Crown SMCA,1994-06-29,16.068453021347523,-122.27751475548094,37.76728112752839,-122.25,37.75
Robert W. Crown SMCA,1994-06-30,16.10800500959158,-122.27751475548094,37.76728112752839,-122.25,37.75
Robert W. Crown SMCA,1994-07-01,16.13217566907406,-122.27751475548094,37.76728112752839,-122.25,37.75
Robert W. Crown SMCA,1994-07-02,16.205420091748238,-122.27751475548094,37.76728112752839,-122.25,37.75
Robert W. Crown SMCA,1994-07-03,16.22666097432375,-122.27751475548094,37.76728112752839,-122.25,37.75
Robert W. Crown SMCA,1994-07-04,16.225928530097008,-122.27751475548094,37.76728112752839,-122.25,37.75
Robert W. Crown SMCA,1994-07-05,16.17758721113205,-122.27751475548094,37.76728112752839,-122.25,37.75
Robert W. Crown SMCA,1994-07-06,16.252296522259712,-122.27751475548094,37.76728112752839,-122.25,37.75
Robert W. Crown SMCA,1994-07-07,16.499130226671696,-122.27751475548094,37.76728112752839,-122.25,37.75
Robert W. Crown SMCA,1994-07-08,16.604602195322514,-122.27751475548094,37.76728112752839,-122.25,37.75
Robert W. Crown SMCA,1994-07-09,16.73863948881626,-122.27751475548094,37.76728112752839,-122.25,37.75
Robert W. Crown SMCA,1994-07-10,16.870479449629784,-122.27751475548094,37.76728112752839,-122.25,37.75
Robert W. Crown SMCA,1994-07-11,17.063844725489616,-122.27751475548094,37.76728112752839,-122.25,37.75
Robert W. Crown SMCA,1994-07-12,17.016968294978142,-122.27751475548094,37.76728112752839,-122.25,37.75
Robert W. Crown SMCA,1994-07-13,16.924680322408676,-122.27751475548094,37.76728112752839,-122.25,37.75
Robert W. Crown SMCA,1994-07-14,16.83971679210663,-122.27751475548094,37.76728112752839,-122.25,37.75
Robert W. Crown SMCA,1994-07-15,16.797967471182346,-122.27751475548094,37.76728112752839,-122.25,37.75
Robert W. Crown SMCA,1994-07-16,16.85290078818798,-122.27751475548094,37.76728112752839,-122.25,37.75
Robert W. Crown SMCA,1994-07-17,17.191290020942688,-122.27751475548094,37.76728112752839,-122.25,37.75
Robert W. Crown SMCA,1994-07-18,17.639545887708664,-122.27751475548094,37.76728112752839,-122.25,37.75
Robert W. Crown SMCA,1994-07-19,17.979400008916855,-122.27751475548094,37.76728112752839,-122.25,37.75
Robert W. Crown SMCA,1994-07-20,18.244544818997383,-122.27751475548094,37.76728112752839,-122.25,37.75
Robert W. Crown SMCA,1994-07-21,18.266518145799637,-122.27751475548094,37.76728112752839,-122.25,37.75
Robert W. Crown SMCA,1994-07-22,18.24747459590435,-122.27751475548094,37.76728112752839,-122.25,37.75
Robert W. Crown SMCA,1994-07-23,18.361003451049328,-122.27751475548094,37.76728112752839,-122.25,37.75
Robert W. Crown SMCA,1994-07-24,18.489913634955883,-122.27751475548094,37.76728112752839,-122.25,37.75
Robert W. Crown SMCA,1994-07-25,18.565355390310287,-122.27751475548094,37.76728112752839,-122.25,37.75
Robert W. Crown SMCA,1994-07-26,18.22257149219513,-122.27751475548094,37.76728112752839,-122.25,37.75
Robert W. Crown SMCA,1994-07-27,17.979400008916855,-122.27751475548094,37.76728112752839,-122.25,37.75
Robert W. Crown SMCA,1994-07-28,17.865138709545135,-122.27751475548094,37.76728112752839,-122.25,37.75
Robert W. Crown SMCA,1994-07-29,17.762596517801285,-122.27751475548094,37.76728112752839,-122.25,37.75
Robert W. Crown SMCA,1994-07-30,17.738425858318806,-122.27751475548094,37.76728112752839,-122.25,37.75
Robert W. Crown SMCA,1994-07-31,17.751609854400158,-122.27751475548094,37.76728112752839,-122.25,37.75
Robert W. Crown SMCA,1994-08-01,17.857814267277718,-122.27751475548094,37.76728112752839,-122.25,37.75
Robert W. Crown SMCA,1994-08-02,17.958891570568085,-122.27751475548094,37.76728112752839,-122.25,37.75
Robert W. Crown SMCA,1994-08-03,18.053376875817776,-122.27751475548094,37.76728112752839,-122.25,37.75
Robert W. Crown SMCA,1994-08-04,18.077547535300255,-122.27751475548094,37.76728112752839,-122.25,37.75
Robert W. Crown SMCA,1994-08-05,18.01382488757372,-122.27751475548094,37.76728112752839,-122.25,37.75
Robert W. Crown SMCA,1994-08-06,17.9574266821146,-122.27751475548094,37.76728112752839,-122.25,37.75
Robert W. Crown SMCA,1994-08-07,17.97280801087618,-122.27751475548094,37.76728112752839,-122.25,37.75
Robert W. Crown SMCA,1994-08-08,17.982329785823822,-122.27751475548094,37.76728112752839,-122.25,37.75
Robert W. Crown SMCA,1994-08-09,18.011627554893494,-122.27751475548094,37.76728112752839,-122.25,37.75
Robert W. Crown SMCA,1994-08-10,18.1449324041605,-122.27751475548094,37.76728112752839,-122.25,37.75
Robert W. Crown SMCA,1994-08-11,18.27237769961357,-122.27751475548094,37.76728112752839,-122.25,37.75
Robert W. Crown SMCA,1994-08-12,18.360271006822586,-122.27751475548094,37.76728112752839,-122.25,37.75
Robert W. Crown SMCA,1994-08-13,18.44303720444441,-122.27751475548094,37.76728112752839,-122.25,37.75
Robert W. Crown SMCA,1994-08-14,18.560228280723095,-122.27751475548094,37.76728112752839,-122.25,37.75
Robert W. Crown SMCA,1994-08-15,18.649586476385593,-122.27751475548094,37.76728112752839,-122.25,37.75
Robert W. Crown SMCA,1994-08-16,18.666432693600655,-122.27751475548094,37.76728112752839,-122.25,37.75
Robert W. Crown SMCA,1994-08-17,18.66863002628088,-122.27751475548094,37.76728112752839,-122.25,37.75
Robert W. Crown SMCA,1994-08-18,18.700125128030777,-122.27751475548094,37.76728112752839,-122.25,37.75
Robert W. Crown SMCA,1994-08-19,18.69792779535055,-122.27751475548094,37.76728112752839,-122.25,37.75
Robert W. Crown SMCA,1994-08-20,18.614429153501987,-122.27751475548094,37.76728112752839,-122.25,37.75
Robert W. Crown SMCA,1994-08-21,18.491378523409367,-122.27751475548094,37.76728112752839,-122.25,37.75
Robert W. Crown SMCA,1994-08-22,18.42692343145609,-122.27751475548094,37.76728112752839,-122.25,37.75
Robert W. Crown SMCA,1994-08-23,18.43131809681654,-122.27751475548094,37.76728112752839,-122.25,37.75
Robert W. Crown SMCA,1994-08-24,18.499435409903526,-122.27751475548094,37.76728112752839,-122.25,37.75
Robert W. Crown SMCA,1994-08-25,18.51261940598488,-122.27751475548094,37.76728112752839,-122.25,37.75
Robert W. Crown SMCA,1994-08-26,18.56169316917658,-122.27751475548094,37.76728112752839,-122.25,37.75
Robert W. Crown SMCA,1994-08-27,18.606372267007828,-122.27751475548094,37.76728112752839,-122.25,37.75
Robert W. Crown SMCA,1994-08-28,18.81658376008272,-122.27751475548094,37.76728112752839,-122.25,37.75
Robert W. Crown SMCA,1994-08-29,18.87737663090229,-122.27751475548094,37.76728112752839,-122.25,37.75
Robert W. Crown SMCA,1994-08-30,18.654713585972786,-122.27751475548094,37.76728112752839,-122.25,37.75
Robert W. Crown SMCA,1994-08-31,18.500167854130268,-122.27751475548094,37.76728112752839,-122.25,37.75
Robert W. Crown SMCA,1994-09-01,18.39396344125271,-122.27751475548094,37.76728112752839,-122.25,37.75
Robert W. Crown SMCA,1994-09-02,18.29288613796234,-122.27751475548094,37.76728112752839,-122.25,37.75
Robert W. Crown SMCA,1994-09-03,18.332438126206398,-122.27751475548094,37.76728112752839,-122.25,37.75
Robert W. Crown SMCA,1994-09-04,18.381511889398098,-122.27751475548094,37.76728112752839,-122.25,37.75
Robert W. Crown SMCA,1994-09-05,18.459150977432728,-122.27751475548094,37.76728112752839,-122.25,37.75
Robert W. Crown SMCA,1994-09-06,18.743339337408543,-122.27751475548094,37.76728112752839,-122.25,37.75
Robert W. Crown SMCA,1994-09-07,19.05755791068077,-122.27751475548094,37.76728112752839,-122.25,37.75
Robert W. Crown SMCA,1994-09-08,19.201116979122162,-122.27751475548094,37.76728112752839,-122.25,37.75
Robert W. Crown SMCA,1994-09-09,19.344676047563553,-122.27751475548094,37.76728112752839,-122.25,37.75
Robert W. Crown SMCA,1994-09-10,19.17621387541294,-122.27751475548094,37.76728112752839,-122.25,37.75
Robert W. Crown SMCA,1994-09-11,18.94695883244276,-122.27751475548094,37.76728112752839,-122.25,37.75
Robert W. Crown SMCA,1994-09-12,18.818781092762947,-122.27751475548094,37.76728112752839,-122.25,37.75
Robert W. Crown SMCA,1994-09-13,18.72942289710045,-122.27751475548094,37.76728112752839,-122.25,37.75
Robert W. Crown SMCA,1994-09-14,18.67668691277504,-122.27751475548094,37.76728112752839,-122.25,37.75
Robert W. Crown SMCA,1994-09-15,18.63200781494379,-122.27751475548094,37.76728112752839,-122.25,37.75
Robert W. Crown SMCA,1994-09-16,18.62761314958334,-122.27751475548094,37.76728112752839,-122.25,37.75
Robert W. Crown SMCA,1994-09-17,18.774101994931698,-122.27751475548094,37.76728112752839,-122.25,37.75
Robert W. Crown SMCA,1994-09-18,18.937437057495117,-122.27751475548094,37.76728112752839,-122.25,37.75
Robert W. Crown SMCA,1994-09-19,18.706717126071453,-122.27751475548094,37.76728112752839,-122.25,37.75
Robert W. Crown SMCA,1994-09-20,18.45622120052576,-122.27751475548094,37.76728112752839,-122.25,37.75
Robert W. Crown SMCA,1994-09-21,18.58220160752535,-122.27751475548094,37.76728112752839,-122.25,37.75
Robert W. Crown SMCA,1994-09-22,18.867854855954647,-122.27751475548094,37.76728112752839,-122.25,37.75
Robert W. Crown SMCA,1994-09-23,18.9791863784194,-122.27751475548094,37.76728112752839,-122.25,37.75
Robert W. Crown SMCA,1994-09-24,18.85320597141981,-122.27751475548094,37.76728112752839,-122.25,37.75
Robert W. Crown SMCA,1994-09-25,18.829767756164074,-122.27751475548094,37.76728112752839,-122.25,37.75
Robert W. Crown SMCA,1994-09-26,18.826105535030365,-122.27751475548094,37.76728112752839,-122.25,37.75
Robert W. Crown SMCA,1994-09-27,18.91473128646612,-122.27751475548094,37.76728112752839,-122.25,37.75
Robert W. Crown SMCA,1994-09-28,18.984313488006592,-122.27751475548094,37.76728112752839,-122.25,37.75
Robert W. Crown SMCA,1994-09-29,19.033387251198292,-122.27751475548094,37.76728112752839,-122.25,37.75
Robert W. Crown SMCA,1994-09-30,18.99603259563446,-122.27751475548094,37.76728112752839,-122.25,37.75
Robert W. Crown SMCA,1994-10-01,18.60710471123457,-122.27751475548094,37.76728112752839,-122.25,37.75
Robert W. Crown SMCA,1994-10-02,18.285561695694923,-122.27751475548094,37.76728112752839,-122.25,37.75
Robert W. Crown SMCA,1994-10-03,18.16910306364298,-122.27751475548094,37.76728112752839,-122.25,37.75
Robert W. Crown SMCA,1994-10-04,18.297280803322792,-122.27751475548094,37.76728112752839,-122.25,37.75
Robert W. Crown SMCA,1994-10-05,18.605639822781086,-122.27751475548094,37.76728112752839,-122.25,37.75
Robert W. Crown SMCA,1994-10-06,18.442304760217667,-122.27751475548094,37.76728112752839,-122.25,37.75
Robert W. Crown SMCA,1994-10-07,17.8504898250103,-122.27751475548094,37.76728112752839,-122.25,37.75
Robert W. Crown SMCA,1994-10-08,17.829248942434788,-122.27751475548094,37.76728112752839,-122.25,37.75
Robert W. Crown SMCA,1994-10-09,18.06729331612587,-122.27751475548094,37.76728112752839,-122.25,37.75
Robert W. Crown SMCA,1994-10-10,18.23502304404974,-122.27751475548094,37.76728112752839,-122.25,37.75
Robert W. Crown SMCA,1994-10-11,17.763328962028027,-122.27751475548094,37.76728112752839,-122.25,37.75
Robert W. Crown SMCA,1994-10-12,17.419812619686127,-122.27751475548094,37.76728112752839,-122.25,37.75
Robert W. Crown SMCA,1994-10-13,16.937131874263287,-122.27751475548094,37.76728112752839,-122.25,37.75
Robert W. Crown SMCA,1994-10-14,16.52110355347395,-122.27751475548094,37.76728112752839,-122.25,37.75
Robert W. Crown SMCA,1994-10-15,15.996673487126827,-122.27751475548094,37.76728112752839,-122.25,37.75
Robert W. Crown SMCA,1994-10-16,15.448805205523968,-122.27751475548094,37.76728112752839,-122.25,37.75
Robert W. Crown SMCA,1994-10-17,15.218817718327045,-122.27751475548094,37.76728112752839,-122.25,37.75
Robert W. Crown SMCA,1994-10-18,15.190252393484116,-122.27751475548094,37.76728112752839,-122.25,37.75
Robert W. Crown SMCA,1994-10-19,15.25763726234436,-122.27751475548094,37.76728112752839,-122.25,37.75
Robert W. Crown SMCA,1994-10-20,15.37629322707653,-122.27751475548094,37.76728112752839,-122.25,37.75
Robert W. Crown SMCA,1994-10-21,15.356517232954502,-122.27751475548094,37.76728112752839,-122.25,37.75
Robert W. Crown SMCA,1994-10-22,15.090639978647232,-122.27751475548094,37.76728112752839,-122.25,37.75
Robert W. Crown SMCA,1994-10-23,15.13458663225174,-122.27751475548094,37.76728112752839,-122.25,37.75
Robert W. Crown SMCA,1994-10-24,15.372631005942822,-122.27751475548094,37.76728112752839,-122.25,37.75
Robert W. Crown SMCA,1994-10-25,15.583574943244457,-122.27751475548094,37.76728112752839,-122.25,37.75
Robert W. Crown SMCA,1994-10-26,15.593829162418842,-122.27751475548094,37.76728112752839,-122.25,37.75
Robert W. Crown SMCA,1994-10-27,15.535233624279499,-122.27751475548094,37.76728112752839,-122.25,37.75
Robert W. Crown SMCA,1994-10-28,15.517654962837696,-122.27751475548094,37.76728112752839,-122.25,37.75
Robert W. Crown SMCA,1994-10-29,15.034241773188114,-122.27751475548094,37.76728112752839,-122.25,37.75
Robert W. Crown SMCA,1994-10-30,14.595507681369781,-122.27751475548094,37.76728112752839,-122.25,37.75
Robert W. Crown SMCA,1994-10-31,14.355998419225216,-122.27751475548094,37.76728112752839,-122.25,37.75
Robert W. Crown SMCA,1994-11-01,14.312051765620708,-122.27751475548094,37.76728112752839,-122.25,37.75
Robert W. Crown SMCA,1994-11-02,13.970000311732292,-122.27751475548094,37.76728112752839,-122.25,37.75
Robert W. Crown SMCA,1994-11-03,13.428724028170109,-122.27751475548094,37.76728112752839,-122.25,37.75
Robert W. Crown SMCA,1994-11-04,13.132084116339684,-122.27751475548094,37.76728112752839,-122.25,37.75
Robert W. Crown SMCA,1994-11-05,13.143803223967552,-122.27751475548094,37.76728112752839,-122.25,37.75
Robert W. Crown SMCA,1994-11-06,13.140141002833843,-122.27751475548094,37.76728112752839,-122.25,37.75
Robert W. Crown SMCA,1994-11-07,13.219244979321957,-122.27751475548094,37.76728112752839,-122.25,37.75
Robert W. Crown SMCA,1994-11-08,13.036133922636509,-122.27751475548094,37.76728112752839,-122.25,37.75
Robert W. Crown SMCA,1994-11-09,12.892574854195118,-122.27751475548094,37.76728112752839,-122.25,37.75
Robert W. Crown SMCA,1994-11-10,12.80321665853262,-122.27751475548094,37.76728112752839,-122.25,37.75
Robert W. Crown SMCA,1994-11-11,12.878658413887024,-122.27751475548094,37.76728112752839,-122.25,37.75
Robert W. Crown SMCA,1994-11-12,12.689687803387642,-122.27751475548094,37.76728112752839,-122.25,37.75
Robert W. Crown SMCA,1994-11-13,12.264137707650661,-122.27751475548094,37.76728112752839,-122.25,37.75
Robert W. Crown SMCA,1994-11-14,12.1491439640522,-122.27751475548094,37.76728112752839,-122.25,37.75
Robert W. Crown SMCA,1994-11-15,12.172582179307938,-122.27751475548094,37.76728112752839,-122.25,37.75
Robert W. Crown SMCA,1994-11-16,11.810022287070751,-122.27751475548094,37.76728112752839,-122.25,37.75
Robert W. Crown SMCA,1994-11-17,11.471633054316044,-122.27751475548094,37.76728112752839,-122.25,37.75
Robert W. Crown SMCA,1994-11-18,11.079775393009186,-122.27751475548094,37.76728112752839,-122.25,37.75
Robert W. Crown SMCA,1994-11-19,10.66008485108614,-122.27751475548094,37.76728112752839,-122.25,37.75
Robert W. Crown SMCA,1994-11-20,10.5209204480052,-122.27751475548094,37.76728112752839,-122.25,37.75
Robert W. Crown SMCA,1994-11-21,10.463057354092598,-122.27751475548094,37.76728112752839,-122.25,37.75
Robert W. Crown SMCA,1994-11-22,10.336344502866268,-122.27751475548094,37.76728112752839,-122.25,37.75
Robert W. Crown SMCA,1994-11-23,10.45133824646473,-122.27751475548094,37.76728112752839,-122.25,37.75
Robert W. Crown SMCA,1994-11-24,10.651295520365238,-122.27751475548094,37.76728112752839,-122.25,37.75
Robert W. Crown SMCA,1994-11-25,10.49674978852272,-122.27751475548094,37.76728112752839,-122.25,37.75
Robert W. Crown SMCA,1994-11-26,10.195715211331844,-122.27751475548094,37.76728112752839,-122.25,37.75
Robert W. Crown SMCA,1994-11-27,10.102694794535637,-122.27751475548094,37.76728112752839,-122.25,37.75
Robert W. Crown SMCA,1994-11-28,10.063875250518322,-122.27751475548094,37.76728112752839,-122.25,37.75
Robert W. Crown SMCA,1994-11-29,10.123935677111149,-122.27751475548094,37.76728112752839,-122.25,37.75
Robert W. Crown SMCA,1994-11-30,10.340006723999977,-122.27751475548094,37.76728112752839,-122.25,37.75
Robert W. Crown SMCA,1994-12-01,10.518723115324974,-122.27751475548094,37.76728112752839,-122.25,37.75
Robert W. Crown SMCA,1994-12-02,10.600756868720055,-122.27751475548094,37.76728112752839,-122.25,37.75
Robert W. Crown SMCA,1994-12-03,10.70110172778368,-122.27751475548094,37.76728112752839,-122.25,37.75
Robert W. Crown SMCA,1994-12-04,10.764824375510216,-122.27751475548094,37.76728112752839,-122.25,37.75
Robert W. Crown SMCA,1994-12-05,10.890804782509804,-122.27751475548094,37.76728112752839,-122.25,37.75
Robert W. Crown SMCA,1994-12-06,10.923032328486443,-122.27751475548094,37.76728112752839,-122.25,37.75
Robert W. Crown SMCA,1994-12-07,10.536301776766777,-122.27751475548094,37.76728112752839,-122.25,37.75
Robert W. Crown SMCA,1994-12-08,10.201574765145779,-122.27751475548094,37.76728112752839,-122.25,37.75
Robert W. Crown SMCA,1994-12-09,10.0301828160882,-122.27751475548094,37.76728112752839,-122.25,37.75
Robert W. Crown SMCA,1994-12-10,10.12466812133789,-122.27751475548094,37.76728112752839,-122.25,37.75
Robert W. Crown SMCA,1994-12-11,10.183996103703976,-122.27751475548094,37.76728112752839,-122.25,37.75
Robert W. Crown SMCA,1994-12-12,10.09976501762867,-122.27751475548094,37.76728112752839,-122.25,37.75
Robert W. Crown SMCA,1994-12-13,10.06680502742529,-122.27751475548094,37.76728112752839,-122.25,37.75
Robert W. Crown SMCA,1994-12-14,10.106357015669346,-122.27751475548094,37.76728112752839,-122.25,37.75
Robert W. Crown SMCA,1994-12-15,10.066072583198547,-122.27751475548094,37.76728112752839,-122.25,37.75
Robert W. Crown SMCA,1994-12-16,10.201574765145779,-122.27751475548094,37.76728112752839,-122.25,37.75
Robert W. Crown SMCA,1994-12-17,10.346598722040653,-122.27751475548094,37.76728112752839,-122.25,37.75
Robert W. Crown SMCA,1994-12-18,10.379558712244034,-122.27751475548094,37.76728112752839,-122.25,37.75
Robert W. Crown SMCA,1994-12-19,10.579515986144543,-122.27751475548094,37.76728112752839,-122.25,37.75
Robert W. Crown SMCA,1994-12-20,10.63591419160366,-122.27751475548094,37.76728112752839,-122.25,37.75
Robert W. Crown SMCA,1994-12-21,10.765556819736958,-122.27751475548094,37.76728112752839,-122.25,37.75
Robert W. Crown SMCA,1994-12-22,10.949400320649147,-122.27751475548094,37.76728112752839,-122.25,37.75
Robert W. Crown SMCA,1994-12-23,11.117862492799759,-122.27751475548094,37.76728112752839,-122.25,37.75
Robert W. Crown SMCA,1994-12-24,10.96697898209095,-122.27751475548094,37.76728112752839,-122.25,37.75
Robert W. Crown SMCA,1994-12-25,10.583178207278252,-122.27751475548094,37.76728112752839,-122.25,37.75
Robert W. Crown SMCA,1994-12-26,10.507736451923847,-122.27751475548094,37.76728112752839,-122.25,37.75
Robert W. Crown SMCA,1994-12-27,10.654957741498947,-122.27751475548094,37.76728112752839,-122.25,37.75
Robert W. Crown SMCA,1994-12-28,10.697439506649971,-122.27751475548094,37.76728112752839,-122.25,37.75
Robert W. Crown SMCA,1994-12-29,10.482100903987885,-122.27751475548094,37.76728112752839,-122.25,37.75
Robert W. Crown SMCA,1994-12-30,10.522385336458683,-122.27751475548094,37.76728112752839,-122.25,37.75
Robert W. Crown SMCA,1994-12-31,10.416913367807865,-122.27751475548094,37.76728112752839,-122.25,37.75
Robert W. Crown SMCA,1995-01-01,10.174474328756332,-122.27751475548094,37.76728112752839,-122.25,37.75
Robert W. Crown SMCA,1995-01-02,10.166417442262173,-122.27751475548094,37.76728112752839,-122.25,37.75
Robert W. Crown SMCA,1995-01-03,10.115146346390247,-122.27751475548094,37.76728112752839,-122.25,37.75
Robert W. Crown SMCA,1995-01-04,10.108554348349571,-122.27751475548094,37.76728112752839,-122.25,37.75
Robert W. Crown SMCA,1995-01-05,10.054353475570679,-122.27751475548094,37.76728112752839,-122.25,37.75
Robert W. Crown SMCA,1995-01-06,10.090975686907768,-122.27751475548094,37.76728112752839,-122.25,37.75
Robert W. Crown SMCA,1995-01-07,10.119541011750698,-122.27751475548094,37.76728112752839,-122.25,37.75
Robert W. Crown SMCA,1995-01-08,10.282143630087376,-122.27751475548094,37.76728112752839,-122.25,37.75
Robert W. Crown SMCA,1995-01-09,10.428632475435734,-122.27751475548094,37.76728112752839,-122.25,37.75
Robert W. Crown SMCA,1995-01-10,10.580980874598026,-122.27751475548094,37.76728112752839,-122.25,37.75
Robert W. Crown SMCA,1995-01-11,10.690847508609295,-122.27751475548094,37.76728112752839,-122.25,37.75
Robert W. Crown SMCA,1995-01-12,10.761894598603249,-122.27751475548094,37.76728112752839,-122.25,37.75
Robert W. Crown SMCA,1995-01-13,10.86077456921339,-122.27751475548094,37.76728112752839,-122.25,37.75
Robert W. Crown SMCA,1995-01-14,10.993346974253654,-122.27751475548094,37.76728112752839,-122.25,37.75
Robert W. Crown SMCA,1995-01-15,11.019714966416359,-122.27751475548094,37.76728112752839,-122.25,37.75
Robert W. Crown SMCA,1995-01-16,10.788262590765953,-122.27751475548094,37.76728112752839,-122.25,37.75
Robert W. Crown SMCA,1995-01-17,10.629322193562984,-122.27751475548094,37.76728112752839,-122.25,37.75
Robert W. Crown SMCA,1995-01-18,10.692312397062778,-122.27751475548094,37.76728112752839,-122.25,37.75
Robert W. Crown SMCA,1995-01-19,10.758964821696281,-122.27751475548094,37.76728112752839,-122.25,37.75
Robert W. Crown SMCA,1995-01-20,10.636646635830402,-122.27751475548094,37.76728112752839,-122.25,37.75
Robert W. Crown SMCA,1995-01-21,10.516525782644749,-122.27751475548094,37.76728112752839,-122.25,37.75
Robert W. Crown SMCA,1995-01-22,10.416180923581123,-122.27751475548094,37.76728112752839,-122.25,37.75
Robert W. Crown SMCA,1995-01-23,10.474044017493725,-122.27751475548094,37.76728112752839,-122.25,37.75
Robert W. Crown SMCA,1995-01-24,10.53776666522026,-122.27751475548094,37.76728112752839,-122.25,37.75
Robert W. Crown SMCA,1995-01-25,10.690847508609295,-122.27751475548094,37.76728112752839,-122.25,37.75
Robert W. Crown SMCA,1995-01-26,10.830744355916977,-122.27751475548094,37.76728112752839,-122.25,37.75
Robert W. Crown SMCA,1995-01-27,10.872493676841259,-122.27751475548094,37.76728112752839,-122.25,37.75
Robert W. Crown SMCA,1995-01-28,10.975768312811852,-122.27751475548094,37.76728112752839,-122.25,37.75
Robert W. Crown SMCA,1995-01-29,11.199163801968098,-122.27751475548094,37.76728112752839,-122.25,37.75
Robert W. Crown SMCA,1995-01-30,11.38007752597332,-122.27751475548094,37.76728112752839,-122.25,37.75
Robert W. Crown SMCA,1995-01-31,11.593218795955181,-122.27751475548094,37.76728112752839,-122.25,37.75
Robert W. Crown SMCA,1995-02-01,11.889858707785606,-122.27751475548094,37.76728112752839,-122.25,37.75
Robert W. Crown SMCA,1995-02-02,12.155735962092876,-122.27751475548094,37.76728112752839,-122.25,37.75
Robert W. Crown SMCA,1995-02-03,12.527817629277706,-122.27751475548094,37.76728112752839,-122.25,37.75
Robert W. Crown SMCA,1995-02-04,12.755607783794403,-122.27751475548094,37.76728112752839,-122.25,37.75
Robert W. Crown SMCA,1995-02-05,12.902829073369503,-122.27751475548094,37.76728112752839,-122.25,37.75
Robert W. Crown SMCA,1995-02-06,13.030274368822575,-122.27751475548094,37.76728112752839,-122.25,37.75
Robert W. Crown SMCA,1995-02-07,13.107913456857204,-122.27751475548094,37.76728112752839,-122.25,37.75
Robert W. Crown SMCA,1995-02-08,13.32251961529255,-122.27751475548094,37.76728112752839,-122.25,37.75
Robert W. Crown SMCA,1995-02-09,13.430188916623592,-122.27751475548094,37.76728112752839,-122.25,37.75
Robert W. Crown SMCA,1995-02-10,13.598651088774204,-122.27751475548094,37.76728112752839,-122.25,37.75
Robert W. Crown SMCA,1995-02-11,13.699728392064571,-122.27751475548094,37.76728112752839,-122.25,37.75
Robert W. Crown SMCA,1995-02-12,13.740745268762112,-122.27751475548094,37.76728112752839,-122.25,37.75
Robert W. Crown SMCA,1995-02-13,13.62575152516365,-122.27751475548094,37.76728112752839,-122.25,37.75
Robert W. Crown SMCA,1995-02-14,13.011230818927288,-122.27751475548094,37.76728112752839,-122.25,37.75
Robert W. Crown SMCA,1995-02-15,12.593737609684467,-122.27751475548094,37.76728112752839,-122.25,37.75
Robert W. Crown SMCA,1995-02-16,12.583483390510082,-122.27751475548094,37.76728112752839,-122.25,37.75
Robert W. Crown SMCA,1995-02-17,12.718985572457314,-122.27751475548094,37.76728112752839,-122.25,37.75
Robert W. Crown SMCA,1995-02-18,12.943113505840302,-122.27751475548094,37.76728112752839,-122.25,37.75
Robert W. Crown SMCA,1995-02-19,13.172368548810482,-122.27751475548094,37.76728112752839,-122.25,37.75
Robert W. Crown SMCA,1995-02-20,13.422864474356174,-122.27751475548094,37.76728112752839,-122.25,37.75
Robert W. Crown SMCA,1995-02-21,13.550309769809246,-122.27751475548094,37.76728112752839,-122.25,37.75
Robert W. Crown SMCA,1995-02-22,13.560563988983631,-122.27751475548094,37.76728112752839,-122.25,37.75
Robert W. Crown SMCA,1995-02-23,13.803735472261906,-122.27751475548094,37.76728112752839,-122.25,37.75
Robert W. Crown SMCA,1995-02-24,14.170690029859543,-122.27751475548094,37.76728112752839,-122.25,37.75
Robert W. Crown SMCA,1995-02-25,14.352336198091507,-122.27751475548094,37.76728112752839,-122.25,37.75
Robert W. Crown SMCA,1995-02-26,14.547898806631565,-122.27751475548094,37.76728112752839,-122.25,37.75
Robert W. Crown SMCA,1995-02-27,14.649708554148674,-122.27751475548094,37.76728112752839,-122.25,37.75
Robert W. Crown SMCA,1995-02-28,14.755180522799492,-122.27751475548094,37.76728112752839,-122.25,37.75
Robert W. Crown SMCA,1995-03-01,14.804254285991192,-122.27751475548094,37.76728112752839,-122.25,37.75
Robert W. Crown SMCA,1995-03-02,14.821100503206253,-122.27751475548094,37.76728112752839,-122.25,37.75
Robert W. Crown SMCA,1995-03-03,14.765434741973877,-122.27751475548094,37.76728112752839,-122.25,37.75
Robert W. Crown SMCA,1995-03-04,14.808648951351643,-122.27751475548094,37.76728112752839,-122.25,37.75
Robert W. Crown SMCA,1995-03-05,14.815240949392319,-122.27751475548094,37.76728112752839,-122.25,37.75
Robert W. Crown SMCA,1995-03-06,14.669484548270702,-122.27751475548094,37.76728112752839,-122.25,37.75
Robert W. Crown SMCA,1995-03-07,14.567674800753593,-122.27751475548094,37.76728112752839,-122.25,37.75
Robert W. Crown SMCA,1995-03-08,14.18973357975483,-122.27751475548094,37.76728112752839,-122.25,37.75
Robert W. Crown SMCA,1995-03-09,13.811059914529324,-122.27751475548094,37.76728112752839,-122.25,37.75
Robert W. Crown SMCA,1995-03-10,13.863795898854733,-122.27751475548094,37.76728112752839,-122.25,37.75
Robert W. Crown SMCA,1995-03-11,13.781762145459652,-122.27751475548094,37.76728112752839,-122.25,37.75
Robert W. Crown SMCA,1995-03-12,13.896755889058113,-122.27751475548094,37.76728112752839,-122.25,37.75
Robert W. Crown SMCA,1995-03-13,13.863795898854733,-122.27751475548094,37.76728112752839,-122.25,37.75
Robert W. Crown SMCA,1995-03-14,13.824243910610676,-122.27751475548094,37.76728112752839,-122.25,37.75
Robert W. Crown SMCA,1995-03-15,13.849879458546638,-122.27751475548094,37.76728112752839,-122.25,37.75
Robert W. Crown SMCA,1995-03-16,13.803003028035164,-122.27751475548094,37.76728112752839,-122.25,37.75
Robert W. Crown SMCA,1995-03-17,13.792748808860779,-122.27751475548094,37.76728112752839,-122.25,37.75
Robert W. Crown SMCA,1995-03-18,13.975859865546227,-122.27751475548094,37.76728112752839,-122.25,37.75
Robert W. Crown SMCA,1995-03-19,14.03885006904602,-122.27751475548094,37.76728112752839,-122.25,37.75
Robert W. Crown SMCA,1995-03-20,14.01834163069725,-122.27751475548094,37.76728112752839,-122.25,37.75
Robert W. Crown SMCA,1995-03-21,13.728293716907501,-122.27751475548094,37.76728112752839,-122.25,37.75
Robert W. Crown SMCA,1995-03-22,13.424329362809658,-122.27751475548094,37.76728112752839,-122.25,37.75
Robert W. Crown SMCA,1995-03-23,13.091799683868885,-122.27751475548094,37.76728112752839,-122.25,37.75
Robert W. Crown SMCA,1995-03-24,12.910885959863663,-122.27751475548094,37.76728112752839,-122.25,37.75
Robert W. Crown SMCA,1995-03-25,12.761467337608337,-122.27751475548094,37.76728112752839,-122.25,37.75
Robert W. Crown SMCA,1995-03-26,12.735831789672375,-122.27751475548094,37.76728112752839,-122.25,37.75
Robert W. Crown SMCA,1995-03-27,12.92626728862524,-122.27751475548094,37.76728112752839,-122.25,37.75
Robert W. Crown SMCA,1995-03-28,13.228034310042858,-122.27751475548094,37.76728112752839,-122.25,37.75
Robert W. Crown SMCA,1995-03-29,13.685079507529736,-122.27751475548094,37.76728112752839,-122.25,37.75
Robert W. Crown SMCA,1995-03-30,14.271034888923168,-122.27751475548094,37.76728112752839,-122.25,37.75
Robert W. Crown SMCA,1995-03-31,14.797662287950516,-122.27751475548094,37.76728112752839,-122.25,37.75
Robert W. Crown SMCA,1995-04-01,14.863582268357277,-122.27751475548094,37.76728112752839,-122.25,37.75
Robert W. Crown SMCA,1995-04-02,14.32889798283577,-122.27751475548094,37.76728112752839,-122.25,37.75
Robert W. Crown SMCA,1995-04-03,14.36552019417286,-122.27751475548094,37.76728112752839,-122.25,37.75
Robert W. Crown SMCA,1995-04-04,14.547166362404823,-122.27751475548094,37.76728112752839,-122.25,37.75
Robert W. Crown SMCA,1995-04-05,14.714163646101952,-122.27751475548094,37.76728112752839,-122.25,37.75
Robert W. Crown SMCA,1995-04-06,14.878963597118855,-122.27751475548094,37.76728112752839,-122.25,37.75
Robert W. Crown SMCA,1995-04-07,14.898007147014141,-122.27751475548094,37.76728112752839,-122.25,37.75
Robert W. Crown SMCA,1995-04-08,14.673146769404411,-122.27751475548094,37.76728112752839,-122.25,37.75
Robert W. Crown SMCA,1995-04-09,14.262978002429008,-122.27751475548094,37.76728112752839,-122.25,37.75
Robert W. Crown SMCA,1995-04-10,13.887966558337212,-122.27751475548094,37.76728112752839,-122.25,37.75
Robert W. Crown SMCA,1995-04-11,13.833033241331577,-122.27751475548094,37.76728112752839,-122.25,37.75
Robert W. Crown SMCA,1995-04-12,14.069612726569176,-122.27751475548094,37.76728112752839,-122.25,37.75
Robert W. Crown SMCA,1995-04-13,14.100375384092331,-122.27751475548094,37.76728112752839,-122.25,37.75
Robert W. Crown SMCA,1995-04-14,13.601580865681171,-122.27751475548094,37.76728112752839,-122.25,37.75
Robert W. Crown SMCA,1995-04-15,13.025879703462124,-122.27751475548094,37.76728112752839,-122.25,37.75
Robert W. Crown SMCA,1995-04-16,12.483138531446457,-122.27751475548094,37.76728112752839,-122.25,37.75
Robert W. Crown SMCA,1995-04-17,12.1000702008605,-122.27751475548094,37.76728112752839,-122.25,37.75
Robert W. Crown SMCA,1995-04-18,11.787316516041756,-122.27751475548094,37.76728112752839,-122.25,37.75
Robert W. Crown SMCA,1995-04-19,11.378612637519836,-122.27751475548094,37.76728112752839,-122.25,37.75
Robert W. Crown SMCA,1995-04-20,11.300241105258465,-122.27751475548094,37.76728112752839,-122.25,37.75
Robert W. Crown SMCA,1995-04-21,11.239448234438896,-122.27751475548094,37.76728112752839,-122.25,37.75
Robert W. Crown SMCA,1995-04-22,11.387401968240738,-122.27751475548094,37.76728112752839,-122.25,37.75
Robert W. Crown SMCA,1995-04-23,11.842982277274132,-122.27751475548094,37.76728112752839,-122.25,37.75
Robert W. Crown SMCA,1995-04-24,12.343241684138775,-122.27751475548094,37.76728112752839,-122.25,37.75
Robert W. Crown SMCA,1995-04-25,12.6398815959692,-122.27751475548094,37.76728112752839,-122.25,37.75
Robert W. Crown SMCA,1995-04-26,12.584215834736824,-122.27751475548094,37.76728112752839,-122.25,37.75
Robert W. Crown SMCA,1995-04-27,12.825189985334873,-122.27751475548094,37.76728112752839,-122.25,37.75
Robert W. Crown SMCA,1995-04-28,13.136478781700134,-122.27751475548094,37.76728112752839,-122.25,37.75
Robert W. Crown SMCA,1995-04-29,13.278572961688042,-122.27751475548094,37.76728112752839,-122.25,37.75
Robert W. Crown SMCA,1995-04-30,13.419202253222466,-122.27751475548094,37.76728112752839,-122.25,37.75
Robert W. Crown SMCA,1995-05-01,13.510025337338448,-122.27751475548094,37.76728112752839,-122.25,37.75
Robert W. Crown SMCA,1995-05-02,13.700460836291313,-122.27751475548094,37.76728112752839,-122.25,37.75
Robert W. Crown SMCA,1995-05-03,13.796411029994488,-122.27751475548094,37.76728112752839,-122.25,37.75
Robert W. Crown SMCA,1995-05-04,13.562028877437115,-122.27751475548094,37.76728112752839,-122.25,37.75
Robert W. Crown SMCA,1995-05-05,13.299813844263554,-122.27751475548094,37.76728112752839,-122.25,37.75
Robert W. Crown SMCA,1995-05-06,12.970213942229748,-122.27751475548094,37.76728112752839,-122.25,37.75
Robert W. Crown SMCA,1995-05-07,12.83178198337555,-122.27751475548094,37.76728112752839,-122.25,37.75
Robert W. Crown SMCA,1995-05-08,12.907223738729954,-122.27751475548094,37.76728112752839,-122.25,37.75
Robert W. Crown SMCA,1995-05-09,13.154057443141937,-122.27751475548094,37.76728112752839,-122.25,37.75
Robert W. Crown SMCA,1995-05-10,13.33936583250761,-122.27751475548094,37.76728112752839,-122.25,37.75
Robert W. Crown SMCA,1995-05-11,13.468276016414165,-122.27751475548094,37.76728112752839,-122.25,37.75
Robert W. Crown SMCA,1995-05-12,13.280037850141525,-122.27751475548094,37.76728112752839,-122.25,37.75
Robert W. Crown SMCA,1995-05-13,13.181157879531384,-122.27751475548094,37.76728112752839,-122.25,37.75
Robert W. Crown SMCA,1995-05-14,13.342295609414577,-122.27751475548094,37.76728112752839,-122.25,37.75
Robert W. Crown SMCA,1995-05-15,13.852076791226864,-122.27751475548094,37.76728112752839,-122.25,37.75
Robert W. Crown SMCA,1995-05-16,14.191930912435055,-122.27751475548094,37.76728112752839,-122.25,37.75
Robert W. Crown SMCA,1995-05-17,14.232947789132595,-122.27751475548094,37.76728112752839,-122.25,37.75
Robert W. Crown SMCA,1995-05-18,14.219031348824501,-122.27751475548094,37.76728112752839,-122.25,37.75
Robert W. Crown SMCA,1995-05-19,14.465865053236485,-122.27751475548094,37.76728112752839,-122.25,37.75
Robert W. Crown SMCA,1995-05-20,14.81597339361906,-122.27751475548094,37.76728112752839,-122.25,37.75
Robert W. Crown SMCA,1995-05-21,15.15509507060051,-122.27751475548094,37.76728112752839,-122.25,37.75
Robert W. Crown SMCA,1995-05-22,15.207098610699177,-122.27751475548094,37.76728112752839,-122.25,37.75
Robert W. Crown SMCA,1995-05-23,15.243720822036266,-122.27751475548094,37.76728112752839,-122.25,37.75
Robert W. Crown SMCA,1995-05-24,15.286935031414032,-122.27751475548094,37.76728112752839,-122.25,37.75
Robert W. Crown SMCA,1995-05-25,15.277413256466389,-122.27751475548094,37.76728112752839,-122.25,37.75
Robert W. Crown SMCA,1995-05-26,15.369701229035854,-122.27751475548094,37.76728112752839,-122.25,37.75
Robert W. Crown SMCA,1995-05-27,15.356517232954502,-122.27751475548094,37.76728112752839,-122.25,37.75
Robert W. Crown SMCA,1995-05-28,15.292794585227966,-122.27751475548094,37.76728112752839,-122.25,37.75
Robert W. Crown SMCA,1995-05-29,15.314035467803478,-122.27751475548094,37.76728112752839,-122.25,37.75
Robert W. Crown SMCA,1995-05-30,15.439283430576324,-122.27751475548094,37.76728112752839,-122.25,37.75
Robert W. Crown SMCA,1995-05-31,15.585772275924683,-122.27751475548094,37.76728112752839,-122.25,37.75
Robert W. Crown SMCA,1995-06-01,15.659016698598862,-122.27751475548094,37.76728112752839,-122.25,37.75
Robert W. Crown SMCA,1995-06-02,15.63777581602335,-122.27751475548094,37.76728112752839,-122.25,37.75
Robert W. Crown SMCA,1995-06-03,15.502273634076118,-122.27751475548094,37.76728112752839,-122.25,37.75
Robert W. Crown SMCA,1995-06-04,15.432691432535648,-122.27751475548094,37.76728112752839,-122.25,37.75
Robert W. Crown SMCA,1995-06-05,15.422437213361263,-122.27751475548094,37.76728112752839,-122.25,37.75
Robert W. Crown SMCA,1995-06-06,15.075991094112396,-122.27751475548094,37.76728112752839,-122.25,37.75
Robert W. Crown SMCA,1995-06-07,14.62773522734642,-122.27751475548094,37.76728112752839,-122.25,37.75
Robert W. Crown SMCA,1995-06-08,14.490035712718964,-122.27751475548094,37.76728112752839,-122.25,37.75
Robert W. Crown SMCA,1995-06-09,14.722220532596111,-122.27751475548094,37.76728112752839,-122.25,37.75
Robert W. Crown SMCA,1995-06-10,15.111880861222744,-122.27751475548094,37.76728112752839,-122.25,37.75
Robert W. Crown SMCA,1995-06-11,15.497878968715668,-122.27751475548094,37.76728112752839,-122.25,37.75
Robert W. Crown SMCA,1995-06-12,15.683919802308083,-122.27751475548094,37.76728112752839,-122.25,37.75
Robert W. Crown SMCA,1995-06-13,15.597491383552551,-122.27751475548094,37.76728112752839,-122.25,37.75
Robert W. Crown SMCA,1995-06-14,15.615070044994354,-122.27751475548094,37.76728112752839,-122.25,37.75
Robert W. Crown SMCA,1995-06-15,15.765953555703163,-122.27751475548094,37.76728112752839,-122.25,37.75
Robert W. Crown SMCA,1995-06-16,15.530106514692307,-122.27751475548094,37.76728112752839,-122.25,37.75
Robert W. Crown SMCA,1995-06-17,15.387279890477657,-122.27751475548094,37.76728112752839,-122.25,37.75
Robert W. Crown SMCA,1995-06-18,15.488357193768024,-122.27751475548094,37.76728112752839,-122.25,37.75
Robert W. Crown SMCA,1995-06-19,15.55574206262827,-122.27751475548094,37.76728112752839,-122.25,37.75
Robert W. Crown SMCA,1995-06-20,15.488357193768024,-122.27751475548094,37.76728112752839,-122.25,37.75
Robert W. Crown SMCA,1995-06-21,15.41291543841362,-122.27751475548094,37.76728112752839,-122.25,37.75
Robert W. Crown SMCA,1995-06-22,15.460524313151836,-122.27751475548094,37.76728112752839,-122.25,37.75
Robert W. Crown SMCA,1995-06-23,15.541093178093433,-122.27751475548094,37.76728112752839,-122.25,37.75
Robert W. Crown SMCA,1995-06-24,15.69490646570921,-122.27751475548094,37.76728112752839,-122.25,37.75
Robert W. Crown SMCA,1995-06-25,15.915372177958488,-122.27751475548094,37.76728112752839,-122.25,37.75
Robert W. Crown SMCA,1995-06-26,16.302102729678154,-122.27751475548094,37.76728112752839,-122.25,37.75
Robert W. Crown SMCA,1995-06-27,16.833857238292694,-122.27751475548094,37.76728112752839,-122.25,37.75
Robert W. Crown SMCA,1995-06-28,17.124637596309185,-122.27751475548094,37.76728112752839,-122.25,37.75
Robert W. Crown SMCA,1995-06-29,17.174443803727627,-122.27751475548094,37.76728112752839,-122.25,37.75
Robert W. Crown SMCA,1995-06-30,17.18323313444853,-122.27751475548094,37.76728112752839,-122.25,37.75
Robert W. Crown SMCA,1995-07-01,17.178838469088078,-122.27751475548094,37.76728112752839,-122.25,37.75
Robert W. Crown SMCA,1995-07-02,17.172978915274143,-122.27751475548094,37.76728112752839,-122.25,37.75
Robert W. Crown SMCA,1995-07-03,17.38465529680252,-122.27751475548094,37.76728112752839,-122.25,37.75
Robert W. Crown SMCA,1995-07-04,17.402966402471066,-122.27751475548094,37.76728112752839,-122.25,37.75
Robert W. Crown SMCA,1995-07-05,17.194952242076397,-122.27751475548094,37.76728112752839,-122.25,37.75
Robert W. Crown SMCA,1995-07-06,17.210333570837975,-122.27751475548094,37.76728112752839,-122.25,37.75
Robert W. Crown SMCA,1995-07-07,17.260139778256416,-122.27751475548094,37.76728112752839,-122.25,37.75
Robert W. Crown SMCA,1995-07-08,17.36780907958746,-122.27751475548094,37.76728112752839,-122.25,37.75
Robert W. Crown SMCA,1995-07-09,17.4491103887558,-122.27751475548094,37.76728112752839,-122.25,37.75
Robert W. Crown SMCA,1995-07-10,17.49525437504053,-122.27751475548094,37.76728112752839,-122.25,37.75
Robert W. Crown SMCA,1995-07-11,17.439588613808155,-122.27751475548094,37.76728112752839,-122.25,37.75
Robert W. Crown SMCA,1995-07-12,17.353892639279366,-122.27751475548094,37.76728112752839,-122.25,37.75
Robert W. Crown SMCA,1995-07-13,17.374401077628136,-122.27751475548094,37.76728112752839,-122.25,37.75
Robert W. Crown SMCA,1995-07-14,17.432264171540737,-122.27751475548094,37.76728112752839,-122.25,37.75
Robert W. Crown SMCA,1995-07-15,17.573625907301903,-122.27751475548094,37.76728112752839,-122.25,37.75
Robert W. Crown SMCA,1995-07-16,17.918607138097286,-122.27751475548094,37.76728112752839,-122.25,37.75
Robert W. Crown SMCA,1995-07-17,18.50090029835701,-122.27751475548094,37.76728112752839,-122.25,37.75
Robert W. Crown SMCA,1995-07-18,18.935972169041634,-122.27751475548094,37.76728112752839,-122.25,37.75
Robert W. Crown SMCA,1995-07-19,19.22528763860464,-122.27751475548094,37.76728112752839,-122.25,37.75
Robert W. Crown SMCA,1995-07-20,19.40473647415638,-122.27751475548094,37.76728112752839,-122.25,37.75
Robert W. Crown SMCA,1995-07-21,19.550492875277996,-122.27751475548094,37.76728112752839,-122.25,37.75
Robert W. Crown SMCA,1995-07-22,19.688924834132195,-122.27751475548094,37.76728112752839,-122.25,37.75
Robert W. Crown SMCA,1995-07-23,19.4296395778656,-122.27751475548094,37.76728112752839,-122.25,37.75
Robert W. Crown SMCA,1995-07-24,19.143986329436302,-122.27751475548094,37.76728112752839,-122.25,37.75
Robert W. Crown SMCA,1995-07-25,19.048036135733128,-122.27751475548094,37.76728112752839,-122.25,37.75
Robert W. Crown SMCA,1995-07-26,18.990905486047268,-122.27751475548094,37.76728112752839,-122.25,37.75
Robert W. Crown SMCA,1995-07-27,19.166692100465298,-122.27751475548094,37.76728112752839,-122.25,37.75
Robert W. Crown SMCA,1995-07-28,19.439161352813244,-122.27751475548094,37.76728112752839,-122.25,37.75
Robert W. Crown SMCA,1995-07-29,19.50727866590023,-122.27751475548094,37.76728112752839,-122.25,37.75
Robert W. Crown SMCA,1995-07-30,19.354930266737938,-122.27751475548094,37.76728112752839,-122.25,37.75
Robert W. Crown SMCA,1995-07-31,19.383495591580868,-122.27751475548094,37.76728112752839,-122.25,37.75
Robert W. Crown SMCA,1995-08-01,19.828821681439877,-122.27751475548094,37.76728112752839,-122.25,37.75
Robert W. Crown SMCA,1995-08-02,20.14450514316559,-122.27751475548094,37.76728112752839,-122.25,37.75
Robert W. Crown SMCA,1995-08-03,19.811975464224815,-122.27751475548094,37.76728112752839,-122.25,37.75
Robert W. Crown SMCA,1995-08-04,19.64571062475443,-122.27751475548094,37.76728112752839,-122.25,37.75
Robert W. Crown SMCA,1995-08-05,19.603961303830147,-122.27751475548094,37.76728112752839,-122.25,37.75
Robert W. Crown SMCA,1995-08-06,19.611285746097565,-122.27751475548094,37.76728112752839,-122.25,37.75
Robert W. Crown SMCA,1995-08-07,19.51460310816765,-122.27751475548094,37.76728112752839,-122.25,37.75
Robert W. Crown SMCA,1995-08-08,19.144718773663044,-122.27751475548094,37.76728112752839,-122.25,37.75
Robert W. Crown SMCA,1995-08-09,18.829035311937332,-122.27751475548094,37.76728112752839,-122.25,37.75
Robert W. Crown SMCA,1995-08-10,18.691335797309875,-122.27751475548094,37.76728112752839,-122.25,37.75
Robert W. Crown SMCA,1995-08-11,18.59099093824625,-122.27751475548094,37.76728112752839,-122.25,37.75
Robert W. Crown SMCA,1995-08-12,18.46794030815363,-122.27751475548094,37.76728112752839,-122.25,37.75
Robert W. Crown SMCA,1995-08-13,18.335367903113365,-122.27751475548094,37.76728112752839,-122.25,37.75
Robert W. Crown SMCA,1995-08-14,18.1940061673522,-122.27751475548094,37.76728112752839,-122.25,37.75
Robert W. Crown SMCA,1995-08-15,18.205725274980068,-122.27751475548094,37.76728112752839,-122.25,37.75
Robert W. Crown SMCA,1995-08-16,18.265785701572895,-122.27751475548094,37.76728112752839,-122.25,37.75
Robert W. Crown SMCA,1995-08-17,18.233558155596256,-122.27751475548094,37.76728112752839,-122.25,37.75
Robert W. Crown SMCA,1995-08-18,18.1046479716897,-122.27751475548094,37.76728112752839,-122.25,37.75
Robert W. Crown SMCA,1995-08-19,17.970610678195953,-122.27751475548094,37.76728112752839,-122.25,37.75
Robert W. Crown SMCA,1995-08-20,18.178624838590622,-122.27751475548094,37.76728112752839,-122.25,37.75
Robert W. Crown SMCA,1995-08-21,18.620288707315922,-122.27751475548094,37.76728112752839,-122.25,37.75
Robert W. Crown SMCA,1995-08-22,18.903012178838253,-122.27751475548094,37.76728112752839,-122.25,37.75
Robert W. Crown SMCA,1995-08-23,18.72209845483303,-122.27751475548094,37.76728112752839,-122.25,37.75
Robert W. Crown SMCA,1995-08-24,18.47672963887453,-122.27751475548094,37.76728112752839,-122.25,37.75
Robert W. Crown SMCA,1995-08-25,18.330240793526173,-122.27751475548094,37.76728112752839,-122.25,37.75
Robert W. Crown SMCA,1995-08-26,18.18961150199175,-122.27751475548094,37.76728112752839,-122.25,37.75
Robert W. Crown SMCA,1995-08-27,18.135410629212856,-122.27751475548094,37.76728112752839,-122.25,37.75
Robert W. Crown SMCA,1995-08-28,18.06363109499216,-122.27751475548094,37.76728112752839,-122.25,37.75
Robert W. Crown SMCA,1995-08-29,18.176427505910397,-122.27751475548094,37.76728112752839,-122.25,37.75
Robert W. Crown SMCA,1995-08-30,18.15738395601511,-122.27751475548094,37.76728112752839,-122.25,37.75
Robert W. Crown SMCA,1995-08-31,17.999176003038883,-122.27751475548094,37.76728112752839,-122.25,37.75
Robert W. Crown SMCA,1995-09-01,17.963286235928535,-122.27751475548094,37.76728112752839,-122.25,37.75
Robert W. Crown SMCA,1995-09-02,17.96914578974247,-122.27751475548094,37.76728112752839,-122.25,37.75
Robert W. Crown SMCA,1995-09-03,17.96548356860876,-122.27751475548094,37.76728112752839,-122.25,37.75
Robert W. Crown SMCA,1995-09-04,17.994781337678432,-122.27751475548094,37.76728112752839,-122.25,37.75
Robert W. Crown SMCA,1995-09-05,18.057039096951485,-122.27751475548094,37.76728112752839,-122.25,37.75
Robert W. Crown SMCA,1995-09-06,17.98599200695753,-122.27751475548094,37.76728112752839,-122.25,37.75
Robert W. Crown SMCA,1995-09-07,17.996246226131916,-122.27751475548094,37.76728112752839,-122.25,37.75
Robert W. Crown SMCA,1995-09-08,18.013092443346977,-122.27751475548094,37.76728112752839,-122.25,37.75
Robert W. Crown SMCA,1995-09-09,18.025543995201588,-122.27751475548094,37.76728112752839,-122.25,37.75
Robert W. Crown SMCA,1995-09-10,18.216711938381195,-122.27751475548094,37.76728112752839,-122.25,37.75
Robert W. Crown SMCA,1995-09-11,18.442304760217667,-122.27751475548094,37.76728112752839,-122.25,37.75
Robert W. Crown SMCA,1995-09-12,18.552171394228935,-122.27751475548094,37.76728112752839,-122.25,37.75
Robert W. Crown SMCA,1995-09-13,18.352214120328426,-122.27751475548094,37.76728112752839,-122.25,37.75
Robert W. Crown SMCA,1995-09-14,18.073152869939804,-122.27751475548094,37.76728112752839,-122.25,37.75
Robert W. Crown SMCA,1995-09-15,17.931058689951897,-122.27751475548094,37.76728112752839,-122.25,37.75
Robert W. Crown SMCA,1995-09-16,17.902493365108967,-122.27751475548094,37.76728112752839,-122.25,37.75
Robert W. Crown SMCA,1995-09-17,17.925931580364704,-122.27751475548094,37.76728112752839,-122.25,37.75
Robert W. Crown SMCA,1995-09-18,17.85854671150446,-122.27751475548094,37.76728112752839,-122.25,37.75
Robert W. Crown SMCA,1995-09-19,17.757469408214092,-122.27751475548094,37.76728112752839,-122.25,37.75
Robert W. Crown SMCA,1995-09-20,17.90762047469616,-122.27751475548094,37.76728112752839,-122.25,37.75
Robert W. Crown SMCA,1995-09-21,18.175695061683655,-122.27751475548094,37.76728112752839,-122.25,37.75
Robert W. Crown SMCA,1995-09-22,18.408612325787544,-122.27751475548094,37.76728112752839,-122.25,37.75
Robert W. Crown SMCA,1995-09-23,18.556566059589386,-122.27751475548094,37.76728112752839,-122.25,37.75
Robert W. Crown SMCA,1995-09-24,18.539719842374325,-122.27751475548094,37.76728112752839,-122.25,37.75
Robert W. Crown SMCA,1995-09-25,18.478926971554756,-122.27751475548094,37.76728112752839,-122.25,37.75
Robert W. Crown SMCA,1995-09-26,18.143467515707016,-122.27751475548094,37.76728112752839,-122.25,37.75
Robert W. Crown SMCA,1995-09-27,18.10025330632925,-122.27751475548094,37.76728112752839,-122.25,37.75
Robert W. Crown SMCA,1995-09-28,18.14566484838724,-122.27751475548094,37.76728112752839,-122.25,37.75
Robert W. Crown SMCA,1995-09-29,17.96548356860876,-122.27751475548094,37.76728112752839,-122.25,37.75
Robert W. Crown SMCA,1995-09-30,17.73183386027813,-122.27751475548094,37.76728112752839,-122.25,37.75
Robert W. Crown SMCA,1995-10-01,17.512833036482334,-122.27751475548094,37.76728112752839,-122.25,37.75
Robert W. Crown SMCA,1995-10-02,17.315805539488792,-122.27751475548094,37.76728112752839,-122.25,37.75
Robert W. Crown SMCA,1995-10-03,17.28650777041912,-122.27751475548094,37.76728112752839,-122.25,37.75
Robert W. Crown SMCA,1995-10-04,17.099734492599964,-122.27751475548094,37.76728112752839,-122.25,37.75
Robert W. Crown SMCA,1995-10-05,16.870479449629784,-122.27751475548094,37.76728112752839,-122.25,37.75
Robert W. Crown SMCA,1995-10-06,16.95104831457138,-122.27751475548094,37.76728112752839,-122.25,37.75
Robert W. Crown SMCA,1995-10-07,16.800897248089314,-122.27751475548094,37.76728112752839,-122.25,37.75
Robert W. Crown SMCA,1995-10-08,16.686635948717594,-122.27751475548094,37.76728112752839,-122.25,37.75
Robert W. Crown SMCA,1995-10-09,16.604602195322514,-122.27751475548094,37.76728112752839,-122.25,37.75
Robert W. Crown SMCA,1995-10-10,16.548936434090137,-122.27751475548094,37.76728112752839,-122.25,37.75
Robert W. Crown SMCA,1995-10-11,16.64342173933983,-122.27751475548094,37.76728112752839,-122.25,37.75
Robert W. Crown SMCA,1995-10-12,16.425153359770775,-122.27751475548094,37.76728112752839,-122.25,37.75
Robert W. Crown SMCA,1995-10-13,16.00180059671402,-122.27751475548094,37.76728112752839,-122.25,37.75
Robert W. Crown SMCA,1995-10-14,15.99374371021986,-122.27751475548094,37.76728112752839,-122.25,37.75
Robert W. Crown SMCA,1995-10-15,16.192236095666885,-122.27751475548094,37.76728112752839,-122.25,37.75
Robert W. Crown SMCA,1995-10-16,16.285988956689835,-122.27751475548094,37.76728112752839,-122.25,37.75
Robert W. Crown SMCA,1995-10-17,16.110934786498547,-122.27751475548094,37.76728112752839,-122.25,37.75
Robert W. Crown SMCA,1995-10-18,15.77254555374384,-122.27751475548094,37.76728112752839,-122.25,37.75
Robert W. Crown SMCA,1995-10-19,15.766685999929905,-122.27751475548094,37.76728112752839,-122.25,37.75
Robert W. Crown SMCA,1995-10-20,16.007660150527954,-122.27751475548094,37.76728112752839,-122.25,37.75
Robert W. Crown SMCA,1995-10-21,15.948332168161869,-122.27751475548094,37.76728112752839,-122.25,37.75
Robert W. Crown SMCA,1995-10-22,15.510330520570278,-122.27751475548094,37.76728112752839,-122.25,37.75
Robert W. Crown SMCA,1995-10-23,15.27008881419897,-122.27751475548094,37.76728112752839,-122.25,37.75
Robert W. Crown SMCA,1995-10-24,15.2495803758502,-122.27751475548094,37.76728112752839,-122.25,37.75
Robert W. Crown SMCA,1995-10-25,15.26569414883852,-122.27751475548094,37.76728112752839,-122.25,37.75
Robert W. Crown SMCA,1995-10-26,15.203436389565468,-122.27751475548094,37.76728112752839,-122.25,37.75
Robert W. Crown SMCA,1995-10-27,15.160954624414444,-122.27751475548094,37.76728112752839,-122.25,37.75
Robert W. Crown SMCA,1995-10-28,15.062807098031044,-122.27751475548094,37.76728112752839,-122.25,37.75
Robert W. Crown SMCA,1995-10-29,14.99176000803709,-122.27751475548094,37.76728112752839,-122.25,37.75
Robert W. Crown SMCA,1995-10-30,15.099429309368134,-122.27751475548094,37.76728112752839,-122.25,37.75
Robert W. Crown SMCA,1995-10-31,15.287667475640774,-122.27751475548094,37.76728112752839,-122.25,37.75
Robert W. Crown SMCA,1995-11-01,15.357249677181244,-122.27751475548094,37.76728112752839,-122.25,37.75
Robert W. Crown SMCA,1995-11-02,15.225409716367722,-122.27751475548094,37.76728112752839,-122.25,37.75
Robert W. Crown SMCA,1995-11-03,14.51274148374796,-122.27751475548094,37.76728112752839,-122.25,37.75
Robert W. Crown SMCA,1995-11-04,14.44389172643423,-122.27751475548094,37.76728112752839,-122.25,37.75
Robert W. Crown SMCA,1995-11-05,14.339884646236897,-122.27751475548094,37.76728112752839,-122.25,37.75
Robert W. Crown SMCA,1995-11-06,14.1611682549119,-122.27751475548094,37.76728112752839,-122.25,37.75
Robert W. Crown SMCA,1995-11-07,14.086458943784237,-122.27751475548094,37.76728112752839,-122.25,37.75
Robert W. Crown SMCA,1995-11-08,14.225623346865177,-122.27751475548094,37.76728112752839,-122.25,37.75
Robert W. Crown SMCA,1995-11-09,14.282021552324295,-122.27751475548094,37.76728112752839,-122.25,37.75
Robert W. Crown SMCA,1995-11-10,13.978057198226452,-122.27751475548094,37.76728112752839,-122.25,37.75
Robert W. Crown SMCA,1995-11-11,13.900418110191822,-122.27751475548094,37.76728112752839,-122.25,37.75
Robert W. Crown SMCA,1995-11-12,14.043977178633213,-122.27751475548094,37.76728112752839,-122.25,37.75
Robert W. Crown SMCA,1995-11-13,14.105502493679523,-122.27751475548094,37.76728112752839,-122.25,37.75
Robert W. Crown SMCA,1995-11-14,14.142124705016613,-122.27751475548094,37.76728112752839,-122.25,37.75
Robert W. Crown SMCA,1995-11-15,14.134067818522453,-122.27751475548094,37.76728112752839,-122.25,37.75
Robert W. Crown SMCA,1995-11-16,14.189001135528088,-122.27751475548094,37.76728112752839,-122.25,37.75
Robert W. Crown SMCA,1995-11-17,14.221228681504726,-122.27751475548094,37.76728112752839,-122.25,37.75
Robert W. Crown SMCA,1995-11-18,14.208777129650116,-122.27751475548094,37.76728112752839,-122.25,37.75
Robert W. Crown SMCA,1995-11-19,14.207312241196632,-122.27751475548094,37.76728112752839,-122.25,37.75
Robert W. Crown SMCA,1995-11-20,14.197058022022247,-122.27751475548094,37.76728112752839,-122.25,37.75
Robert W. Crown SMCA,1995-11-21,14.0139469653368,-122.27751475548094,37.76728112752839,-122.25,37.75
Robert W. Crown SMCA,1995-11-22,13.923123881220818,-122.27751475548094,37.76728112752839,-122.25,37.75
Robert W. Crown SMCA,1995-11-23,13.961943425238132,-122.27751475548094,37.76728112752839,-122.25,37.75
Robert W. Crown SMCA,1995-11-24,14.027863405644894,-122.27751475548094,37.76728112752839,-122.25,37.75
Robert W. Crown SMCA,1995-11-25,14.019806519150734,-122.27751475548094,37.76728112752839,-122.25,37.75
Robert W. Crown SMCA,1995-11-26,13.836695462465286,-122.27751475548094,37.76728112752839,-122.25,37.75
Robert W. Crown SMCA,1995-11-27,13.38404493033886,-122.27751475548094,37.76728112752839,-122.25,37.75
Robert W. Crown SMCA,1995-11-28,13.177495658397675,-122.27751475548094,37.76728112752839,-122.25,37.75
Robert W. Crown SMCA,1995-11-29,13.227301865816116,-122.27751475548094,37.76728112752839,-122.25,37.75
Robert W. Crown SMCA,1995-11-30,13.330576501786709,-122.27751475548094,37.76728112752839,-122.25,37.75
Robert W. Crown SMCA,1995-12-01,13.424329362809658,-122.27751475548094,37.76728112752839,-122.25,37.75
Robert W. Crown SMCA,1995-12-02,13.311532951891422,-122.27751475548094,37.76728112752839,-122.25,37.75
Robert W. Crown SMCA,1995-12-03,13.153324998915195,-122.27751475548094,37.76728112752839,-122.25,37.75
Robert W. Crown SMCA,1995-12-04,13.13867611438036,-122.27751475548094,37.76728112752839,-122.25,37.75
Robert W. Crown SMCA,1995-12-05,13.174565881490707,-122.27751475548094,37.76728112752839,-122.25,37.75
Robert W. Crown SMCA,1995-12-06,13.243415638804436,-122.27751475548094,37.76728112752839,-122.25,37.75
Robert W. Crown SMCA,1995-12-07,13.295419178903103,-122.27751475548094,37.76728112752839,-122.25,37.75
Robert W. Crown SMCA,1995-12-08,13.229499198496342,-122.27751475548094,37.76728112752839,-122.25,37.75
Robert W. Crown SMCA,1995-12-09,13.2287667542696,-122.27751475548094,37.76728112752839,-122.25,37.75
Robert W. Crown SMCA,1995-12-10,13.218512535095215,-122.27751475548094,37.76728112752839,-122.25,37.75
Robert W. Crown SMCA,1995-12-11,12.998046822845936,-122.27751475548094,37.76728112752839,-122.25,37.75
Robert W. Crown SMCA,1995-12-12,13.004638820886612,-122.27751475548094,37.76728112752839,-122.25,37.75
Robert W. Crown SMCA,1995-12-13,13.051515251398087,-122.27751475548094,37.76728112752839,-122.25,37.75
Robert W. Crown SMCA,1995-12-14,12.979735717177391,-122.27751475548094,37.76728112752839,-122.25,37.75
Robert W. Crown SMCA,1995-12-15,12.943845950067043,-122.27751475548094,37.76728112752839,-122.25,37.75
Robert W. Crown SMCA,1995-12-16,12.697744689881802,-122.27751475548094,37.76728112752839,-122.25,37.75
Robert W. Crown SMCA,1995-12-17,12.535874515771866,-122.27751475548094,37.76728112752839,-122.25,37.75
Robert W. Crown SMCA,1995-12-18,12.61131627112627,-122.27751475548094,37.76728112752839,-122.25,37.75
Robert W. Crown SMCA,1995-12-19,12.743156231939793,-122.27751475548094,37.76728112752839,-122.25,37.75
Robert W. Crown SMCA,1995-12-20,12.7380291223526,-122.27751475548094,37.76728112752839,-122.25,37.75
Robert W. Crown SMCA,1995-12-21,12.461165204644203,-122.27751475548094,37.76728112752839,-122.25,37.75
Robert W. Crown SMCA,1995-12-22,12.445051431655884,-122.27751475548094,37.76728112752839,-122.25,37.75
Robert W. Crown SMCA,1995-12-23,12.446516320109367,-122.27751475548094,37.76728112752839,-122.25,37.75
Robert W. Crown SMCA,1995-12-24,12.238502159714699,-122.27751475548094,37.76728112752839,-122.25,37.75
Robert W. Crown SMCA,1995-12-25,11.79317606985569,-122.27751475548094,37.76728112752839,-122.25,37.75
Robert W. Crown SMCA,1995-12-26,11.703817874193192,-122.27751475548094,37.76728112752839,-122.25,37.75
Robert W. Crown SMCA,1995-12-27,11.69942320883274,-122.27751475548094,37.76728112752839,-122.25,37.75
Robert W. Crown SMCA,1995-12-28,11.711874760687351,-122.27751475548094,37.76728112752839,-122.25,37.75
Robert W. Crown SMCA,1995-12-29,11.703817874193192,-122.27751475548094,37.76728112752839,-122.25,37.75
Robert W. Crown SMCA,1995-12-30,11.544145032763481,-122.27751475548094,37.76728112752839,-122.25,37.75
Robert W. Crown SMCA,1995-12-31,11.65034944564104,-122.27751475548094,37.76728112752839,-122.25,37.75
Robert W. Crown SMCA,1996-01-01,11.712607204914093,-122.27751475548094,37.76728112752839,-122.25,37.75
Robert W. Crown SMCA,1996-01-02,11.722128979861736,-122.27751475548094,37.76728112752839,-122.25,37.75
Robert W. Crown SMCA,1996-01-03,11.865688048303127,-122.27751475548094,37.76728112752839,-122.25,37.75
Robert W. Crown SMCA,1996-01-04,11.888393819332123,-122.27751475548094,37.76728112752839,-122.25,37.75
Robert W. Crown SMCA,1996-01-05,11.79757073521614,-122.27751475548094,37.76728112752839,-122.25,37.75
Robert W. Crown SMCA,1996-01-06,11.945524469017982,-122.27751475548094,37.76728112752839,-122.25,37.75
Robert W. Crown SMCA,1996-01-07,12.199682615697384,-122.27751475548094,37.76728112752839,-122.25,37.75
Robert W. Crown SMCA,1996-01-08,12.34104435145855,-122.27751475548094,37.76728112752839,-122.25,37.75
Robert W. Crown SMCA,1996-01-09,12.363750122487545,-122.27751475548094,37.76728112752839,-122.25,37.75
Robert W. Crown SMCA,1996-01-10,12.340311907231808,-122.27751475548094,37.76728112752839,-122.25,37.75
Robert W. Crown SMCA,1996-01-11,12.520493187010288,-122.27751475548094,37.76728112752839,-122.25,37.75
Robert W. Crown SMCA,1996-01-12,12.803949102759361,-122.27751475548094,37.76728112752839,-122.25,37.75
Robert W. Crown SMCA,1996-01-13,12.970213942229748,-122.27751475548094,37.76728112752839,-122.25,37.75
Robert W. Crown SMCA,1996-01-14,12.947508171200752,-122.27751475548094,37.76728112752839,-122.25,37.75
Robert W. Crown SMCA,1996-01-15,12.817865543067455,-122.27751475548094,37.76728112752839,-122.25,37.75
Robert W. Crown SMCA,1996-01-16,12.612781159579754,-122.27751475548094,37.76728112752839,-122.25,37.75
Robert W. Crown SMCA,1996-01-17,12.387188337743282,-122.27751475548094,37.76728112752839,-122.25,37.75
Robert W. Crown SMCA,1996-01-18,12.249488823115826,-122.27751475548094,37.76728112752839,-122.25,37.75
Robert W. Crown SMCA,1996-01-19,11.98507645726204,-122.27751475548094,37.76728112752839,-122.25,37.75
Robert W. Crown SMCA,1996-01-20,11.845179609954357,-122.27751475548094,37.76728112752839,-122.25,37.75
Robert W. Crown SMCA,1996-01-21,11.640827670693398,-122.27751475548094,37.76728112752839,-122.25,37.75
Robert W. Crown SMCA,1996-01-22,11.252632230520248,-122.27751475548094,37.76728112752839,-122.25,37.75
Robert W. Crown SMCA,1996-01-23,10.805841252207756,-122.27751475548094,37.76728112752839,-122.25,37.75
Robert W. Crown SMCA,1996-01-24,10.654957741498947,-122.27751475548094,37.76728112752839,-122.25,37.75
Robert W. Crown SMCA,1996-01-25,10.608813755214214,-122.27751475548094,37.76728112752839,-122.25,37.75
Robert W. Crown SMCA,1996-01-26,10.428632475435734,-122.27751475548094,37.76728112752839,-122.25,37.75
Robert W. Crown SMCA,1996-01-27,10.391277819871902,-122.27751475548094,37.76728112752839,-122.25,37.75
Robert W. Crown SMCA,1996-01-28,10.421308033168316,-122.27751475548094,37.76728112752839,-122.25,37.75
Robert W. Crown SMCA,1996-01-29,10.524582669138908,-122.27751475548094,37.76728112752839,-122.25,37.75
Robert W. Crown SMCA,1996-01-30,10.569261766970158,-122.27751475548094,37.76728112752839,-122.25,37.75
Robert W. Crown SMCA,1996-01-31,10.583910651504993,-122.27751475548094,37.76728112752839,-122.25,37.75
Robert W. Crown SMCA,1996-02-01,10.839533686637878,-122.27751475548094,37.76728112752839,-122.25,37.75
Robert W. Crown SMCA,1996-02-02,11.103213608264923,-122.27751475548094,37.76728112752839,-122.25,37.75
Robert W. Crown SMCA,1996-02-03,11.244575344026089,-122.27751475548094,37.76728112752839,-122.25,37.75
Robert W. Crown SMCA,1996-02-04,11.257759340107441,-122.27751475548094,37.76728112752839,-122.25,37.75
Robert W. Crown SMCA,1996-02-05,11.516312152147293,-122.27751475548094,37.76728112752839,-122.25,37.75
Robert W. Crown SMCA,1996-02-06,11.825403615832329,-122.27751475548094,37.76728112752839,-122.25,37.75
Robert W. Crown SMCA,1996-02-07,12.109591975808144,-122.27751475548094,37.76728112752839,-122.25,37.75
Robert W. Crown SMCA,1996-02-08,12.354960791766644,-122.27751475548094,37.76728112752839,-122.25,37.75
Robert W. Crown SMCA,1996-02-09,12.494125194847584,-122.27751475548094,37.76728112752839,-122.25,37.75
Robert W. Crown SMCA,1996-02-10,12.662587366998196,-122.27751475548094,37.76728112752839,-122.25,37.75
Robert W. Crown SMCA,1996-02-11,12.925534844398499,-122.27751475548094,37.76728112752839,-122.25,37.75
Robert W. Crown SMCA,1996-02-12,13.135746337473392,-122.27751475548094,37.76728112752839,-122.25,37.75
Robert W. Crown SMCA,1996-02-13,13.394299149513245,-122.27751475548094,37.76728112752839,-122.25,37.75
Robert W. Crown SMCA,1996-02-14,13.747337266802788,-122.27751475548094,37.76728112752839,-122.25,37.75
Robert W. Crown SMCA,1996-02-15,13.857203900814056,-122.27751475548094,37.76728112752839,-122.25,37.75
Robert W. Crown SMCA,1996-02-16,13.503433339297771,-122.27751475548094,37.76728112752839,-122.25,37.75
Robert W. Crown SMCA,1996-02-17,13.545915104448795,-122.27751475548094,37.76728112752839,-122.25,37.75
Robert W. Crown SMCA,1996-02-18,13.716574609279633,-122.27751475548094,37.76728112752839,-122.25,37.75
Robert W. Crown SMCA,1996-02-19,13.68654439598322,-122.27751475548094,37.76728112752839,-122.25,37.75
Robert W. Crown SMCA,1996-02-20,13.573015540838242,-122.27751475548094,37.76728112752839,-122.25,37.75
Robert W. Crown SMCA,1996-02-21,13.430188916623592,-122.27751475548094,37.76728112752839,-122.25,37.75
Robert W. Crown SMCA,1996-02-22,13.066164135932922,-122.27751475548094,37.76728112752839,-122.25,37.75
Robert W. Crown SMCA,1996-02-23,12.800286881625652,-122.27751475548094,37.76728112752839,-122.25,37.75
Robert W. Crown SMCA,1996-02-24,12.579821169376373,-122.27751475548094,37.76728112752839,-122.25,37.75
Robert W. Crown SMCA,1996-02-25,12.231910161674023,-122.27751475548094,37.76728112752839,-122.25,37.75
Robert W. Crown SMCA,1996-02-26,11.810022287070751,-122.27751475548094,37.76728112752839,-122.25,37.75
Robert W. Crown SMCA,1996-02-27,11.507522821426392,-122.27751475548094,37.76728112752839,-122.25,37.75
Robert W. Crown SMCA,1996-02-28,11.437940619885921,-122.27751475548094,37.76728112752839,-122.25,37.75
Robert W. Crown SMCA,1996-02-29,11.46577350050211,-122.27751475548094,37.76728112752839,-122.25,37.75
Robert W. Crown SMCA,1996-03-01,11.807092510163784,-122.27751475548094,37.76728112752839,-122.25,37.75
Robert W. Crown SMCA,1996-03-02,12.32053591310978,-122.27751475548094,37.76728112752839,-122.25,37.75
Robert W. Crown SMCA,1996-03-03,12.720450460910797,-122.27751475548094,37.76728112752839,-122.25,37.75
Robert W. Crown SMCA,1996-03-04,12.706534020602703,-122.27751475548094,37.76728112752839,-122.25,37.75
Robert W. Crown SMCA,1996-03-05,12.643543817102909,-122.27751475548094,37.76728112752839,-122.25,37.75
Robert W. Crown SMCA,1996-03-06,12.88085574656725,-122.27751475548094,37.76728112752839,-122.25,37.75
Robert W. Crown SMCA,1996-03-07,13.227301865816116,-122.27751475548094,37.76728112752839,-122.25,37.75
Robert W. Crown SMCA,1996-03-08,13.518082223832607,-122.27751475548094,37.76728112752839,-122.25,37.75
Robert W. Crown SMCA,1996-03-09,13.867458119988441,-122.27751475548094,37.76728112752839,-122.25,37.75
Robert W. Crown SMCA,1996-03-10,14.008819855749607,-122.27751475548094,37.76728112752839,-122.25,37.75
Robert W. Crown SMCA,1996-03-11,14.169957585632801,-122.27751475548094,37.76728112752839,-122.25,37.75
Robert W. Crown SMCA,1996-03-12,14.339884646236897,-122.27751475548094,37.76728112752839,-122.25,37.75
Robert W. Crown SMCA,1996-03-13,13.9157994389534,-122.27751475548094,37.76728112752839,-122.25,37.75
Robert W. Crown SMCA,1996-03-14,13.87112034112215,-122.27751475548094,37.76728112752839,-122.25,37.75
Robert W. Crown SMCA,1996-03-15,14.156041145324707,-122.27751475548094,37.76728112752839,-122.25,37.75
Robert W. Crown SMCA,1996-03-16,14.285683773458004,-122.27751475548094,37.76728112752839,-122.25,37.75
Robert W. Crown SMCA,1996-03-17,14.444624170660973,-122.27751475548094,37.76728112752839,-122.25,37.75
Robert W. Crown SMCA,1996-03-18,14.678273878991604,-122.27751475548094,37.76728112752839,-122.25,37.75
Robert W. Crown SMCA,1996-03-19,14.9060640335083,-122.27751475548094,37.76728112752839,-122.25,37.75
Robert W. Crown SMCA,1996-03-20,14.958067573606968,-122.27751475548094,37.76728112752839,-122.25,37.75
Robert W. Crown SMCA,1996-03-21,14.920712918043137,-122.27751475548094,37.76728112752839,-122.25,37.75
Robert W. Crown SMCA,1996-03-22,14.841608941555023,-122.27751475548094,37.76728112752839,-122.25,37.75
Robert W. Crown SMCA,1996-03-23,14.541306808590889,-122.27751475548094,37.76728112752839,-122.25,37.75
Robert W. Crown SMCA,1996-03-24,14.321573540568352,-122.27751475548094,37.76728112752839,-122.25,37.75
Robert W. Crown SMCA,1996-03-25,14.249061562120914,-122.27751475548094,37.76728112752839,-122.25,37.75
Robert W. Crown SMCA,1996-03-26,14.155308701097965,-122.27751475548094,37.76728112752839,-122.25,37.75
Robert W. Crown SMCA,1996-03-27,14.41093173623085,-122.27751475548094,37.76728112752839,-122.25,37.75
Robert W. Crown SMCA,1996-03-28,14.608691677451134,-122.27751475548094,37.76728112752839,-122.25,37.75
Robert W. Crown SMCA,1996-03-29,14.26371044665575,-122.27751475548094,37.76728112752839,-122.25,37.75
Robert W. Crown SMCA,1996-03-30,14.35380108654499,-122.27751475548094,37.76728112752839,-122.25,37.75
Robert W. Crown SMCA,1996-03-31,14.704641871154308,-122.27751475548094,37.76728112752839,-122.25,37.75
Robert W. Crown SMCA,1996-04-01,14.694387651979923,-122.27751475548094,37.76728112752839,-122.25,37.75
Robert W. Crown SMCA,1996-04-02,14.908993810415268,-122.27751475548094,37.76728112752839,-122.25,37.75
Robert W. Crown SMCA,1996-04-03,15.125797301530838,-122.27751475548094,37.76728112752839,-122.25,37.75
Robert W. Crown SMCA,1996-04-04,14.986632898449898,-122.27751475548094,37.76728112752839,-122.25,37.75
Robert W. Crown SMCA,1996-04-05,14.90972625464201,-122.27751475548094,37.76728112752839,-122.25,37.75
Robert W. Crown SMCA,1996-04-06,15.058412432670593,-122.27751475548094,37.76728112752839,-122.25,37.75
Robert W. Crown SMCA,1996-04-07,15.288399919867516,-122.27751475548094,37.76728112752839,-122.25,37.75
Robert W. Crown SMCA,1996-04-08,15.57625050097704,-122.27751475548094,37.76728112752839,-122.25,37.75
Robert W. Crown SMCA,1996-04-09,15.90365307033062,-122.27751475548094,37.76728112752839,-122.25,37.75
Robert W. Crown SMCA,1996-04-10,15.72347179055214,-122.27751475548094,37.76728112752839,-122.25,37.75
Robert W. Crown SMCA,1996-04-11,15.31037324666977,-122.27751475548094,37.76728112752839,-122.25,37.75
Robert W. Crown SMCA,1996-04-12,15.140446186065674,-122.27751475548094,37.76728112752839,-122.25,37.75
Robert W. Crown SMCA,1996-04-13,14.853328049182892,-122.27751475548094,37.76728112752839,-122.25,37.75
Robert W. Crown SMCA,1996-04-14,15.0444959923625,-122.27751475548094,37.76728112752839,-122.25,37.75
Robert W. Crown SMCA,1996-04-15,15.255439929664135,-122.27751475548094,37.76728112752839,-122.25,37.75
Robert W. Crown SMCA,1996-04-16,15.062074653804302,-122.27751475548094,37.76728112752839,-122.25,37.75
Robert W. Crown SMCA,1996-04-17,14.822565391659737,-122.27751475548094,37.76728112752839,-122.25,37.75
Robert W. Crown SMCA,1996-04-18,14.39848018437624,-122.27751475548094,37.76728112752839,-122.25,37.75
Robert W. Crown SMCA,1996-04-19,14.224890902638435,-122.27751475548094,37.76728112752839,-122.25,37.75
Robert W. Crown SMCA,1996-04-20,14.082064278423786,-122.27751475548094,37.76728112752839,-122.25,37.75
Robert W. Crown SMCA,1996-04-21,14.05496384203434,-122.27751475548094,37.76728112752839,-122.25,37.75
Robert W. Crown SMCA,1996-04-22,14.278359331190586,-122.27751475548094,37.76728112752839,-122.25,37.75
Robert W. Crown SMCA,1996-04-23,14.572069466114044,-122.27751475548094,37.76728112752839,-122.25,37.75
Robert W. Crown SMCA,1996-04-24,14.741264082491398,-122.27751475548094,37.76728112752839,-122.25,37.75
Robert W. Crown SMCA,1996-04-25,14.691457875072956,-122.27751475548094,37.76728112752839,-122.25,37.75
Robert W. Crown SMCA,1996-04-26,14.59477523714304,-122.27751475548094,37.76728112752839,-122.25,37.75
Robert W. Crown SMCA,1996-04-27,14.418256178498268,-122.27751475548094,37.76728112752839,-122.25,37.75
Robert W. Crown SMCA,1996-04-28,14.101840272545815,-122.27751475548094,37.76728112752839,-122.25,37.75
Robert W. Crown SMCA,1996-04-29,14.05935850739479,-122.27751475548094,37.76728112752839,-122.25,37.75
Robert W. Crown SMCA,1996-04-30,14.17361980676651,-122.27751475548094,37.76728112752839,-122.25,37.75
Robert W. Crown SMCA,1996-05-01,14.230018012225628,-122.27751475548094,37.76728112752839,-122.25,37.75
Robert W. Crown SMCA,1996-05-02,14.317911319434643,-122.27751475548094,37.76728112752839,-122.25,37.75
Robert W. Crown SMCA,1996-05-03,14.342081978917122,-122.27751475548094,37.76728112752839,-122.25,37.75
Robert W. Crown SMCA,1996-05-04,14.246864229440689,-122.27751475548094,37.76728112752839,-122.25,37.75
Robert W. Crown SMCA,1996-05-05,14.242469564080238,-122.27751475548094,37.76728112752839,-122.25,37.75
Robert W. Crown SMCA,1996-05-06,14.310586877167225,-122.27751475548094,37.76728112752839,-122.25,37.75
Robert W. Crown SMCA,1996-05-07,14.340617090463638,-122.27751475548094,37.76728112752839,-122.25,37.75
Robert W. Crown SMCA,1996-05-08,14.329630427062511,-122.27751475548094,37.76728112752839,-122.25,37.75
Robert W. Crown SMCA,1996-05-09,14.232215344905853,-122.27751475548094,37.76728112752839,-122.25,37.75
Robert W. Crown SMCA,1996-05-10,14.126010932028294,-122.27751475548094,37.76728112752839,-122.25,37.75
Robert W. Crown SMCA,1996-05-11,14.229285567998886,-122.27751475548094,37.76728112752839,-122.25,37.75
Robert W. Crown SMCA,1996-05-12,14.46366772055626,-122.27751475548094,37.76728112752839,-122.25,37.75
Robert W. Crown SMCA,1996-05-13,14.743461415171623,-122.27751475548094,37.76728112752839,-122.25,37.75
Robert W. Crown SMCA,1996-05-14,15.091372422873974,-122.27751475548094,37.76728112752839,-122.25,37.75
Robert W. Crown SMCA,1996-05-15,15.377758115530014,-122.27751475548094,37.76728112752839,-122.25,37.75
Robert W. Crown SMCA,1996-05-16,15.62532426416874,-122.27751475548094,37.76728112752839,-122.25,37.75
Robert W. Crown SMCA,1996-05-17,15.889736630022526,-122.27751475548094,37.76728112752839,-122.25,37.75
Robert W. Crown SMCA,1996-05-18,15.996673487126827,-122.27751475548094,37.76728112752839,-122.25,37.75
Robert W. Crown SMCA,1996-05-19,16.275002293288708,-122.27751475548094,37.76728112752839,-122.25,37.75
Robert W. Crown SMCA,1996-05-20,16.236915193498135,-122.27751475548094,37.76728112752839,-122.25,37.75
Robert W. Crown SMCA,1996-05-21,16.17026276886463,-122.27751475548094,37.76728112752839,-122.25,37.75
Robert W. Crown SMCA,1996-05-22,16.097750790417194,-122.27751475548094,37.76728112752839,-122.25,37.75
Robert W. Crown SMCA,1996-05-23,15.731528677046299,-122.27751475548094,37.76728112752839,-122.25,37.75
Robert W. Crown SMCA,1996-05-24,15.289864808321,-122.27751475548094,37.76728112752839,-122.25,37.75
Robert W. Crown SMCA,1996-05-25,15.146305739879608,-122.27751475548094,37.76728112752839,-122.25,37.75
Robert W. Crown SMCA,1996-05-26,15.196844391524792,-122.27751475548094,37.76728112752839,-122.25,37.75
Robert W. Crown SMCA,1996-05-27,15.000549338757992,-122.27751475548094,37.76728112752839,-122.25,37.75
Robert W. Crown SMCA,1996-05-28,14.657765440642834,-122.27751475548094,37.76728112752839,-122.25,37.75
Robert W. Crown SMCA,1996-05-29,14.429242841899395,-122.27751475548094,37.76728112752839,-122.25,37.75
Robert W. Crown SMCA,1996-05-30,14.332560203969479,-122.27751475548094,37.76728112752839,-122.25,37.75
Robert W. Crown SMCA,1996-05-31,14.405804626643658,-122.27751475548094,37.76728112752839,-122.25,37.75
Robert W. Crown SMCA,1996-06-01,14.707571648061275,-122.27751475548094,37.76728112752839,-122.25,37.75
Robert W. Crown SMCA,1996-06-02,15.059144876897335,-122.27751475548094,37.76728112752839,-122.25,37.75
Robert W. Crown SMCA,1996-06-03,15.440748319029808,-122.27751475548094,37.76728112752839,-122.25,37.75
Robert W. Crown SMCA,1996-06-04,15.661946475505829,-122.27751475548094,37.76728112752839,-122.25,37.75
Robert W. Crown SMCA,1996-06-05,15.768150888383389,-122.27751475548094,37.76728112752839,-122.25,37.75
Robert W. Crown SMCA,1996-06-06,15.897793516516685,-122.27751475548094,37.76728112752839,-122.25,37.75
Robert W. Crown SMCA,1996-06-07,16.017181925475597,-122.27751475548094,37.76728112752839,-122.25,37.75
Robert W. Crown SMCA,1996-06-08,16.077974796295166,-122.27751475548094,37.76728112752839,-122.25,37.75
Robert W. Crown SMCA,1996-06-09,16.08749657124281,-122.27751475548094,37.76728112752839,-122.25,37.75
Robert W. Crown SMCA,1996-06-10,16.045014806091785,-122.27751475548094,37.76728112752839,-122.25,37.75
Robert W. Crown SMCA,1996-06-11,16.007660150527954,-122.27751475548094,37.76728112752839,-122.25,37.75
Robert W. Crown SMCA,1996-06-12,15.946134835481644,-122.27751475548094,37.76728112752839,-122.25,37.75
Robert W. Crown SMCA,1996-06-13,15.923429064452648,-122.27751475548094,37.76728112752839,-122.25,37.75
Robert W. Crown SMCA,1996-06-14,15.839930422604084,-122.27751475548094,37.76728112752839,-122.25,37.75
Robert W. Crown SMCA,1996-06-15,15.74837489426136,-122.27751475548094,37.76728112752839,-122.25,37.75
Robert W. Crown SMCA,1996-06-16,15.632648706436157,-122.27751475548094,37.76728112752839,-122.25,37.75
Robert W. Crown SMCA,1996-06-17,15.53596606850624,-122.27751475548094,37.76728112752839,-122.25,37.75
Robert W. Crown SMCA,1996-06-18,15.393871888518333,-122.27751475548094,37.76728112752839,-122.25,37.75
Robert W. Crown SMCA,1996-06-19,15.260567039251328,-122.27751475548094,37.76728112752839,-122.25,37.75
Robert W. Crown SMCA,1996-06-20,15.297921694815159,-122.27751475548094,37.76728112752839,-122.25,37.75
Robert W. Crown SMCA,1996-06-21,15.328684352338314,-122.27751475548094,37.76728112752839,-122.25,37.75
Robert W. Crown SMCA,1996-06-22,15.218085274100304,-122.27751475548094,37.76728112752839,-122.25,37.75
Robert W. Crown SMCA,1996-06-23,15.2005066126585,-122.27751475548094,37.76728112752839,-122.25,37.75
Robert W. Crown SMCA,1996-06-24,15.382885225117207,-122.27751475548094,37.76728112752839,-122.25,37.75
Robert W. Crown SMCA,1996-06-25,15.541093178093433,-122.27751475548094,37.76728112752839,-122.25,37.75
Robert W. Crown SMCA,1996-06-26,15.684652246534824,-122.27751475548094,37.76728112752839,-122.25,37.75
Robert W. Crown SMCA,1996-06-27,16.16074099391699,-122.27751475548094,37.76728112752839,-122.25,37.75
Robert W. Crown SMCA,1996-06-28,16.74596393108368,-122.27751475548094,37.76728112752839,-122.25,37.75
Robert W. Crown SMCA,1996-06-29,16.70494705438614,-122.27751475548094,37.76728112752839,-122.25,37.75
Robert W. Crown SMCA,1996-06-30,16.595812864601612,-122.27751475548094,37.76728112752839,-122.25,37.75
Robert W. Crown SMCA,1996-07-01,16.753288373351097,-122.27751475548094,37.76728112752839,-122.25,37.75
Robert W. Crown SMCA,1996-07-02,17.00378429889679,-122.27751475548094,37.76728112752839,-122.25,37.75
Robert W. Crown SMCA,1996-07-03,17.260139778256416,-122.27751475548094,37.76728112752839,-122.25,37.75
Robert W. Crown SMCA,1996-07-04,17.476210825145245,-122.27751475548094,37.76728112752839,-122.25,37.75
Robert W. Crown SMCA,1996-07-05,17.419080175459385,-122.27751475548094,37.76728112752839,-122.25,37.75
Robert W. Crown SMCA,1996-07-06,17.364879302680492,-122.27751475548094,37.76728112752839,-122.25,37.75
Robert W. Crown SMCA,1996-07-07,17.479873046278954,-122.27751475548094,37.76728112752839,-122.25,37.75
Robert W. Crown SMCA,1996-07-08,17.6454054415226,-122.27751475548094,37.76728112752839,-122.25,37.75
Robert W. Crown SMCA,1996-07-09,17.742820523679256,-122.27751475548094,37.76728112752839,-122.25,37.75
Robert W. Crown SMCA,1996-07-10,17.852687157690525,-122.27751475548094,37.76728112752839,-122.25,37.75
Robert W. Crown SMCA,1996-07-11,18.260658591985703,-122.27751475548094,37.76728112752839,-122.25,37.75
Robert W. Crown SMCA,1996-07-12,18.681814022362232,-122.27751475548094,37.76728112752839,-122.25,37.75
Robert W. Crown SMCA,1996-07-13,18.749198891222477,-122.27751475548094,37.76728112752839,-122.25,37.75
Robert W. Crown SMCA,1996-07-14,18.719168677926064,-122.27751475548094,37.76728112752839,-122.25,37.75
Robert W. Crown SMCA,1996-07-15,18.5375225096941,-122.27751475548094,37.76728112752839,-122.25,37.75
Robert W. Crown SMCA,1996-07-16,18.389568775892258,-122.27751475548094,37.76728112752839,-122.25,37.75
Robert W. Crown SMCA,1996-07-17,18.246009707450867,-122.27751475548094,37.76728112752839,-122.25,37.75
Robert W. Crown SMCA,1996-07-18,18.187414169311523,-122.27751475548094,37.76728112752839,-122.25,37.75
Robert W. Crown SMCA,1996-07-19,18.04239021241665,-122.27751475548094,37.76728112752839,-122.25,37.75
Robert W. Crown SMCA,1996-07-20,17.912747584283352,-122.27751475548094,37.76728112752839,-122.25,37.75
Robert W. Crown SMCA,1996-07-21,17.942045353353024,-122.27751475548094,37.76728112752839,-122.25,37.75
Robert W. Crown SMCA,1996-07-22,18.27603992074728,-122.27751475548094,37.76728112752839,-122.25,37.75
Robert W. Crown SMCA,1996-07-23,18.744071781635284,-122.27751475548094,37.76728112752839,-122.25,37.75
Robert W. Crown SMCA,1996-07-24,18.95062105357647,-122.27751475548094,37.76728112752839,-122.25,37.75
Robert W. Crown SMCA,1996-07-25,18.719168677926064,-122.27751475548094,37.76728112752839,-122.25,37.75
Robert W. Crown SMCA,1996-07-26,18.650318920612335,-122.27751475548094,37.76728112752839,-122.25,37.75
Robert W. Crown SMCA,1996-07-27,18.82464064657688,-122.27751475548094,37.76728112752839,-122.25,37.75
Robert W. Crown SMCA,1996-07-28,19.053895689547062,-122.27751475548094,37.76728112752839,-122.25,37.75
Robert W. Crown SMCA,1996-07-29,19.198919646441936,-122.27751475548094,37.76728112752839,-122.25,37.75
Robert W. Crown SMCA,1996-07-30,18.95428327471018,-122.27751475548094,37.76728112752839,-122.25,37.75
Robert W. Crown SMCA,1996-07-31,18.743339337408543,-122.27751475548094,37.76728112752839,-122.25,37.75
Robert W. Crown SMCA,1996-08-01,18.510422073304653,-122.27751475548094,37.76728112752839,-122.25,37.75
Robert W. Crown SMCA,1996-08-02,18.256996370851994,-122.27751475548094,37.76728112752839,-122.25,37.75
Robert W. Crown SMCA,1996-08-03,18.06802576035261,-122.27751475548094,37.76728112752839,-122.25,37.75
Robert W. Crown SMCA,1996-08-04,17.843897826969624,-122.27751475548094,37.76728112752839,-122.25,37.75
Robert W. Crown SMCA,1996-08-05,17.76039918512106,-122.27751475548094,37.76728112752839,-122.25,37.75
Robert W. Crown SMCA,1996-08-06,17.71132542192936,-122.27751475548094,37.76728112752839,-122.25,37.75
Robert W. Crown SMCA,1996-08-07,17.736960969865322,-122.27751475548094,37.76728112752839,-122.25,37.75
Robert W. Crown SMCA,1996-08-08,17.84682760387659,-122.27751475548094,37.76728112752839,-122.25,37.75
Robert W. Crown SMCA,1996-08-09,17.896633811295033,-122.27751475548094,37.76728112752839,-122.25,37.75
Robert W. Crown SMCA,1996-08-10,18.024079106748104,-122.27751475548094,37.76728112752839,-122.25,37.75
Robert W. Crown SMCA,1996-08-11,18.166905730962753,-122.27751475548094,37.76728112752839,-122.25,37.75
Robert W. Crown SMCA,1996-08-12,18.219641715288162,-122.27751475548094,37.76728112752839,-122.25,37.75
Robert W. Crown SMCA,1996-08-13,18.298013247549534,-122.27751475548094,37.76728112752839,-122.25,37.75
Robert W. Crown SMCA,1996-08-14,18.34488967806101,-122.27751475548094,37.76728112752839,-122.25,37.75
Robert W. Crown SMCA,1996-08-15,18.306070134043694,-122.27751475548094,37.76728112752839,-122.25,37.75
Robert W. Crown SMCA,1996-08-16,18.285561695694923,-122.27751475548094,37.76728112752839,-122.25,37.75
Robert W. Crown SMCA,1996-08-17,18.262855924665928,-122.27751475548094,37.76728112752839,-122.25,37.75
Robert W. Crown SMCA,1996-08-18,18.08413953334093,-122.27751475548094,37.76728112752839,-122.25,37.75
Robert W. Crown SMCA,1996-08-19,17.852687157690525,-122.27751475548094,37.76728112752839,-122.25,37.75
Robert W. Crown SMCA,1996-08-20,17.717917419970036,-122.27751475548094,37.76728112752839,-122.25,37.75
Robert W. Crown SMCA,1996-08-21,17.70766320079565,-122.27751475548094,37.76728112752839,-122.25,37.75
Robert W. Crown SMCA,1996-08-22,17.65858943760395,-122.27751475548094,37.76728112752839,-122.25,37.75
Robert W. Crown SMCA,1996-08-23,17.631489001214504,-122.27751475548094,37.76728112752839,-122.25,37.75
Robert W. Crown SMCA,1996-08-24,17.80507828295231,-122.27751475548094,37.76728112752839,-122.25,37.75
Robert W. Crown SMCA,1996-08-25,18.100985750555992,-122.27751475548094,37.76728112752839,-122.25,37.75
Robert W. Crown SMCA,1996-08-26,18.47672963887453,-122.27751475548094,37.76728112752839,-122.25,37.75
Robert W. Crown SMCA,1996-08-27,18.710379347205162,-122.27751475548094,37.76728112752839,-122.25,37.75
Robert W. Crown SMCA,1996-08-28,18.798272654414177,-122.27751475548094,37.76728112752839,-122.25,37.75
Robert W. Crown SMCA,1996-08-29,18.711111791431904,-122.27751475548094,37.76728112752839,-122.25,37.75
Robert W. Crown SMCA,1996-08-30,18.760185554623604,-122.27751475548094,37.76728112752839,-122.25,37.75
Robert W. Crown SMCA,1996-08-31,18.736747339367867,-122.27751475548094,37.76728112752839,-122.25,37.75
Robert W. Crown SMCA,1996-09-01,18.5865962728858,-122.27751475548094,37.76728112752839,-122.25,37.75
Robert W. Crown SMCA,1996-09-02,18.503097631037235,-122.27751475548094,37.76728112752839,-122.25,37.75
Robert W. Crown SMCA,1996-09-03,18.632740259170532,-122.27751475548094,37.76728112752839,-122.25,37.75
Robert W. Crown SMCA,1996-09-04,18.552903838455677,-122.27751475548094,37.76728112752839,-122.25,37.75
Robert W. Crown SMCA,1996-09-05,18.3990905508399,-122.27751475548094,37.76728112752839,-122.25,37.75
Robert W. Crown SMCA,1996-09-06,18.16617328673601,-122.27751475548094,37.76728112752839,-122.25,37.75
Robert W. Crown SMCA,1996-09-07,18.060701318085194,-122.27751475548094,37.76728112752839,-122.25,37.75
Robert W. Crown SMCA,1996-09-08,18.092928864061832,-122.27751475548094,37.76728112752839,-122.25,37.75
Robert W. Crown SMCA,1996-09-09,18.110507525503635,-122.27751475548094,37.76728112752839,-122.25,37.75
Robert W. Crown SMCA,1996-09-10,18.103183083236217,-122.27751475548094,37.76728112752839,-122.25,37.75
Robert W. Crown SMCA,1996-09-11,18.14859462529421,-122.27751475548094,37.76728112752839,-122.25,37.75
Robert W. Crown SMCA,1996-09-12,18.277504809200764,-122.27751475548094,37.76728112752839,-122.25,37.75
Robert W. Crown SMCA,1996-09-13,18.50163274258375,-122.27751475548094,37.76728112752839,-122.25,37.75
Robert W. Crown SMCA,1996-09-14,18.63200781494379,-122.27751475548094,37.76728112752839,-122.25,37.75
Robert W. Crown SMCA,1996-09-15,18.666432693600655,-122.27751475548094,37.76728112752839,-122.25,37.75
Robert W. Crown SMCA,1996-09-16,18.260658591985703,-122.27751475548094,37.76728112752839,-122.25,37.75
Robert W. Crown SMCA,1996-09-17,17.827784053981304,-122.27751475548094,37.76728112752839,-122.25,37.75
Robert W. Crown SMCA,1996-09-18,17.520157478749752,-122.27751475548094,37.76728112752839,-122.25,37.75
Robert W. Crown SMCA,1996-09-19,17.459364607930183,-122.27751475548094,37.76728112752839,-122.25,37.75
Robert W. Crown SMCA,1996-09-20,17.389782406389713,-122.27751475548094,37.76728112752839,-122.25,37.75
Robert W. Crown SMCA,1996-09-21,17.356822416186333,-122.27751475548094,37.76728112752839,-122.25,37.75
Robert W. Crown SMCA,1996-09-22,17.31141087412834,-122.27751475548094,37.76728112752839,-122.25,37.75
Robert W. Crown SMCA,1996-09-23,17.247688226401806,-122.27751475548094,37.76728112752839,-122.25,37.75
Robert W. Crown SMCA,1996-09-24,17.448377944529057,-122.27751475548094,37.76728112752839,-122.25,37.75
Robert W. Crown SMCA,1996-09-25,17.68642231822014,-122.27751475548094,37.76728112752839,-122.25,37.75
Robert W. Crown SMCA,1996-09-26,17.835108496248722,-122.27751475548094,37.76728112752839,-122.25,37.75
Robert W. Crown SMCA,1996-09-27,17.982329785823822,-122.27751475548094,37.76728112752839,-122.25,37.75
Robert W. Crown SMCA,1996-09-28,18.09146397560835,-122.27751475548094,37.76728112752839,-122.25,37.75
Robert W. Crown SMCA,1996-09-29,18.020416885614395,-122.27751475548094,37.76728112752839,-122.25,37.75
Robert W. Crown SMCA,1996-09-30,17.67030854523182,-122.27751475548094,37.76728112752839,-122.25,37.75
Robert W. Crown SMCA,1996-10-01,17.410290844738483,-122.27751475548094,37.76728112752839,-122.25,37.75
Robert W. Crown SMCA,1996-10-02,17.540665917098522,-122.27751475548094,37.76728112752839,-122.25,37.75
Robert W. Crown SMCA,1996-10-03,17.632953889667988,-122.27751475548094,37.76728112752839,-122.25,37.75
Robert W. Crown SMCA,1996-10-04,17.517227701842785,-122.27751475548094,37.76728112752839,-122.25,37.75
Robert W. Crown SMCA,1996-10-05,17.49452193081379,-122.27751475548094,37.76728112752839,-122.25,37.75
Robert W. Crown SMCA,1996-10-06,17.501113928854465,-122.27751475548094,37.76728112752839,-122.25,37.75
Robert W. Crown SMCA,1996-10-07,17.477675713598728,-122.27751475548094,37.76728112752839,-122.25,37.75
Robert W. Crown SMCA,1996-10-08,17.612445451319218,-122.27751475548094,37.76728112752839,-122.25,37.75
Robert W. Crown SMCA,1996-10-09,17.85488449037075,-122.27751475548094,37.76728112752839,-122.25,37.75
Robert W. Crown SMCA,1996-10-10,18.085604421794415,-122.27751475548094,37.76728112752839,-122.25,37.75
Robert W. Crown SMCA,1996-10-11,18.109775081276894,-122.27751475548094,37.76728112752839,-122.25,37.75
Robert W. Crown SMCA,1996-10-12,18.028473772108555,-122.27751475548094,37.76728112752839,-122.25,37.75
Robert W. Crown SMCA,1996-10-13,18.106845304369926,-122.27751475548094,37.76728112752839,-122.25,37.75
Robert W. Crown SMCA,1996-10-14,17.7032685354352,-122.27751475548094,37.76728112752839,-122.25,37.75
Robert W. Crown SMCA,1996-10-15,17.328989535570145,-122.27751475548094,37.76728112752839,-122.25,37.75
Robert W. Crown SMCA,1996-10-16,16.850703455507755,-122.27751475548094,37.76728112752839,-122.25,37.75
Robert W. Crown SMCA,1996-10-17,16.272804960608482,-122.27751475548094,37.76728112752839,-122.25,37.75
Robert W. Crown SMCA,1996-10-18,16.04721213877201,-122.27751475548094,37.76728112752839,-122.25,37.75
Robert W. Crown SMCA,1996-10-19,15.68318735808134,-122.27751475548094,37.76728112752839,-122.25,37.75
Robert W. Crown SMCA,1996-10-20,15.007141336798668,-122.27751475548094,37.76728112752839,-122.25,37.75
Robert W. Crown SMCA,1996-10-21,14.544969029724598,-122.27751475548094,37.76728112752839,-122.25,37.75
Robert W. Crown SMCA,1996-10-22,14.563280135393143,-122.27751475548094,37.76728112752839,-122.25,37.75
Robert W. Crown SMCA,1996-10-23,14.556688137352467,-122.27751475548094,37.76728112752839,-122.25,37.75
Robert W. Crown SMCA,1996-10-24,14.526657924056053,-122.27751475548094,37.76728112752839,-122.25,37.75
Robert W. Crown SMCA,1996-10-25,14.318643763661385,-122.27751475548094,37.76728112752839,-122.25,37.75
Robert W. Crown SMCA,1996-10-26,13.70705283433199,-122.27751475548094,37.76728112752839,-122.25,37.75
Robert W. Crown SMCA,1996-10-27,13.260261856019497,-122.27751475548094,37.76728112752839,-122.25,37.75
Robert W. Crown SMCA,1996-10-28,13.231696531176567,-122.27751475548094,37.76728112752839,-122.25,37.75
Robert W. Crown SMCA,1996-10-29,13.376720488071442,-122.27751475548094,37.76728112752839,-122.25,37.75
Robert W. Crown SMCA,1996-10-30,13.466811127960682,-122.27751475548094,37.76728112752839,-122.25,37.75
Robert W. Crown SMCA,1996-10-31,13.47047334909439,-122.27751475548094,37.76728112752839,-122.25,37.75
Robert W. Crown SMCA,1996-11-01,13.593523979187012,-122.27751475548094,37.76728112752839,-122.25,37.75
Robert W. Crown SMCA,1996-11-02,13.645527519285679,-122.27751475548094,37.76728112752839,-122.25,37.75
Robert W. Crown SMCA,1996-11-03,13.356944493949413,-122.27751475548094,37.76728112752839,-122.25,37.75
Robert W. Crown SMCA,1996-11-04,13.101321458816528,-122.27751475548094,37.76728112752839,-122.25,37.75
Robert W. Crown SMCA,1996-11-05,12.863277085125446,-122.27751475548094,37.76728112752839,-122.25,37.75
Robert W. Crown SMCA,1996-11-06,12.549058511853218,-122.27751475548094,37.76728112752839,-122.25,37.75
Robert W. Crown SMCA,1996-11-07,12.468489646911621,-122.27751475548094,37.76728112752839,-122.25,37.75
Robert W. Crown SMCA,1996-11-08,12.622302934527397,-122.27751475548094,37.76728112752839,-122.25,37.75
Robert W. Crown SMCA,1996-11-09,12.865474417805672,-122.27751475548094,37.76728112752839,-122.25,37.75
Robert W. Crown SMCA,1996-11-10,13.144535668194294,-122.27751475548094,37.76728112752839,-122.25,37.75
Robert W. Crown SMCA,1996-11-11,13.274178296327591,-122.27751475548094,37.76728112752839,-122.25,37.75
Robert W. Crown SMCA,1996-11-12,13.26978363096714,-122.27751475548094,37.76728112752839,-122.25,37.75
Robert W. Crown SMCA,1996-11-13,13.270516075193882,-122.27751475548094,37.76728112752839,-122.25,37.75
Robert W. Crown SMCA,1996-11-14,13.211920537054539,-122.27751475548094,37.76728112752839,-122.25,37.75
Robert W. Crown SMCA,1996-11-15,12.878658413887024,-122.27751475548094,37.76728112752839,-122.25,37.75
Robert W. Crown SMCA,1996-11-16,12.67284158617258,-122.27751475548094,37.76728112752839,-122.25,37.75
Robert W. Crown SMCA,1996-11-17,12.542466513812542,-122.27751475548094,37.76728112752839,-122.25,37.75
Robert W. Crown SMCA,1996-11-18,12.600329607725143,-122.27751475548094,37.76728112752839,-122.25,37.75
Robert W. Crown SMCA,1996-11-19,12.686025582253933,-122.27751475548094,37.76728112752839,-122.25,37.75
Robert W. Crown SMCA,1996-11-20,12.739494010806084,-122.27751475548094,37.76728112752839,-122.25,37.75
Robert W. Crown SMCA,1996-11-21,12.79515977203846,-122.27751475548094,37.76728112752839,-122.25,37.75
Robert W. Crown SMCA,1996-11-22,12.853022865951061,-122.27751475548094,37.76728112752839,-122.25,37.75
Robert W. Crown SMCA,1996-11-23,12.881588190793991,-122.27751475548094,37.76728112752839,-122.25,37.75
Robert W. Crown SMCA,1996-11-24,12.964354388415813,-122.27751475548094,37.76728112752839,-122.25,37.75
Robert W. Crown SMCA,1996-11-25,13.12622456252575,-122.27751475548094,37.76728112752839,-122.25,37.75
Robert W. Crown SMCA,1996-11-26,12.833246871829033,-122.27751475548094,37.76728112752839,-122.25,37.75
Robert W. Crown SMCA,1996-11-27,12.675771363079548,-122.27751475548094,37.76728112752839,-122.25,37.75
Robert W. Crown SMCA,1996-11-28,12.673574030399323,-122.27751475548094,37.76728112752839,-122.25,37.75
Robert W. Crown SMCA,1996-11-29,12.398907445371151,-122.27751475548094,37.76728112752839,-122.25,37.75
Robert W. Crown SMCA,1996-11-30,12.138889744877815,-122.27751475548094,37.76728112752839,-122.25,37.75
Robert W. Crown SMCA,1996-12-01,12.154271073639393,-122.27751475548094,37.76728112752839,-122.25,37.75
Robert W. Crown SMCA,1996-12-02,11.89938048273325,-122.27751475548094,37.76728112752839,-122.25,37.75
Robert W. Crown SMCA,1996-12-03,11.667928107082844,-122.27751475548094,37.76728112752839,-122.25,37.75
Robert W. Crown SMCA,1996-12-04,11.694296099245548,-122.27751475548094,37.76728112752839,-122.25,37.75
Robert W. Crown SMCA,1996-12-05,11.762413412332535,-122.27751475548094,37.76728112752839,-122.25,37.75
Robert W. Crown SMCA,1996-12-06,11.818811617791653,-122.27751475548094,37.76728112752839,-122.25,37.75
Robert W. Crown SMCA,1996-12-07,11.86275827139616,-122.27751475548094,37.76728112752839,-122.25,37.75
Robert W. Crown SMCA,1996-12-08,11.938200026750565,-122.27751475548094,37.76728112752839,-122.25,37.75
Robert W. Crown SMCA,1996-12-09,12.03048799932003,-122.27751475548094,37.76728112752839,-122.25,37.75
Robert W. Crown SMCA,1996-12-10,12.094210647046566,-122.27751475548094,37.76728112752839,-122.25,37.75
Robert W. Crown SMCA,1996-12-11,12.232642605900764,-122.27751475548094,37.76728112752839,-122.25,37.75
Robert W. Crown SMCA,1996-12-12,12.393047891557217,-122.27751475548094,37.76728112752839,-122.25,37.75
Robert W. Crown SMCA,1996-12-13,12.530014961957932,-122.27751475548094,37.76728112752839,-122.25,37.75
Robert W. Crown SMCA,1996-12-14,12.360087901353836,-122.27751475548094,37.76728112752839,-122.25,37.75
Robert W. Crown SMCA,1996-12-15,12.209936834871769,-122.27751475548094,37.76728112752839,-122.25,37.75
Robert W. Crown SMCA,1996-12-16,12.363017678260803,-122.27751475548094,37.76728112752839,-122.25,37.75
Robert W. Crown SMCA,1996-12-17,12.403302110731602,-122.27751475548094,37.76728112752839,-122.25,37.75
Robert W. Crown SMCA,1996-12-18,12.37839900702238,-122.27751475548094,37.76728112752839,-122.25,37.75
Robert W. Crown SMCA,1996-12-19,12.587878055870533,-122.27751475548094,37.76728112752839,-122.25,37.75
Robert W. Crown SMCA,1996-12-20,12.64427626132965,-122.27751475548094,37.76728112752839,-122.25,37.75
Robert W. Crown SMCA,1996-12-21,12.375469230115414,-122.27751475548094,37.76728112752839,-122.25,37.75
Robert W. Crown SMCA,1996-12-22,11.910367146134377,-122.27751475548094,37.76728112752839,-122.25,37.75
Robert W. Crown SMCA,1996-12-23,11.743369862437248,-122.27751475548094,37.76728112752839,-122.25,37.75
Robert W. Crown SMCA,1996-12-24,11.89938048273325,-122.27751475548094,37.76728112752839,-122.25,37.75
Robert W. Crown SMCA,1996-12-25,12.012909337878227,-122.27751475548094,37.76728112752839,-122.25,37.75
Robert W. Crown SMCA,1996-12-26,12.057588435709476,-122.27751475548094,37.76728112752839,-122.25,37.75
Robert W. Crown SMCA,1996-12-27,11.877407155930996,-122.27751475548094,37.76728112752839,-122.25,37.75
Robert W. Crown SMCA,1996-12-28,11.927213363349438,-122.27751475548094,37.76728112752839,-122.25,37.75
Robert W. Crown SMCA,1996-12-29,11.914761811494827,-122.27751475548094,37.76728112752839,-122.25,37.75
Robert W. Crown SMCA,1996-12-30,12.021698668599129,-122.27751475548094,37.76728112752839,-122.25,37.75
Robert W. Crown SMCA,1996-12-31,12.135227523744106,-122.27751475548094,37.76728112752839,-122.25,37.75
Robert W. Crown SMCA,1997-01-01,12.293435476720333,-122.27751475548094,37.76728112752839,-122.25,37.75
Robert W. Crown SMCA,1997-01-02,12.404766999185085,-122.27751475548094,37.76728112752839,-122.25,37.75
Robert W. Crown SMCA,1997-01-03,12.449446097016335,-122.27751475548094,37.76728112752839,-122.25,37.75
Robert W. Crown SMCA,1997-01-04,12.313211470842361,-122.27751475548094,37.76728112752839,-122.25,37.75
Robert W. Crown SMCA,1997-01-05,12.069307543337345,-122.27751475548094,37.76728112752839,-122.25,37.75
Robert W. Crown SMCA,1997-01-06,11.621784120798111,-122.27751475548094,37.76728112752839,-122.25,37.75
Robert W. Crown SMCA,1997-01-07,11.30243843793869,-122.27751475548094,37.76728112752839,-122.25,37.75
Robert W. Crown SMCA,1997-01-08,11.240180678665638,-122.27751475548094,37.76728112752839,-122.25,37.75
Robert W. Crown SMCA,1997-01-09,11.333933539688587,-122.27751475548094,37.76728112752839,-122.25,37.75
Robert W. Crown SMCA,1997-01-10,11.370555751025677,-122.27751475548094,37.76728112752839,-122.25,37.75
Robert W. Crown SMCA,1997-01-11,11.387401968240738,-122.27751475548094,37.76728112752839,-122.25,37.75
Robert W. Crown SMCA,1997-01-12,11.432081066071987,-122.27751475548094,37.76728112752839,-122.25,37.75
Robert W. Crown SMCA,1997-01-13,11.270210891962051,-122.27751475548094,37.76728112752839,-122.25,37.75
Robert W. Crown SMCA,1997-01-14,11.334665983915329,-122.27751475548094,37.76728112752839,-122.25,37.75
Robert W. Crown SMCA,1997-01-15,11.342722870409489,-122.27751475548094,37.76728112752839,-122.25,37.75
Robert W. Crown SMCA,1997-01-16,11.39619129896164,-122.27751475548094,37.76728112752839,-122.25,37.75
Robert W. Crown SMCA,1997-01-17,11.33100376278162,-122.27751475548094,37.76728112752839,-122.25,37.75
Robert W. Crown SMCA,1997-01-18,11.427686400711536,-122.27751475548094,37.76728112752839,-122.25,37.75
Robert W. Crown SMCA,1997-01-19,11.42915128916502,-122.27751475548094,37.76728112752839,-122.25,37.75
Robert W. Crown SMCA,1997-01-20,11.346385091543198,-122.27751475548094,37.76728112752839,-122.25,37.75
Robert W. Crown SMCA,1997-01-21,11.201361134648323,-122.27751475548094,37.76728112752839,-122.25,37.75
Robert W. Crown SMCA,1997-01-22,11.177190475165844,-122.27751475548094,37.76728112752839,-122.25,37.75
Robert W. Crown SMCA,1997-01-23,11.127384267747402,-122.27751475548094,37.76728112752839,-122.25,37.75
Robert W. Crown SMCA,1997-01-24,11.233588680624962,-122.27751475548094,37.76728112752839,-122.25,37.75
Robert W. Crown SMCA,1997-01-25,11.2167424634099,-122.27751475548094,37.76728112752839,-122.25,37.75
Robert W. Crown SMCA,1997-01-26,11.336863316595554,-122.27751475548094,37.76728112752839,-122.25,37.75
Robert W. Crown SMCA,1997-01-27,11.528763704001904,-122.27751475548094,37.76728112752839,-122.25,37.75
Robert W. Crown SMCA,1997-01-28,11.672322772443295,-122.27751475548094,37.76728112752839,-122.25,37.75
Robert W. Crown SMCA,1997-01-29,11.89571826159954,-122.27751475548094,37.76728112752839,-122.25,37.75
Robert W. Crown SMCA,1997-01-30,12.12057863920927,-122.27751475548094,37.76728112752839,-122.25,37.75
Robert W. Crown SMCA,1997-01-31,12.332255020737648,-122.27751475548094,37.76728112752839,-122.25,37.75
Robert W. Crown SMCA,1997-02-01,12.490462973713875,-122.27751475548094,37.76728112752839,-122.25,37.75
Robert W. Crown SMCA,1997-02-02,12.481673642992973,-122.27751475548094,37.76728112752839,-122.25,37.75
Robert W. Crown SMCA,1997-02-03,12.493392750620842,-122.27751475548094,37.76728112752839,-122.25,37.75
Robert W. Crown SMCA,1997-02-04,12.598132275044918,-122.27751475548094,37.76728112752839,-122.25,37.75
Robert W. Crown SMCA,1997-02-05,12.462630093097687,-122.27751475548094,37.76728112752839,-122.25,37.75
Robert W. Crown SMCA,1997-02-06,12.444318987429142,-122.27751475548094,37.76728112752839,-122.25,37.75
Robert W. Crown SMCA,1997-02-07,12.617908269166946,-122.27751475548094,37.76728112752839,-122.25,37.75
Robert W. Crown SMCA,1997-02-08,12.629627376794815,-122.27751475548094,37.76728112752839,-122.25,37.75
Robert W. Crown SMCA,1997-02-09,12.645741149783134,-122.27751475548094,37.76728112752839,-122.25,37.75
Robert W. Crown SMCA,1997-02-10,12.832514427602291,-122.27751475548094,37.76728112752839,-122.25,37.75
Robert W. Crown SMCA,1997-02-11,13.08594013005495,-122.27751475548094,37.76728112752839,-122.25,37.75
Robert W. Crown SMCA,1997-02-12,12.855952642858028,-122.27751475548094,37.76728112752839,-122.25,37.75
Robert W. Crown SMCA,1997-02-13,12.667714476585388,-122.27751475548094,37.76728112752839,-122.25,37.75
Robert W. Crown SMCA,1997-02-14,12.674306474626064,-122.27751475548094,37.76728112752839,-122.25,37.75
Robert W. Crown SMCA,1997-02-15,12.986327715218067,-122.27751475548094,37.76728112752839,-122.25,37.75
Robert W. Crown SMCA,1997-02-16,13.39210181683302,-122.27751475548094,37.76728112752839,-122.25,37.75
Robert W. Crown SMCA,1997-02-17,13.376720488071442,-122.27751475548094,37.76728112752839,-122.25,37.75
Robert W. Crown SMCA,1997-02-18,13.05737480521202,-122.27751475548094,37.76728112752839,-122.25,37.75
Robert W. Crown SMCA,1997-02-19,13.13867611438036,-122.27751475548094,37.76728112752839,-122.25,37.75
Robert W. Crown SMCA,1997-02-20,12.935789063572884,-122.27751475548094,37.76728112752839,-122.25,37.75
Robert W. Crown SMCA,1997-02-21,12.694082468748093,-122.27751475548094,37.76728112752839,-122.25,37.75
Robert W. Crown SMCA,1997-02-22,12.556382954120636,-122.27751475548094,37.76728112752839,-122.25,37.75
Robert W. Crown SMCA,1997-02-23,12.41062655299902,-122.27751475548094,37.76728112752839,-122.25,37.75
Robert W. Crown SMCA,1997-02-24,12.183568842709064,-122.27751475548094,37.76728112752839,-122.25,37.75
Robert W. Crown SMCA,1997-02-25,11.938932470977306,-122.27751475548094,37.76728112752839,-122.25,37.75
Robert W. Crown SMCA,1997-02-26,11.807824954390526,-122.27751475548094,37.76728112752839,-122.25,37.75
Robert W. Crown SMCA,1997-02-27,11.484084606170654,-122.27751475548094,37.76728112752839,-122.25,37.75
Robert W. Crown SMCA,1997-02-28,11.000671416521072,-122.27751475548094,37.76728112752839,-122.25,37.75
Robert W. Crown SMCA,1997-03-01,10.767021708190441,-122.27751475548094,37.76728112752839,-122.25,37.75
Robert W. Crown SMCA,1997-03-02,10.854182571172714,-122.27751475548094,37.76728112752839,-122.25,37.75
Robert W. Crown SMCA,1997-03-03,10.665211960673332,-122.27751475548094,37.76728112752839,-122.25,37.75
Robert W. Crown SMCA,1997-03-04,10.368572048842907,-122.27751475548094,37.76728112752839,-122.25,37.75
Robert W. Crown SMCA,1997-03-05,10.481368459761143,-122.27751475548094,37.76728112752839,-122.25,37.75
Robert W. Crown SMCA,1997-03-06,10.693777285516262,-122.27751475548094,37.76728112752839,-122.25,37.75
Robert W. Crown SMCA,1997-03-07,10.531907111406326,-122.27751475548094,37.76728112752839,-122.25,37.75
Robert W. Crown SMCA,1997-03-08,10.529709778726101,-122.27751475548094,37.76728112752839,-122.25,37.75
Robert W. Crown SMCA,1997-03-09,10.543626219034195,-122.27751475548094,37.76728112752839,-122.25,37.75
Robert W. Crown SMCA,1997-03-10,10.687917731702328,-122.27751475548094,37.76728112752839,-122.25,37.75
Robert W. Crown SMCA,1997-03-11,10.86883145570755,-122.27751475548094,37.76728112752839,-122.25,37.75
Robert W. Crown SMCA,1997-03-12,10.836603909730911,-122.27751475548094,37.76728112752839,-122.25,37.75
Robert W. Crown SMCA,1997-03-13,10.731131941080093,-122.27751475548094,37.76728112752839,-122.25,37.75
Robert W. Crown SMCA,1997-03-14,10.668874181807041,-122.27751475548094,37.76728112752839,-122.25,37.75
Robert W. Crown SMCA,1997-03-15,10.808771029114723,-122.27751475548094,37.76728112752839,-122.25,37.75
Robert W. Crown SMCA,1997-03-16,11.027771852910519,-122.27751475548094,37.76728112752839,-122.25,37.75
Robert W. Crown SMCA,1997-03-17,11.127384267747402,-122.27751475548094,37.76728112752839,-122.25,37.75
Robert W. Crown SMCA,1997-03-18,11.333201095461845,-122.27751475548094,37.76728112752839,-122.25,37.75
Robert W. Crown SMCA,1997-03-19,11.586626797914505,-122.27751475548094,37.76728112752839,-122.25,37.75
Robert W. Crown SMCA,1997-03-20,11.834925390779972,-122.27751475548094,37.76728112752839,-122.25,37.75
Robert W. Crown SMCA,1997-03-21,12.037079997360706,-122.27751475548094,37.76728112752839,-122.25,37.75
Robert W. Crown SMCA,1997-03-22,12.17770928889513,-122.27751475548094,37.76728112752839,-122.25,37.75
Robert W. Crown SMCA,1997-03-23,12.330057688057423,-122.27751475548094,37.76728112752839,-122.25,37.75
Robert W. Crown SMCA,1997-03-24,12.48460341989994,-122.27751475548094,37.76728112752839,-122.25,37.75
Robert W. Crown SMCA,1997-03-25,12.776848666369915,-122.27751475548094,37.76728112752839,-122.25,37.75
Robert W. Crown SMCA,1997-03-26,13.14307077974081,-122.27751475548094,37.76728112752839,-122.25,37.75
Robert W. Crown SMCA,1997-03-27,13.199468985199928,-122.27751475548094,37.76728112752839,-122.25,37.75
Robert W. Crown SMCA,1997-03-28,13.170171216130257,-122.27751475548094,37.76728112752839,-122.25,37.75
Robert W. Crown SMCA,1997-03-29,13.0815454646945,-122.27751475548094,37.76728112752839,-122.25,37.75
Robert W. Crown SMCA,1997-03-30,13.362071603536606,-122.27751475548094,37.76728112752839,-122.25,37.75
Robert W. Crown SMCA,1997-03-31,13.280037850141525,-122.27751475548094,37.76728112752839,-122.25,37.75
Robert W. Crown SMCA,1997-04-01,12.883053079247475,-122.27751475548094,37.76728112752839,-122.25,37.75
Robert W. Crown SMCA,1997-04-02,12.39817500114441,-122.27751475548094,37.76728112752839,-122.25,37.75
Robert W. Crown SMCA,1997-04-03,12.146946631371975,-122.27751475548094,37.76728112752839,-122.25,37.75
Robert W. Crown SMCA,1997-04-04,12.081026650965214,-122.27751475548094,37.76728112752839,-122.25,37.75
Robert W. Crown SMCA,1997-04-05,11.969695128500462,-122.27751475548094,37.76728112752839,-122.25,37.75
Robert W. Crown SMCA,1997-04-06,12.25974304229021,-122.27751475548094,37.76728112752839,-122.25,37.75
Robert W. Crown SMCA,1997-04-07,12.609118938446045,-122.27751475548094,37.76728112752839,-122.25,37.75
Robert W. Crown SMCA,1997-04-08,12.712393574416637,-122.27751475548094,37.76728112752839,-122.25,37.75
Robert W. Crown SMCA,1997-04-09,12.366679899394512,-122.27751475548094,37.76728112752839,-122.25,37.75
Robert W. Crown SMCA,1997-04-10,12.099337756633759,-122.27751475548094,37.76728112752839,-122.25,37.75
Robert W. Crown SMCA,1997-04-11,11.934537805616856,-122.27751475548094,37.76728112752839,-122.25,37.75
Robert W. Crown SMCA,1997-04-12,11.974822238087654,-122.27751475548094,37.76728112752839,-122.25,37.75
Robert W. Crown SMCA,1997-04-13,12.121311083436012,-122.27751475548094,37.76728112752839,-122.25,37.75
Robert W. Crown SMCA,1997-04-14,12.266335040330887,-122.27751475548094,37.76728112752839,-122.25,37.75
Robert W. Crown SMCA,1997-04-15,12.555650509893894,-122.27751475548094,37.76728112752839,-122.25,37.75
Robert W. Crown SMCA,1997-04-16,12.987060159444809,-122.27751475548094,37.76728112752839,-122.25,37.75
Robert W. Crown SMCA,1997-04-17,13.292489401996136,-122.27751475548094,37.76728112752839,-122.25,37.75
Robert W. Crown SMCA,1997-04-18,13.43311869353056,-122.27751475548094,37.76728112752839,-122.25,37.75
Robert W. Crown SMCA,1997-04-19,13.466811127960682,-122.27751475548094,37.76728112752839,-122.25,37.75
Robert W. Crown SMCA,1997-04-20,13.559099100530148,-122.27751475548094,37.76728112752839,-122.25,37.75
Robert W. Crown SMCA,1997-04-21,13.702658168971539,-122.27751475548094,37.76728112752839,-122.25,37.75
Robert W. Crown SMCA,1997-04-22,13.84255501627922,-122.27751475548094,37.76728112752839,-122.25,37.75
Robert W. Crown SMCA,1997-04-23,13.875515006482601,-122.27751475548094,37.76728112752839,-122.25,37.75
Robert W. Crown SMCA,1997-04-24,13.540787994861603,-122.27751475548094,37.76728112752839,-122.25,37.75
Robert W. Crown SMCA,1997-04-25,13.301278732717037,-122.27751475548094,37.76728112752839,-122.25,37.75
Robert W. Crown SMCA,1997-04-26,13.366466268897057,-122.27751475548094,37.76728112752839,-122.25,37.75
Robert W. Crown SMCA,1997-04-27,13.505630671977997,-122.27751475548094,37.76728112752839,-122.25,37.75
Robert W. Crown SMCA,1997-04-28,13.375255599617958,-122.27751475548094,37.76728112752839,-122.25,37.75
Robert W. Crown SMCA,1997-04-29,13.307870730757713,-122.27751475548094,37.76728112752839,-122.25,37.75
Robert W. Crown SMCA,1997-04-30,13.350352495908737,-122.27751475548094,37.76728112752839,-122.25,37.75
Robert W. Crown SMCA,1997-05-01,13.293221846222878,-122.27751475548094,37.76728112752839,-122.25,37.75
Robert W. Crown SMCA,1997-05-02,13.183355212211609,-122.27751475548094,37.76728112752839,-122.25,37.75
Robert W. Crown SMCA,1997-05-03,13.471205793321133,-122.27751475548094,37.76728112752839,-122.25,37.75
Robert W. Crown SMCA,1997-05-04,13.868923008441925,-122.27751475548094,37.76728112752839,-122.25,37.75
Robert W. Crown SMCA,1997-05-05,14.11648915708065,-122.27751475548094,37.76728112752839,-122.25,37.75
Robert W. Crown SMCA,1997-05-06,14.27982421964407,-122.27751475548094,37.76728112752839,-122.25,37.75
Robert W. Crown SMCA,1997-05-07,14.208044685423374,-122.27751475548094,37.76728112752839,-122.25,37.75
Robert W. Crown SMCA,1997-05-08,14.293008215725422,-122.27751475548094,37.76728112752839,-122.25,37.75
Robert W. Crown SMCA,1997-05-09,14.409466847777367,-122.27751475548094,37.76728112752839,-122.25,37.75
Robert W. Crown SMCA,1997-05-10,14.558885470032692,-122.27751475548094,37.76728112752839,-122.25,37.75
Robert W. Crown SMCA,1997-05-11,14.780083626508713,-122.27751475548094,37.76728112752839,-122.25,37.75
Robert W. Crown SMCA,1997-05-12,15.039368882775307,-122.27751475548094,37.76728112752839,-122.25,37.75
Robert W. Crown SMCA,1997-05-13,15.439283430576324,-122.27751475548094,37.76728112752839,-122.25,37.75
Robert W. Crown SMCA,1997-05-14,15.945402391254902,-122.27751475548094,37.76728112752839,-122.25,37.75
Robert W. Crown SMCA,1997-05-15,16.336527608335018,-122.27751475548094,37.76728112752839,-122.25,37.75
Robert W. Crown SMCA,1997-05-16,16.47276223450899,-122.27751475548094,37.76728112752839,-122.25,37.75
Robert W. Crown SMCA,1997-05-17,16.59434797614813,-122.27751475548094,37.76728112752839,-122.25,37.75
Robert W. Crown SMCA,1997-05-18,16.907834105193615,-122.27751475548094,37.76728112752839,-122.25,37.75
Robert W. Crown SMCA,1997-05-19,17.207403793931007,-122.27751475548094,37.76728112752839,-122.25,37.75
Robert W. Crown SMCA,1997-05-20,16.964964754879475,-122.27751475548094,37.76728112752839,-122.25,37.75
Robert W. Crown SMCA,1997-05-21,16.951780758798122,-122.27751475548094,37.76728112752839,-122.25,37.75
Robert W. Crown SMCA,1997-05-22,17.137089148163795,-122.27751475548094,37.76728112752839,-122.25,37.75
Robert W. Crown SMCA,1997-05-23,17.561174355447292,-122.27751475548094,37.76728112752839,-122.25,37.75
Robert W. Crown SMCA,1997-05-24,17.987456895411015,-122.27751475548094,37.76728112752839,-122.25,37.75
Robert W. Crown SMCA,1997-05-25,17.818994723260403,-122.27751475548094,37.76728112752839,-122.25,37.75
Robert W. Crown SMCA,1997-05-26,17.840968050062656,-122.27751475548094,37.76728112752839,-122.25,37.75
Robert W. Crown SMCA,1997-05-27,18.25113681703806,-122.27751475548094,37.76728112752839,-122.25,37.75
Robert W. Crown SMCA,1997-05-28,18.695730462670326,-122.27751475548094,37.76728112752839,-122.25,37.75
Robert W. Crown SMCA,1997-05-29,18.853938415646553,-122.27751475548094,37.76728112752839,-122.25,37.75
Robert W. Crown SMCA,1997-05-30,19.010681480169296,-122.27751475548094,37.76728112752839,-122.25,37.75
Robert W. Crown SMCA,1997-05-31,19.304391615092754,-122.27751475548094,37.76728112752839,-122.25,37.75
Robert W. Crown SMCA,1997-06-01,19.43403424322605,-122.27751475548094,37.76728112752839,-122.25,37.75
Robert W. Crown SMCA,1997-06-02,18.93084505945444,-122.27751475548094,37.76728112752839,-122.25,37.75
Robert W. Crown SMCA,1997-06-03,18.834894865751266,-122.27751475548094,37.76728112752839,-122.25,37.75
Robert W. Crown SMCA,1997-06-04,19.00848414748907,-122.27751475548094,37.76728112752839,-122.25,37.75
Robert W. Crown SMCA,1997-06-05,18.706717126071453,-122.27751475548094,37.76728112752839,-122.25,37.75
Robert W. Crown SMCA,1997-06-06,18.06729331612587,-122.27751475548094,37.76728112752839,-122.25,37.75
Robert W. Crown SMCA,1997-06-07,17.604388564825058,-122.27751475548094,37.76728112752839,-122.25,37.75
Robert W. Crown SMCA,1997-06-08,17.235969118773937,-122.27751475548094,37.76728112752839,-122.25,37.75
Robert W. Crown SMCA,1997-06-09,17.04919584095478,-122.27751475548094,37.76728112752839,-122.25,37.75
Robert W. Crown SMCA,1997-06-10,17.02795495837927,-122.27751475548094,37.76728112752839,-122.25,37.75
Robert W. Crown SMCA,1997-06-11,16.997924745082855,-122.27751475548094,37.76728112752839,-122.25,37.75
Robert W. Crown SMCA,1997-06-12,17.014038518071175,-122.27751475548094,37.76728112752839,-122.25,37.75
Robert W. Crown SMCA,1997-06-13,16.723258160054684,-122.27751475548094,37.76728112752839,-122.25,37.75
Robert W. Crown SMCA,1997-06-14,16.52916043996811,-122.27751475548094,37.76728112752839,-122.25,37.75
Robert W. Crown SMCA,1997-06-15,16.797235026955605,-122.27751475548094,37.76728112752839,-122.25,37.75
Robert W. Crown SMCA,1997-06-16,16.992797635495663,-122.27751475548094,37.76728112752839,-122.25,37.75
Robert W. Crown SMCA,1997-06-17,17.046266064047813,-122.27751475548094,37.76728112752839,-122.25,37.75
Robert W. Crown SMCA,1997-06-18,17.082888275384903,-122.27751475548094,37.76728112752839,-122.25,37.75
Robert W. Crown SMCA,1997-06-19,17.0162358507514,-122.27751475548094,37.76728112752839,-122.25,37.75
Robert W. Crown SMCA,1997-06-20,16.945921204984188,-122.27751475548094,37.76728112752839,-122.25,37.75
Robert W. Crown SMCA,1997-06-21,16.912961214780807,-122.27751475548094,37.76728112752839,-122.25,37.75
Robert W. Crown SMCA,1997-06-22,16.837519459426403,-122.27751475548094,37.76728112752839,-122.25,37.75
Robert W. Crown SMCA,1997-06-23,16.75914792716503,-122.27751475548094,37.76728112752839,-122.25,37.75
Robert W. Crown SMCA,1997-06-24,16.66466262191534,-122.27751475548094,37.76728112752839,-122.25,37.75
Robert W. Crown SMCA,1997-06-25,16.64415418356657,-122.27751475548094,37.76728112752839,-122.25,37.75
Robert W. Crown SMCA,1997-06-26,16.73351237922907,-122.27751475548094,37.76728112752839,-122.25,37.75
Robert W. Crown SMCA,1997-06-27,16.805291913449764,-122.27751475548094,37.76728112752839,-122.25,37.75
Robert W. Crown SMCA,1997-06-28,16.935666985809803,-122.27751475548094,37.76728112752839,-122.25,37.75
Robert W. Crown SMCA,1997-06-29,17.23230689764023,-122.27751475548094,37.76728112752839,-122.25,37.75
Robert W. Crown SMCA,1997-06-30,17.755272075533867,-122.27751475548094,37.76728112752839,-122.25,37.75
Robert W. Crown SMCA,1997-07-01,18.136143073439598,-122.27751475548094,37.76728112752839,-122.25,37.75
Robert W. Crown SMCA,1997-07-02,17.95669423788786,-122.27751475548094,37.76728112752839,-122.25,37.75
Robert W. Crown SMCA,1997-07-03,17.77724540233612,-122.27751475548094,37.76728112752839,-122.25,37.75
Robert W. Crown SMCA,1997-07-04,17.718649864196777,-122.27751475548094,37.76728112752839,-122.25,37.75
Robert W. Crown SMCA,1997-07-05,17.635883666574955,-122.27751475548094,37.76728112752839,-122.25,37.75
Robert W. Crown SMCA,1997-07-06,17.545060582458973,-122.27751475548094,37.76728112752839,-122.25,37.75
Robert W. Crown SMCA,1997-07-07,17.37586596608162,-122.27751475548094,37.76728112752839,-122.25,37.75
Robert W. Crown SMCA,1997-07-08,17.238898895680904,-122.27751475548094,37.76728112752839,-122.25,37.75
Robert W. Crown SMCA,1997-07-09,17.225714899599552,-122.27751475548094,37.76728112752839,-122.25,37.75
Robert W. Crown SMCA,1997-07-10,17.2703939974308,-122.27751475548094,37.76728112752839,-122.25,37.75
Robert W. Crown SMCA,1997-07-11,17.219122901558876,-122.27751475548094,37.76728112752839,-122.25,37.75
Robert W. Crown SMCA,1997-07-12,17.24915311485529,-122.27751475548094,37.76728112752839,-122.25,37.75
Robert W. Crown SMCA,1997-07-13,17.493789486587048,-122.27751475548094,37.76728112752839,-122.25,37.75
Robert W. Crown SMCA,1997-07-14,17.90322580933571,-122.27751475548094,37.76728112752839,-122.25,37.75
Robert W. Crown SMCA,1997-07-15,18.273842588067055,-122.27751475548094,37.76728112752839,-122.25,37.75
Robert W. Crown SMCA,1997-07-16,18.219641715288162,-122.27751475548094,37.76728112752839,-122.25,37.75
Robert W. Crown SMCA,1997-07-17,18.098055973649025,-122.27751475548094,37.76728112752839,-122.25,37.75
Robert W. Crown SMCA,1997-07-18,18.09952086210251,-122.27751475548094,37.76728112752839,-122.25,37.75
Robert W. Crown SMCA,1997-07-19,18.103183083236217,-122.27751475548094,37.76728112752839,-122.25,37.75
Robert W. Crown SMCA,1997-07-20,18.196935944259167,-122.27751475548094,37.76728112752839,-122.25,37.75
Robert W. Crown SMCA,1997-07-21,18.30899991095066,-122.27751475548094,37.76728112752839,-122.25,37.75
Robert W. Crown SMCA,1997-07-22,18.445966981351376,-122.27751475548094,37.76728112752839,-122.25,37.75
Robert W. Crown SMCA,1997-07-23,18.649586476385593,-122.27751475548094,37.76728112752839,-122.25,37.75
Robert W. Crown SMCA,1997-07-24,18.890560626983643,-122.27751475548094,37.76728112752839,-122.25,37.75
Robert W. Crown SMCA,1997-07-25,19.12714011222124,-122.27751475548094,37.76728112752839,-122.25,37.75
Robert W. Crown SMCA,1997-07-26,19.173284098505974,-122.27751475548094,37.76728112752839,-122.25,37.75
Robert W. Crown SMCA,1997-07-27,19.235541857779026,-122.27751475548094,37.76728112752839,-122.25,37.75
Robert W. Crown SMCA,1997-07-28,19.33881649374962,-122.27751475548094,37.76728112752839,-122.25,37.75
Robert W. Crown SMCA,1997-07-29,19.182073429226875,-122.27751475548094,37.76728112752839,-122.25,37.75
Robert W. Crown SMCA,1997-07-30,18.91839350759983,-122.27751475548094,37.76728112752839,-122.25,37.75
Robert W. Crown SMCA,1997-07-31,18.801934875547886,-122.27751475548094,37.76728112752839,-122.25,37.75
Robert W. Crown SMCA,1997-08-01,18.70964690297842,-122.27751475548094,37.76728112752839,-122.25,37.75
Robert W. Crown SMCA,1997-08-02,18.665700249373913,-122.27751475548094,37.76728112752839,-122.25,37.75
Robert W. Crown SMCA,1997-08-03,18.641529589891434,-122.27751475548094,37.76728112752839,-122.25,37.75
Robert W. Crown SMCA,1997-08-04,18.655446030199528,-122.27751475548094,37.76728112752839,-122.25,37.75
Robert W. Crown SMCA,1997-08-05,18.62761314958334,-122.27751475548094,37.76728112752839,-122.25,37.75
Robert W. Crown SMCA,1997-08-06,18.527268290519714,-122.27751475548094,37.76728112752839,-122.25,37.75
Robert W. Crown SMCA,1997-08-07,18.465010531246662,-122.27751475548094,37.76728112752839,-122.25,37.75
Robert W. Crown SMCA,1997-08-08,18.536057621240616,-122.27751475548094,37.76728112752839,-122.25,37.75
Robert W. Crown SMCA,1997-08-09,18.867122411727905,-122.27751475548094,37.76728112752839,-122.25,37.75
Robert W. Crown SMCA,1997-08-10,19.299996949732304,-122.27751475548094,37.76728112752839,-122.25,37.75
Robert W. Crown SMCA,1997-08-11,19.540971100330353,-122.27751475548094,37.76728112752839,-122.25,37.75
Robert W. Crown SMCA,1997-08-12,19.606158636510372,-122.27751475548094,37.76728112752839,-122.25,37.75
Robert W. Crown SMCA,1997-08-13,19.640583515167236,-122.27751475548094,37.76728112752839,-122.25,37.75
Robert W. Crown SMCA,1997-08-14,19.708700828254223,-122.27751475548094,37.76728112752839,-122.25,37.75
Robert W. Crown SMCA,1997-08-15,19.54390087723732,-122.27751475548094,37.76728112752839,-122.25,37.75
Robert W. Crown SMCA,1997-08-16,19.350535601377487,-122.27751475548094,37.76728112752839,-122.25,37.75
Robert W. Crown SMCA,1997-08-17,19.57319864630699,-122.27751475548094,37.76728112752839,-122.25,37.75
Robert W. Crown SMCA,1997-08-18,19.902066104114056,-122.27751475548094,37.76728112752839,-122.25,37.75
Robert W. Crown SMCA,1997-08-19,20.08810693770647,-122.27751475548094,37.76728112752839,-122.25,37.75
Robert W. Crown SMCA,1997-08-20,20.230201117694378,-122.27751475548094,37.76728112752839,-122.25,37.75
Robert W. Crown SMCA,1997-08-21,20.452864162623882,-122.27751475548094,37.76728112752839,-122.25,37.75
Robert W. Crown SMCA,1997-08-22,20.67699209600687,-122.27751475548094,37.76728112752839,-122.25,37.75
Robert W. Crown SMCA,1997-08-23,20.825678274035454,-122.27751475548094,37.76728112752839,-122.25,37.75
Robert W. Crown SMCA,1997-08-24,20.978759117424488,-122.27751475548094,37.76728112752839,-122.25,37.75
Robert W. Crown SMCA,1997-08-25,21.17944883555174,-122.27751475548094,37.76728112752839,-122.25,37.75
Robert W. Crown SMCA,1997-08-26,21.329599902033806,-122.27751475548094,37.76728112752839,-122.25,37.75
Robert W. Crown SMCA,1997-08-27,21.434339426457882,-122.27751475548094,37.76728112752839,-122.25,37.75
Robert W. Crown SMCA,1997-08-28,21.363292336463928,-122.27751475548094,37.76728112752839,-122.25,37.75
Robert W. Crown SMCA,1997-08-29,21.038087099790573,-122.27751475548094,37.76728112752839,-122.25,37.75
Robert W. Crown SMCA,1997-08-30,20.858638264238834,-122.27751475548094,37.76728112752839,-122.25,37.75
Robert W. Crown SMCA,1997-08-31,20.816888943314552,-122.27751475548094,37.76728112752839,-122.25,37.75
Robert W. Crown SMCA,1997-09-01,20.81615649908781,-122.27751475548094,37.76728112752839,-122.25,37.75
Robert W. Crown SMCA,1997-09-02,20.77513962239027,-122.27751475548094,37.76728112752839,-122.25,37.75
Robert W. Crown SMCA,1997-09-03,20.72167119383812,-122.27751475548094,37.76728112752839,-122.25,37.75
Robert W. Crown SMCA,1997-09-04,20.63597521930933,-122.27751475548094,37.76728112752839,-122.25,37.75
Robert W. Crown SMCA,1997-09-05,20.536362804472446,-122.27751475548094,37.76728112752839,-122.25,37.75
Robert W. Crown SMCA,1997-09-06,20.376689963042736,-122.27751475548094,37.76728112752839,-122.25,37.75
Robert W. Crown SMCA,1997-09-07,20.265358440577984,-122.27751475548094,37.76728112752839,-122.25,37.75
Robert W. Crown SMCA,1997-09-08,20.208227790892124,-122.27751475548094,37.76728112752839,-122.25,37.75
Robert W. Crown SMCA,1997-09-09,20.401593066751957,-122.27751475548094,37.76728112752839,-122.25,37.75
Robert W. Crown SMCA,1997-09-10,20.748771630227566,-122.27751475548094,37.76728112752839,-122.25,37.75
Robert W. Crown SMCA,1997-09-11,20.70995208621025,-122.27751475548094,37.76728112752839,-122.25,37.75
Robert W. Crown SMCA,1997-09-12,20.348124638199806,-122.27751475548094,37.76728112752839,-122.25,37.75
Robert W. Crown SMCA,1997-09-13,20.146702475845814,-122.27751475548094,37.76728112752839,-122.25,37.75
Robert W. Crown SMCA,1997-09-14,20.279274880886078,-122.27751475548094,37.76728112752839,-122.25,37.75
Robert W. Crown SMCA,1997-09-15,20.485824152827263,-122.27751475548094,37.76728112752839,-122.25,37.75
Robert W. Crown SMCA,1997-09-16,20.143040254712105,-122.27751475548094,37.76728112752839,-122.25,37.75
Robert W. Crown SMCA,1997-09-17,19.972380749881268,-122.27751475548094,37.76728112752839,-122.25,37.75
Robert W. Crown SMCA,1997-09-18,19.8713034465909,-122.27751475548094,37.76728112752839,-122.25,37.75
Robert W. Crown SMCA,1997-09-19,19.643513292074203,-122.27751475548094,37.76728112752839,-122.25,37.75
Robert W. Crown SMCA,1997-09-20,19.518265329301357,-122.27751475548094,37.76728112752839,-122.25,37.75
Robert W. Crown SMCA,1997-09-21,19.52339243888855,-122.27751475548094,37.76728112752839,-122.25,37.75
Robert W. Crown SMCA,1997-09-22,19.525589771568775,-122.27751475548094,37.76728112752839,-122.25,37.75
Robert W. Crown SMCA,1997-09-23,19.431104466319084,-122.27751475548094,37.76728112752839,-122.25,37.75
Robert W. Crown SMCA,1997-09-24,19.524857327342033,-122.27751475548094,37.76728112752839,-122.25,37.75
Robert W. Crown SMCA,1997-09-25,19.75191503763199,-122.27751475548094,37.76728112752839,-122.25,37.75
Robert W. Crown SMCA,1997-09-26,19.90426343679428,-122.27751475548094,37.76728112752839,-122.25,37.75
Robert W. Crown SMCA,1997-09-27,19.461134679615498,-122.27751475548094,37.76728112752839,-122.25,37.75
Robert W. Crown SMCA,1997-09-28,19.021668143570423,-122.27751475548094,37.76728112752839,-122.25,37.75
Robert W. Crown SMCA,1997-09-29,18.89788506925106,-122.27751475548094,37.76728112752839,-122.25,37.75
Robert W. Crown SMCA,1997-09-30,19.058290354907513,-122.27751475548094,37.76728112752839,-122.25,37.75
Robert W. Crown SMCA,1997-10-01,19.215765863656998,-122.27751475548094,37.76728112752839,-122.25,37.75
Robert W. Crown SMCA,1997-10-02,19.066347241401672,-122.27751475548094,37.76728112752839,-122.25,37.75
Robert W. Crown SMCA,1997-10-03,18.988708153367043,-122.27751475548094,37.76728112752839,-122.25,37.75
Robert W. Crown SMCA,1997-10-04,18.774101994931698,-122.27751475548094,37.76728112752839,-122.25,37.75
Robert W. Crown SMCA,1997-10-05,18.319986574351788,-122.27751475548094,37.76728112752839,-122.25,37.75
Robert W. Crown SMCA,1997-10-06,17.78896450996399,-122.27751475548094,37.76728112752839,-122.25,37.75
Robert W. Crown SMCA,1997-10-07,16.99133274704218,-122.27751475548094,37.76728112752839,-122.25,37.75
Robert W. Crown SMCA,1997-10-08,16.491805784404278,-122.27751475548094,37.76728112752839,-122.25,37.75
Robert W. Crown SMCA,1997-10-09,16.40684225410223,-122.27751475548094,37.76728112752839,-122.25,37.75
Robert W. Crown SMCA,1997-10-10,16.368022710084915,-122.27751475548094,37.76728112752839,-122.25,37.75
Robert W. Crown SMCA,1997-10-11,15.953459277749062,-122.27751475548094,37.76728112752839,-122.25,37.75
Robert W. Crown SMCA,1997-10-12,15.518387407064438,-122.27751475548094,37.76728112752839,-122.25,37.75
Robert W. Crown SMCA,1997-10-13,15.346995458006859,-122.27751475548094,37.76728112752839,-122.25,37.75
Robert W. Crown SMCA,1997-10-14,15.37995544821024,-122.27751475548094,37.76728112752839,-122.25,37.75
Robert W. Crown SMCA,1997-10-15,15.494216747581959,-122.27751475548094,37.76728112752839,-122.25,37.75
Robert W. Crown SMCA,1997-10-16,15.746910005807877,-122.27751475548094,37.76728112752839,-122.25,37.75
Robert W. Crown SMCA,1997-10-17,16.020844146609306,-122.27751475548094,37.76728112752839,-122.25,37.75
Robert W. Crown SMCA,1997-10-18,15.906582847237587,-122.27751475548094,37.76728112752839,-122.25,37.75
Robert W. Crown SMCA,1997-10-19,15.74837489426136,-122.27751475548094,37.76728112752839,-122.25,37.75
Robert W. Crown SMCA,1997-10-20,15.58064516633749,-122.27751475548094,37.76728112752839,-122.25,37.75
Robert W. Crown SMCA,1997-10-21,15.501541189849377,-122.27751475548094,37.76728112752839,-122.25,37.75
Robert W. Crown SMCA,1997-10-22,15.477370530366898,-122.27751475548094,37.76728112752839,-122.25,37.75
Robert W. Crown SMCA,1997-10-23,15.470778532326221,-122.27751475548094,37.76728112752839,-122.25,37.75
Robert W. Crown SMCA,1997-10-24,15.35139012336731,-122.27751475548094,37.76728112752839,-122.25,37.75
Robert W. Crown SMCA,1997-10-25,15.230536825954914,-122.27751475548094,37.76728112752839,-122.25,37.75
Robert W. Crown SMCA,1997-10-26,15.50666829943657,-122.27751475548094,37.76728112752839,-122.25,37.75
Robert W. Crown SMCA,1997-10-27,15.949797056615353,-122.27751475548094,37.76728112752839,-122.25,37.75
Robert W. Crown SMCA,1997-10-28,16.15341655164957,-122.27751475548094,37.76728112752839,-122.25,37.75
Robert W. Crown SMCA,1997-10-29,16.31235694885254,-122.27751475548094,37.76728112752839,-122.25,37.75
Robert W. Crown SMCA,1997-10-30,16.29258095473051,-122.27751475548094,37.76728112752839,-122.25,37.75
Robert W. Crown SMCA,1997-10-31,16.191503651440144,-122.27751475548094,37.76728112752839,-122.25,37.75
Robert W. Crown SMCA,1997-11-01,16.077974796295166,-122.27751475548094,37.76728112752839,-122.25,37.75
Robert W. Crown SMCA,1997-11-02,15.97762993723154,-122.27751475548094,37.76728112752839,-122.25,37.75
Robert W. Crown SMCA,1997-11-03,16.093356125056744,-122.27751475548094,37.76728112752839,-122.25,37.75
Robert W. Crown SMCA,1997-11-04,16.261085852980614,-122.27751475548094,37.76728112752839,-122.25,37.75
Robert W. Crown SMCA,1997-11-05,16.42661824822426,-122.27751475548094,37.76728112752839,-122.25,37.75
Robert W. Crown SMCA,1997-11-06,16.38267159461975,-122.27751475548094,37.76728112752839,-122.25,37.75
Robert W. Crown SMCA,1997-11-07,16.27646718174219,-122.27751475548094,37.76728112752839,-122.25,37.75
Robert W. Crown SMCA,1997-11-08,15.909512624144554,-122.27751475548094,37.76728112752839,-122.25,37.75
Robert W. Crown SMCA,1997-11-09,15.808435320854187,-122.27751475548094,37.76728112752839,-122.25,37.75
Robert W. Crown SMCA,1997-11-10,15.700033575296402,-122.27751475548094,37.76728112752839,-122.25,37.75
Robert W. Crown SMCA,1997-11-11,15.31476791203022,-122.27751475548094,37.76728112752839,-122.25,37.75
Robert W. Crown SMCA,1997-11-12,15.365306563675404,-122.27751475548094,37.76728112752839,-122.25,37.75
Robert W. Crown SMCA,1997-11-13,15.375560782849789,-122.27751475548094,37.76728112752839,-122.25,37.75
Robert W. Crown SMCA,1997-11-14,15.109683528542519,-122.27751475548094,37.76728112752839,-122.25,37.75
Robert W. Crown SMCA,1997-11-15,14.98736534267664,-122.27751475548094,37.76728112752839,-122.25,37.75
Robert W. Crown SMCA,1997-11-16,14.818170726299286,-122.27751475548094,37.76728112752839,-122.25,37.75
Robert W. Crown SMCA,1997-11-17,14.826960057020187,-122.27751475548094,37.76728112752839,-122.25,37.75
Robert W. Crown SMCA,1997-11-18,14.936094246804714,-122.27751475548094,37.76728112752839,-122.25,37.75
Robert W. Crown SMCA,1997-11-19,14.684133432805538,-122.27751475548094,37.76728112752839,-122.25,37.75
Robert W. Crown SMCA,1997-11-20,14.585253462195396,-122.27751475548094,37.76728112752839,-122.25,37.75
Robert W. Crown SMCA,1997-11-21,14.637257002294064,-122.27751475548094,37.76728112752839,-122.25,37.75
Robert W. Crown SMCA,1997-11-22,14.742728970944881,-122.27751475548094,37.76728112752839,-122.25,37.75
Robert W. Crown SMCA,1997-11-23,14.824762724339962,-122.27751475548094,37.76728112752839,-122.25,37.75
Robert W. Crown SMCA,1997-11-24,14.99176000803709,-122.27751475548094,37.76728112752839,-122.25,37.75
Robert W. Crown SMCA,1997-11-25,15.139713741838932,-122.27751475548094,37.76728112752839,-122.25,37.75
Robert W. Crown SMCA,1997-11-26,15.092104867100716,-122.27751475548094,37.76728112752839,-122.25,37.75
Robert W. Crown SMCA,1997-11-27,14.874568931758404,-122.27751475548094,37.76728112752839,-122.25,37.75
Robert W. Crown SMCA,1997-11-28,14.969786681234837,-122.27751475548094,37.76728112752839,-122.25,37.75
Robert W. Crown SMCA,1997-11-29,15.117740415036678,-122.27751475548094,37.76728112752839,-122.25,37.75
Robert W. Crown SMCA,1997-11-30,14.846736051142216,-122.27751475548094,37.76728112752839,-122.25,37.75
Robert W. Crown SMCA,1997-12-01,14.487105935811996,-122.27751475548094,37.76728112752839,-122.25,37.75
Robert W. Crown SMCA,1997-12-02,14.435834839940071,-122.27751475548094,37.76728112752839,-122.25,37.75
Robert W. Crown SMCA,1997-12-03,14.467329941689968,-122.27751475548094,37.76728112752839,-122.25,37.75
Robert W. Crown SMCA,1997-12-04,14.33329264819622,-122.27751475548094,37.76728112752839,-122.25,37.75
Robert W. Crown SMCA,1997-12-05,14.31278420984745,-122.27751475548094,37.76728112752839,-122.25,37.75
Robert W. Crown SMCA,1997-12-06,14.408001959323883,-122.27751475548094,37.76728112752839,-122.25,37.75
Robert W. Crown SMCA,1997-12-07,14.525925479829311,-122.27751475548094,37.76728112752839,-122.25,37.75
Robert W. Crown SMCA,1997-12-08,14.174352250993252,-122.27751475548094,37.76728112752839,-122.25,37.75
Robert W. Crown SMCA,1997-12-09,13.668965734541416,-122.27751475548094,37.76728112752839,-122.25,37.75
Robert W. Crown SMCA,1997-12-10,13.399426259100437,-122.27751475548094,37.76728112752839,-122.25,37.75
Robert W. Crown SMCA,1997-12-11,13.512222670018673,-122.27751475548094,37.76728112752839,-122.25,37.75
Robert W. Crown SMCA,1997-12-12,13.605975531041622,-122.27751475548094,37.76728112752839,-122.25,37.75
Robert W. Crown SMCA,1997-12-13,13.251472525298595,-122.27751475548094,37.76728112752839,-122.25,37.75
Robert W. Crown SMCA,1997-12-14,13.046388141810894,-122.27751475548094,37.76728112752839,-122.25,37.75
Robert W. Crown SMCA,1997-12-15,13.101321458816528,-122.27751475548094,37.76728112752839,-122.25,37.75
Robert W. Crown SMCA,1997-12-16,13.296151623129845,-122.27751475548094,37.76728112752839,-122.25,37.75
Robert W. Crown SMCA,1997-12-17,13.36793115735054,-122.27751475548094,37.76728112752839,-122.25,37.75
Robert W. Crown SMCA,1997-12-18,13.348887607455254,-122.27751475548094,37.76728112752839,-122.25,37.75
Robert W. Crown SMCA,1997-12-19,12.907223738729954,-122.27751475548094,37.76728112752839,-122.25,37.75
Robert W. Crown SMCA,1997-12-20,12.727774903178215,-122.27751475548094,37.76728112752839,-122.25,37.75
Robert W. Crown SMCA,1997-12-21,12.517563410103321,-122.27751475548094,37.76728112752839,-122.25,37.75
Robert W. Crown SMCA,1997-12-22,12.020233780145645,-122.27751475548094,37.76728112752839,-122.25,37.75
Robert W. Crown SMCA,1997-12-23,11.603473015129566,-122.27751475548094,37.76728112752839,-122.25,37.75
Robert W. Crown SMCA,1997-12-24,11.432813510298729,-122.27751475548094,37.76728112752839,-122.25,37.75
Robert W. Crown SMCA,1997-12-25,11.287789553403854,-122.27751475548094,37.76728112752839,-122.25,37.75
Robert W. Crown SMCA,1997-12-26,11.358104199171066,-122.27751475548094,37.76728112752839,-122.25,37.75
Robert W. Crown SMCA,1997-12-27,11.656941443681717,-122.27751475548094,37.76728112752839,-122.25,37.75
Robert W. Crown SMCA,1997-12-28,11.561723694205284,-122.27751475548094,37.76728112752839,-122.25,37.75
Robert W. Crown SMCA,1997-12-29,11.714072093367577,-122.27751475548094,37.76728112752839,-122.25,37.75
Robert W. Crown SMCA,1997-12-30,12.159398183226585,-122.27751475548094,37.76728112752839,-122.25,37.75
Robert W. Crown SMCA,1997-12-31,12.532212294638157,-122.27751475548094,37.76728112752839,-122.25,37.75
Robert W. Crown SMCA,1998-01-01,12.637684263288975,-122.27751475548094,37.76728112752839,-122.25,37.75
Robert W. Crown SMCA,1998-01-02,12.608386494219303,-122.27751475548094,37.76728112752839,-122.25,37.75
Robert W. Crown SMCA,1998-01-03,12.623035378754139,-122.27751475548094,37.76728112752839,-122.25,37.75
Robert W. Crown SMCA,1998-01-04,12.50511185824871,-122.27751475548094,37.76728112752839,-122.25,37.75
Robert W. Crown SMCA,1998-01-05,12.422345660626888,-122.27751475548094,37.76728112752839,-122.25,37.75
Robert W. Crown SMCA,1998-01-06,12.573229171335697,-122.27751475548094,37.76728112752839,-122.25,37.75
Robert W. Crown SMCA,1998-01-07,12.546128734946251,-122.27751475548094,37.76728112752839,-122.25,37.75
Robert W. Crown SMCA,1998-01-08,12.634754486382008,-122.27751475548094,37.76728112752839,-122.25,37.75
Robert W. Crown SMCA,1998-01-09,12.628894932568073,-122.27751475548094,37.76728112752839,-122.25,37.75
Robert W. Crown SMCA,1998-01-10,12.612781159579754,-122.27751475548094,37.76728112752839,-122.25,37.75
Robert W. Crown SMCA,1998-01-11,12.67650380730629,-122.27751475548094,37.76728112752839,-122.25,37.75
Robert W. Crown SMCA,1998-01-12,12.783440664410591,-122.27751475548094,37.76728112752839,-122.25,37.75
Robert W. Crown SMCA,1998-01-13,12.794427327811718,-122.27751475548094,37.76728112752839,-122.25,37.75
Robert W. Crown SMCA,1998-01-14,12.816400654613972,-122.27751475548094,37.76728112752839,-122.25,37.75
Robert W. Crown SMCA,1998-01-15,12.911618404090405,-122.27751475548094,37.76728112752839,-122.25,37.75
Robert W. Crown SMCA,1998-01-16,13.117435231804848,-122.27751475548094,37.76728112752839,-122.25,37.75
Robert W. Crown SMCA,1998-01-17,13.332773834466934,-122.27751475548094,37.76728112752839,-122.25,37.75
Robert W. Crown SMCA,1998-01-18,13.537125773727894,-122.27751475548094,37.76728112752839,-122.25,37.75
Robert W. Crown SMCA,1998-01-19,13.436780914664268,-122.27751475548094,37.76728112752839,-122.25,37.75
Robert W. Crown SMCA,1998-01-20,13.318124949932098,-122.27751475548094,37.76728112752839,-122.25,37.75
Robert W. Crown SMCA,1998-01-21,13.330576501786709,-122.27751475548094,37.76728112752839,-122.25,37.75
Robert W. Crown SMCA,1998-01-22,13.455092020332813,-122.27751475548094,37.76728112752839,-122.25,37.75
Robert W. Crown SMCA,1998-01-23,13.531998664140701,-122.27751475548094,37.76728112752839,-122.25,37.75
Robert W. Crown SMCA,1998-01-24,13.41700492054224,-122.27751475548094,37.76728112752839,-122.25,37.75
Robert W. Crown SMCA,1998-01-25,13.521012000739574,-122.27751475548094,37.76728112752839,-122.25,37.75
Robert W. Crown SMCA,1998-01-26,13.534195996820927,-122.27751475548094,37.76728112752839,-122.25,37.75
Robert W. Crown SMCA,1998-01-27,13.610370196402073,-122.27751475548094,37.76728112752839,-122.25,37.75
Robert W. Crown SMCA,1998-01-28,13.68288217484951,-122.27751475548094,37.76728112752839,-122.25,37.75
Robert W. Crown SMCA,1998-01-29,13.531998664140701,-122.27751475548094,37.76728112752839,-122.25,37.75
Robert W. Crown SMCA,1998-01-30,13.487319566309452,-122.27751475548094,37.76728112752839,-122.25,37.75
Robert W. Crown SMCA,1998-01-31,13.274910740554333,-122.27751475548094,37.76728112752839,-122.25,37.75
Robert W. Crown SMCA,1998-02-01,13.17529832571745,-122.27751475548094,37.76728112752839,-122.25,37.75
Robert W. Crown SMCA,1998-02-02,13.092532128095627,-122.27751475548094,37.76728112752839,-122.25,37.75
Robert W. Crown SMCA,1998-02-03,12.95043794810772,-122.27751475548094,37.76728112752839,-122.25,37.75
Robert W. Crown SMCA,1998-02-04,12.801019325852394,-122.27751475548094,37.76728112752839,-122.25,37.75
Robert W. Crown SMCA,1998-02-05,12.781243331730366,-122.27751475548094,37.76728112752839,-122.25,37.75
Robert W. Crown SMCA,1998-02-06,12.773918889462948,-122.27751475548094,37.76728112752839,-122.25,37.75
Robert W. Crown SMCA,1998-02-07,12.795892216265202,-122.27751475548094,37.76728112752839,-122.25,37.75
Robert W. Crown SMCA,1998-02-08,12.79515977203846,-122.27751475548094,37.76728112752839,-122.25,37.75
Robert W. Crown SMCA,1998-02-09,12.775383777916431,-122.27751475548094,37.76728112752839,-122.25,37.75
Robert W. Crown SMCA,1998-02-10,12.907956182956696,-122.27751475548094,37.76728112752839,-122.25,37.75
Robert W. Crown SMCA,1998-02-11,12.957029946148396,-122.27751475548094,37.76728112752839,-122.25,37.75
Robert W. Crown SMCA,1998-02-12,13.1306192278862,-122.27751475548094,37.76728112752839,-122.25,37.75
Robert W. Crown SMCA,1998-02-13,13.230964086949825,-122.27751475548094,37.76728112752839,-122.25,37.75
Robert W. Crown SMCA,1998-02-14,13.348155163228512,-122.27751475548094,37.76728112752839,-122.25,37.75
Robert W. Crown SMCA,1998-02-15,13.280037850141525,-122.27751475548094,37.76728112752839,-122.25,37.75
Robert W. Crown SMCA,1998-02-16,13.325449392199516,-122.27751475548094,37.76728112752839,-122.25,37.75
Robert W. Crown SMCA,1998-02-17,13.107181012630463,-122.27751475548094,37.76728112752839,-122.25,37.75
Robert W. Crown SMCA,1998-02-18,13.13501389324665,-122.27751475548094,37.76728112752839,-122.25,37.75
Robert W. Crown SMCA,1998-02-19,13.04492325335741,-122.27751475548094,37.76728112752839,-122.25,37.75
Robert W. Crown SMCA,1998-02-20,12.720450460910797,-122.27751475548094,37.76728112752839,-122.25,37.75
Robert W. Crown SMCA,1998-02-21,12.577623836696148,-122.27751475548094,37.76728112752839,-122.25,37.75
Robert W. Crown SMCA,1998-02-22,12.414288774132729,-122.27751475548094,37.76728112752839,-122.25,37.75
Robert W. Crown SMCA,1998-02-23,12.359355457127094,-122.27751475548094,37.76728112752839,-122.25,37.75
Robert W. Crown SMCA,1998-02-24,12.245826601982117,-122.27751475548094,37.76728112752839,-122.25,37.75
Robert W. Crown SMCA,1998-02-25,11.982146680355072,-122.27751475548094,37.76728112752839,-122.25,37.75
Robert W. Crown SMCA,1998-02-26,11.810754731297493,-122.27751475548094,37.76728112752839,-122.25,37.75
Robert W. Crown SMCA,1998-02-27,11.782921850681305,-122.27751475548094,37.76728112752839,-122.25,37.75
Robert W. Crown SMCA,1998-02-28,11.897915594279766,-122.27751475548094,37.76728112752839,-122.25,37.75
Robert W. Crown SMCA,1998-03-01,12.05465865880251,-122.27751475548094,37.76728112752839,-122.25,37.75
Robert W. Crown SMCA,1998-03-02,12.168919958174229,-122.27751475548094,37.76728112752839,-122.25,37.75
Robert W. Crown SMCA,1998-03-03,12.240699492394924,-122.27751475548094,37.76728112752839,-122.25,37.75
Robert W. Crown SMCA,1998-03-04,12.151341296732426,-122.27751475548094,37.76728112752839,-122.25,37.75
Robert W. Crown SMCA,1998-03-05,12.11252175271511,-122.27751475548094,37.76728112752839,-122.25,37.75
Robert W. Crown SMCA,1998-03-06,11.957243576645851,-122.27751475548094,37.76728112752839,-122.25,37.75
Robert W. Crown SMCA,1998-03-07,11.840052500367165,-122.27751475548094,37.76728112752839,-122.25,37.75
Robert W. Crown SMCA,1998-03-08,12.033417776226997,-122.27751475548094,37.76728112752839,-122.25,37.75
Robert W. Crown SMCA,1998-03-09,12.432599879801273,-122.27751475548094,37.76728112752839,-122.25,37.75
Robert W. Crown SMCA,1998-03-10,12.973143719136715,-122.27751475548094,37.76728112752839,-122.25,37.75
Robert W. Crown SMCA,1998-03-11,13.435316026210785,-122.27751475548094,37.76728112752839,-122.25,37.75
Robert W. Crown SMCA,1998-03-12,13.616229750216007,-122.27751475548094,37.76728112752839,-122.25,37.75
Robert W. Crown SMCA,1998-03-13,13.516617335379124,-122.27751475548094,37.76728112752839,-122.25,37.75
Robert W. Crown SMCA,1998-03-14,13.733420826494694,-122.27751475548094,37.76728112752839,-122.25,37.75
Robert W. Crown SMCA,1998-03-15,13.512955114245415,-122.27751475548094,37.76728112752839,-122.25,37.75
Robert W. Crown SMCA,1998-03-16,13.611102640628815,-122.27751475548094,37.76728112752839,-122.25,37.75
Robert W. Crown SMCA,1998-03-17,13.631611078977585,-122.27751475548094,37.76728112752839,-122.25,37.75
Robert W. Crown SMCA,1998-03-18,13.663106180727482,-122.27751475548094,37.76728112752839,-122.25,37.75
Robert W. Crown SMCA,1998-03-19,14.062288284301758,-122.27751475548094,37.76728112752839,-122.25,37.75
Robert W. Crown SMCA,1998-03-20,14.670216992497444,-122.27751475548094,37.76728112752839,-122.25,37.75
Robert W. Crown SMCA,1998-03-21,14.698782317340374,-122.27751475548094,37.76728112752839,-122.25,37.75
Robert W. Crown SMCA,1998-03-22,14.580858796834946,-122.27751475548094,37.76728112752839,-122.25,37.75
Robert W. Crown SMCA,1998-03-23,14.711233869194984,-122.27751475548094,37.76728112752839,-122.25,37.75
Robert W. Crown SMCA,1998-03-24,14.826227612793446,-122.27751475548094,37.76728112752839,-122.25,37.75
Robert W. Crown SMCA,1998-03-25,15.023255109786987,-122.27751475548094,37.76728112752839,-122.25,37.75
Robert W. Crown SMCA,1998-03-26,14.822565391659737,-122.27751475548094,37.76728112752839,-122.25,37.75
Robert W. Crown SMCA,1998-03-27,14.477584160864353,-122.27751475548094,37.76728112752839,-122.25,37.75
Robert W. Crown SMCA,1998-03-28,14.126743376255035,-122.27751475548094,37.76728112752839,-122.25,37.75
Robert W. Crown SMCA,1998-03-29,13.337900944054127,-122.27751475548094,37.76728112752839,-122.25,37.75
Robert W. Crown SMCA,1998-03-30,12.936521507799625,-122.27751475548094,37.76728112752839,-122.25,37.75
Robert W. Crown SMCA,1998-03-31,12.916745513677597,-122.27751475548094,37.76728112752839,-122.25,37.75
Robert W. Crown SMCA,1998-04-01,12.65599536895752,-122.27751475548094,37.76728112752839,-122.25,37.75
Robert W. Crown SMCA,1998-04-02,12.52928251773119,-122.27751475548094,37.76728112752839,-122.25,37.75
Robert W. Crown SMCA,1998-04-03,12.629627376794815,-122.27751475548094,37.76728112752839,-122.25,37.75
Robert W. Crown SMCA,1998-04-04,12.926999732851982,-122.27751475548094,37.76728112752839,-122.25,37.75
Robert W. Crown SMCA,1998-04-05,13.329844057559967,-122.27751475548094,37.76728112752839,-122.25,37.75
Robert W. Crown SMCA,1998-04-06,13.473403126001358,-122.27751475548094,37.76728112752839,-122.25,37.75
Robert W. Crown SMCA,1998-04-07,12.980468161404133,-122.27751475548094,37.76728112752839,-122.25,37.75
Robert W. Crown SMCA,1998-04-08,12.732169568538666,-122.27751475548094,37.76728112752839,-122.25,37.75
Robert W. Crown SMCA,1998-04-09,12.995117045938969,-122.27751475548094,37.76728112752839,-122.25,37.75
Robert W. Crown SMCA,1998-04-10,13.293221846222878,-122.27751475548094,37.76728112752839,-122.25,37.75
Robert W. Crown SMCA,1998-04-11,13.534928441047668,-122.27751475548094,37.76728112752839,-122.25,37.75
Robert W. Crown SMCA,1998-04-12,13.13867611438036,-122.27751475548094,37.76728112752839,-122.25,37.75
Robert W. Crown SMCA,1998-04-13,13.004638820886612,-122.27751475548094,37.76728112752839,-122.25,37.75
Robert W. Crown SMCA,1998-04-14,13.06543169170618,-122.27751475548094,37.76728112752839,-122.25,37.75
Robert W. Crown SMCA,1998-04-15,13.165044106543064,-122.27751475548094,37.76728112752839,-122.25,37.75
Robert W. Crown SMCA,1998-04-16,13.129886783659458,-122.27751475548094,37.76728112752839,-122.25,37.75
Robert W. Crown SMCA,1998-04-17,13.221442312002182,-122.27751475548094,37.76728112752839,-122.25,37.75
Robert W. Crown SMCA,1998-04-18,13.344492942094803,-122.27751475548094,37.76728112752839,-122.25,37.75
Robert W. Crown SMCA,1998-04-19,13.475600458681583,-122.27751475548094,37.76728112752839,-122.25,37.75
Robert W. Crown SMCA,1998-04-20,13.607440419495106,-122.27751475548094,37.76728112752839,-122.25,37.75
Robert W. Crown SMCA,1998-04-21,13.780297257006168,-122.27751475548094,37.76728112752839,-122.25,37.75
Robert W. Crown SMCA,1998-04-22,14.101840272545815,-122.27751475548094,37.76728112752839,-122.25,37.75
Robert W. Crown SMCA,1998-04-23,14.449751280248165,-122.27751475548094,37.76728112752839,-122.25,37.75
Robert W. Crown SMCA,1998-04-24,14.51274148374796,-122.27751475548094,37.76728112752839,-122.25,37.75
Robert W. Crown SMCA,1998-04-25,14.005157634615898,-122.27751475548094,37.76728112752839,-122.25,37.75
Robert W. Crown SMCA,1998-04-26,13.762718595564365,-122.27751475548094,37.76728112752839,-122.25,37.75
Robert W. Crown SMCA,1998-04-27,13.775902591645718,-122.27751475548094,37.76728112752839,-122.25,37.75
Robert W. Crown SMCA,1998-04-28,13.913602106273174,-122.27751475548094,37.76728112752839,-122.25,37.75
Robert W. Crown SMCA,1998-04-29,14.295937992632389,-122.27751475548094,37.76728112752839,-122.25,37.75
Robert W. Crown SMCA,1998-04-30,14.790337845683098,-122.27751475548094,37.76728112752839,-122.25,37.75
Robert W. Crown SMCA,1998-05-01,14.899472035467625,-122.27751475548094,37.76728112752839,-122.25,37.75
Robert W. Crown SMCA,1998-05-02,14.944883577525616,-122.27751475548094,37.76728112752839,-122.25,37.75
Robert W. Crown SMCA,1998-05-03,15.129459522664547,-122.27751475548094,37.76728112752839,-122.25,37.75
Robert W. Crown SMCA,1998-05-04,15.431958988308907,-122.27751475548094,37.76728112752839,-122.25,37.75
Robert W. Crown SMCA,1998-05-05,15.7403180077672,-122.27751475548094,37.76728112752839,-122.25,37.75
Robert W. Crown SMCA,1998-05-06,15.978362381458282,-122.27751475548094,37.76728112752839,-122.25,37.75
Robert W. Crown SMCA,1998-05-07,16.098483234643936,-122.27751475548094,37.76728112752839,-122.25,37.75
Robert W. Crown SMCA,1998-05-08,15.749107338488102,-122.27751475548094,37.76728112752839,-122.25,37.75
Robert W. Crown SMCA,1998-05-09,15.25324259698391,-122.27751475548094,37.76728112752839,-122.25,37.75
Robert W. Crown SMCA,1998-05-10,14.982970677316189,-122.27751475548094,37.76728112752839,-122.25,37.75
Robert W. Crown SMCA,1998-05-11,14.79546495527029,-122.27751475548094,37.76728112752839,-122.25,37.75
Robert W. Crown SMCA,1998-05-12,14.831354722380638,-122.27751475548094,37.76728112752839,-122.25,37.75
Robert W. Crown SMCA,1998-05-13,14.703909426927567,-122.27751475548094,37.76728112752839,-122.25,37.75
Robert W. Crown SMCA,1998-05-14,14.61967834085226,-122.27751475548094,37.76728112752839,-122.25,37.75
Robert W. Crown SMCA,1998-05-15,14.8482009395957,-122.27751475548094,37.76728112752839,-122.25,37.75
Robert W. Crown SMCA,1998-05-16,15.043031103909016,-122.27751475548094,37.76728112752839,-122.25,37.75
Robert W. Crown SMCA,1998-05-17,15.143375962972641,-122.27751475548094,37.76728112752839,-122.25,37.75
Robert W. Crown SMCA,1998-05-18,15.293527029454708,-122.27751475548094,37.76728112752839,-122.25,37.75
Robert W. Crown SMCA,1998-05-19,15.46198920160532,-122.27751475548094,37.76728112752839,-122.25,37.75
Robert W. Crown SMCA,1998-05-20,15.53962828963995,-122.27751475548094,37.76728112752839,-122.25,37.75
Robert W. Crown SMCA,1998-05-21,15.51106296479702,-122.27751475548094,37.76728112752839,-122.25,37.75
Robert W. Crown SMCA,1998-05-22,15.546220287680626,-122.27751475548094,37.76728112752839,-122.25,37.75
Robert W. Crown SMCA,1998-05-23,15.60921049118042,-122.27751475548094,37.76728112752839,-122.25,37.75
Robert W. Crown SMCA,1998-05-24,15.89999084919691,-122.27751475548094,37.76728112752839,-122.25,37.75
Robert W. Crown SMCA,1998-05-25,16.07211524248123,-122.27751475548094,37.76728112752839,-122.25,37.75
Robert W. Crown SMCA,1998-05-26,15.871425524353981,-122.27751475548094,37.76728112752839,-122.25,37.75
Robert W. Crown SMCA,1998-05-27,16.08017212897539,-122.27751475548094,37.76728112752839,-122.25,37.75
Robert W. Crown SMCA,1998-05-28,16.434675134718418,-122.27751475548094,37.76728112752839,-122.25,37.75
Robert W. Crown SMCA,1998-05-29,16.44712668657303,-122.27751475548094,37.76728112752839,-122.25,37.75
Robert W. Crown SMCA,1998-05-30,16.510849334299564,-122.27751475548094,37.76728112752839,-122.25,37.75
Robert W. Crown SMCA,1998-05-31,16.64781640470028,-122.27751475548094,37.76728112752839,-122.25,37.75
Robert W. Crown SMCA,1998-06-01,17.003051854670048,-122.27751475548094,37.76728112752839,-122.25,37.75
Robert W. Crown SMCA,1998-06-02,17.320932649075985,-122.27751475548094,37.76728112752839,-122.25,37.75
Robert W. Crown SMCA,1998-06-03,17.558977022767067,-122.27751475548094,37.76728112752839,-122.25,37.75
Robert W. Crown SMCA,1998-06-04,17.631489001214504,-122.27751475548094,37.76728112752839,-122.25,37.75
Robert W. Crown SMCA,1998-06-05,17.729636527597904,-122.27751475548094,37.76728112752839,-122.25,37.75
Robert W. Crown SMCA,1998-06-06,17.823389388620853,-122.27751475548094,37.76728112752839,-122.25,37.75
Robert W. Crown SMCA,1998-06-07,17.48646504431963,-122.27751475548094,37.76728112752839,-122.25,37.75
Robert W. Crown SMCA,1998-06-08,17.219855345785618,-122.27751475548094,37.76728112752839,-122.25,37.75
Robert W. Crown SMCA,1998-06-09,17.160527363419533,-122.27751475548094,37.76728112752839,-122.25,37.75
Robert W. Crown SMCA,1998-06-10,17.19568468630314,-122.27751475548094,37.76728112752839,-122.25,37.75
Robert W. Crown SMCA,1998-06-11,17.018433183431625,-122.27751475548094,37.76728112752839,-122.25,37.75
Robert W. Crown SMCA,1998-06-12,16.916623435914516,-122.27751475548094,37.76728112752839,-122.25,37.75
Robert W. Crown SMCA,1998-06-13,16.98693808168173,-122.27751475548094,37.76728112752839,-122.25,37.75
Robert W. Crown SMCA,1998-06-14,17.099002048373222,-122.27751475548094,37.76728112752839,-122.25,37.75
Robert W. Crown SMCA,1998-06-15,17.145146034657955,-122.27751475548094,37.76728112752839,-122.25,37.75
Robert W. Crown SMCA,1998-06-16,17.021362960338593,-122.27751475548094,37.76728112752839,-122.25,37.75
Robert W. Crown SMCA,1998-06-17,16.817743465304375,-122.27751475548094,37.76728112752839,-122.25,37.75
Robert W. Crown SMCA,1998-06-18,17.026490069925785,-122.27751475548094,37.76728112752839,-122.25,37.75
Robert W. Crown SMCA,1998-06-19,17.218390457332134,-122.27751475548094,37.76728112752839,-122.25,37.75
Robert W. Crown SMCA,1998-06-20,17.369273968040943,-122.27751475548094,37.76728112752839,-122.25,37.75
Robert W. Crown SMCA,1998-06-21,17.610248118638992,-122.27751475548094,37.76728112752839,-122.25,37.75
Robert W. Crown SMCA,1998-06-22,17.841700494289398,-122.27751475548094,37.76728112752839,-122.25,37.75
Robert W. Crown SMCA,1998-06-23,17.855616934597492,-122.27751475548094,37.76728112752839,-122.25,37.75
Robert W. Crown SMCA,1998-06-24,17.886379592120647,-122.27751475548094,37.76728112752839,-122.25,37.75
Robert W. Crown SMCA,1998-06-25,17.96987823396921,-122.27751475548094,37.76728112752839,-122.25,37.75
Robert W. Crown SMCA,1998-06-26,17.947904907166958,-122.27751475548094,37.76728112752839,-122.25,37.75
Robert W. Crown SMCA,1998-06-27,17.84609515964985,-122.27751475548094,37.76728112752839,-122.25,37.75
Robert W. Crown SMCA,1998-06-28,17.824854277074337,-122.27751475548094,37.76728112752839,-122.25,37.75
Robert W. Crown SMCA,1998-06-29,17.78896450996399,-122.27751475548094,37.76728112752839,-122.25,37.75
Robert W. Crown SMCA,1998-06-30,17.68276009708643,-122.27751475548094,37.76728112752839,-122.25,37.75
Robert W. Crown SMCA,1998-07-01,17.481337934732437,-122.27751475548094,37.76728112752839,-122.25,37.75
Robert W. Crown SMCA,1998-07-02,17.18323313444853,-122.27751475548094,37.76728112752839,-122.25,37.75
Robert W. Crown SMCA,1998-07-03,16.94738609343767,-122.27751475548094,37.76728112752839,-122.25,37.75
Robert W. Crown SMCA,1998-07-04,16.79503769427538,-122.27751475548094,37.76728112752839,-122.25,37.75
Robert W. Crown SMCA,1998-07-05,16.749626152217388,-122.27751475548094,37.76728112752839,-122.25,37.75
Robert W. Crown SMCA,1998-07-06,16.858760342001915,-122.27751475548094,37.76728112752839,-122.25,37.75
Robert W. Crown SMCA,1998-07-07,17.0653096139431,-122.27751475548094,37.76728112752839,-122.25,37.75
Robert W. Crown SMCA,1998-07-08,17.170781582593918,-122.27751475548094,37.76728112752839,-122.25,37.75
Robert W. Crown SMCA,1998-07-09,17.230842009186745,-122.27751475548094,37.76728112752839,-122.25,37.75
Robert W. Crown SMCA,1998-07-10,17.243293561041355,-122.27751475548094,37.76728112752839,-122.25,37.75
Robert W. Crown SMCA,1998-07-11,17.361949525773525,-122.27751475548094,37.76728112752839,-122.25,37.75
Robert W. Crown SMCA,1998-07-12,17.369273968040943,-122.27751475548094,37.76728112752839,-122.25,37.75
Robert W. Crown SMCA,1998-07-13,17.364879302680492,-122.27751475548094,37.76728112752839,-122.25,37.75
Robert W. Crown SMCA,1998-07-14,17.427137061953545,-122.27751475548094,37.76728112752839,-122.25,37.75
Robert W. Crown SMCA,1998-07-15,17.561174355447292,-122.27751475548094,37.76728112752839,-122.25,37.75
Robert W. Crown SMCA,1998-07-16,17.738425858318806,-122.27751475548094,37.76728112752839,-122.25,37.75
Robert W. Crown SMCA,1998-07-17,17.807275615632534,-122.27751475548094,37.76728112752839,-122.25,37.75
Robert W. Crown SMCA,1998-07-18,17.89223914593458,-122.27751475548094,37.76728112752839,-122.25,37.75
Robert W. Crown SMCA,1998-07-19,17.996246226131916,-122.27751475548094,37.76728112752839,-122.25,37.75
Robert W. Crown SMCA,1998-07-20,18.12881863117218,-122.27751475548094,37.76728112752839,-122.25,37.75
Robert W. Crown SMCA,1998-07-21,18.233558155596256,-122.27751475548094,37.76728112752839,-122.25,37.75
Robert W. Crown SMCA,1998-07-22,18.36173589527607,-122.27751475548094,37.76728112752839,-122.25,37.75
Robert W. Crown SMCA,1998-07-23,18.528733178973198,-122.27751475548094,37.76728112752839,-122.25,37.75
Robert W. Crown SMCA,1998-07-24,18.71843623369932,-122.27751475548094,37.76728112752839,-122.25,37.75
Robert W. Crown SMCA,1998-07-25,18.89788506925106,-122.27751475548094,37.76728112752839,-122.25,37.75
Robert W. Crown SMCA,1998-07-26,19.11029389500618,-122.27751475548094,37.76728112752839,-122.25,37.75
Robert W. Crown SMCA,1998-07-27,19.215033419430256,-122.27751475548094,37.76728112752839,-122.25,37.75
Robert W. Crown SMCA,1998-07-28,19.116153448820114,-122.27751475548094,37.76728112752839,-122.25,37.75
Robert W. Crown SMCA,1998-07-29,18.80339976400137,-122.27751475548094,37.76728112752839,-122.25,37.75
Robert W. Crown SMCA,1998-07-30,18.907406844198704,-122.27751475548094,37.76728112752839,-122.25,37.75
Robert W. Crown SMCA,1998-07-31,19.117618337273598,-122.27751475548094,37.76728112752839,-122.25,37.75
Robert W. Crown SMCA,1998-08-01,18.875179298222065,-122.27751475548094,37.76728112752839,-122.25,37.75
Robert W. Crown SMCA,1998-08-02,18.818048648536205,-122.27751475548094,37.76728112752839,-122.25,37.75
Robert W. Crown SMCA,1998-08-03,18.834894865751266,-122.27751475548094,37.76728112752839,-122.25,37.75
Robert W. Crown SMCA,1998-08-04,18.842951752245426,-122.27751475548094,37.76728112752839,-122.25,37.75
Robert W. Crown SMCA,1998-08-05,18.95941038429737,-122.27751475548094,37.76728112752839,-122.25,37.75
Robert W. Crown SMCA,1998-08-06,18.953550830483437,-122.27751475548094,37.76728112752839,-122.25,37.75
Robert W. Crown SMCA,1998-08-07,18.777031771838665,-122.27751475548094,37.76728112752839,-122.25,37.75
Robert W. Crown SMCA,1998-08-08,18.575609609484673,-122.27751475548094,37.76728112752839,-122.25,37.75
Robert W. Crown SMCA,1998-08-09,18.469405196607113,-122.27751475548094,37.76728112752839,-122.25,37.75
Robert W. Crown SMCA,1998-08-10,18.45622120052576,-122.27751475548094,37.76728112752839,-122.25,37.75
Robert W. Crown SMCA,1998-08-11,18.573412276804447,-122.27751475548094,37.76728112752839,-122.25,37.75
Robert W. Crown SMCA,1998-08-12,18.663502916693687,-122.27751475548094,37.76728112752839,-122.25,37.75
Robert W. Crown SMCA,1998-08-13,18.752128668129444,-122.27751475548094,37.76728112752839,-122.25,37.75
Robert W. Crown SMCA,1998-08-14,18.823175758123398,-122.27751475548094,37.76728112752839,-122.25,37.75
Robert W. Crown SMCA,1998-08-15,18.80779442936182,-122.27751475548094,37.76728112752839,-122.25,37.75
Robert W. Crown SMCA,1998-08-16,18.634205147624016,-122.27751475548094,37.76728112752839,-122.25,37.75
Robert W. Crown SMCA,1998-08-17,18.39103366434574,-122.27751475548094,37.76728112752839,-122.25,37.75
Robert W. Crown SMCA,1998-08-18,18.168370619416237,-122.27751475548094,37.76728112752839,-122.25,37.75
Robert W. Crown SMCA,1998-08-19,17.9574266821146,-122.27751475548094,37.76728112752839,-122.25,37.75
Robert W. Crown SMCA,1998-08-20,17.877590261399746,-122.27751475548094,37.76728112752839,-122.25,37.75
Robert W. Crown SMCA,1998-08-21,17.87539292871952,-122.27751475548094,37.76728112752839,-122.25,37.75
Robert W. Crown SMCA,1998-08-22,17.860011599957943,-122.27751475548094,37.76728112752839,-122.25,37.75
Robert W. Crown SMCA,1998-08-23,17.808008059859276,-122.27751475548094,37.76728112752839,-122.25,37.75
Robert W. Crown SMCA,1998-08-24,17.725241862237453,-122.27751475548094,37.76728112752839,-122.25,37.75
Robert W. Crown SMCA,1998-08-25,17.71938230842352,-122.27751475548094,37.76728112752839,-122.25,37.75
Robert W. Crown SMCA,1998-08-26,17.742820523679256,-122.27751475548094,37.76728112752839,-122.25,37.75
Robert W. Crown SMCA,1998-08-27,17.852687157690525,-122.27751475548094,37.76728112752839,-122.25,37.75
Robert W. Crown SMCA,1998-08-28,18.02627643942833,-122.27751475548094,37.76728112752839,-122.25,37.75
Robert W. Crown SMCA,1998-08-29,18.14053773880005,-122.27751475548094,37.76728112752839,-122.25,37.75
Robert W. Crown SMCA,1998-08-30,18.18668172508478,-122.27751475548094,37.76728112752839,-122.25,37.75
Robert W. Crown SMCA,1998-08-31,18.249671928584576,-122.27751475548094,37.76728112752839,-122.25,37.75
Robert W. Crown SMCA,1998-09-01,18.396160773932934,-122.27751475548094,37.76728112752839,-122.25,37.75
Robert W. Crown SMCA,1998-09-02,18.522873625159264,-122.27751475548094,37.76728112752839,-122.25,37.75
Robert W. Crown SMCA,1998-09-03,18.59099093824625,-122.27751475548094,37.76728112752839,-122.25,37.75
Robert W. Crown SMCA,1998-09-04,18.793877989053726,-122.27751475548094,37.76728112752839,-122.25,37.75
Robert W. Crown SMCA,1998-09-05,19.173284098505974,-122.27751475548094,37.76728112752839,-122.25,37.75
Robert W. Crown SMCA,1998-09-06,19.464796900749207,-122.27751475548094,37.76728112752839,-122.25,37.75
Robert W. Crown SMCA,1998-09-07,19.525589771568775,-122.27751475548094,37.76728112752839,-122.25,37.75
Robert W. Crown SMCA,1998-09-08,19.198919646441936,-122.27751475548094,37.76728112752839,-122.25,37.75
Robert W. Crown SMCA,1998-09-09,18.763847775757313,-122.27751475548094,37.76728112752839,-122.25,37.75
Robert W. Crown SMCA,1998-09-10,18.36246833950281,-122.27751475548094,37.76728112752839,-122.25,37.75
Robert W. Crown SMCA,1998-09-11,18.192541278898716,-122.27751475548094,37.76728112752839,-122.25,37.75
Robert W. Crown SMCA,1998-09-12,18.215979494154453,-122.27751475548094,37.76728112752839,-122.25,37.75
Robert W. Crown SMCA,1998-09-13,18.303140357136726,-122.27751475548094,37.76728112752839,-122.25,37.75
Robert W. Crown SMCA,1998-09-14,18.495040744543076,-122.27751475548094,37.76728112752839,-122.25,37.75
Robert W. Crown SMCA,1998-09-15,18.789483323693275,-122.27751475548094,37.76728112752839,-122.25,37.75
Robert W. Crown SMCA,1998-09-16,18.997497484087944,-122.27751475548094,37.76728112752839,-122.25,37.75
Robert W. Crown SMCA,1998-09-17,19.00042726099491,-122.27751475548094,37.76728112752839,-122.25,37.75
Robert W. Crown SMCA,1998-09-18,19.06488235294819,-122.27751475548094,37.76728112752839,-122.25,37.75
Robert W. Crown SMCA,1998-09-19,18.59465315937996,-122.27751475548094,37.76728112752839,-122.25,37.75
Robert W. Crown SMCA,1998-09-20,18.163243509829044,-122.27751475548094,37.76728112752839,-122.25,37.75
Robert W. Crown SMCA,1998-09-21,17.82192450016737,-122.27751475548094,37.76728112752839,-122.25,37.75
Robert W. Crown SMCA,1998-09-22,17.67909787595272,-122.27751475548094,37.76728112752839,-122.25,37.75
Robert W. Crown SMCA,1998-09-23,17.880520038306713,-122.27751475548094,37.76728112752839,-122.25,37.75
Robert W. Crown SMCA,1998-09-24,18.23502304404974,-122.27751475548094,37.76728112752839,-122.25,37.75
Robert W. Crown SMCA,1998-09-25,18.060701318085194,-122.27751475548094,37.76728112752839,-122.25,37.75
Robert W. Crown SMCA,1998-09-26,17.717917419970036,-122.27751475548094,37.76728112752839,-122.25,37.75
Robert W. Crown SMCA,1998-09-27,17.769920960068703,-122.27751475548094,37.76728112752839,-122.25,37.75
Robert W. Crown SMCA,1998-09-28,18.185216836631298,-122.27751475548094,37.76728112752839,-122.25,37.75
Robert W. Crown SMCA,1998-09-29,18.36539811640978,-122.27751475548094,37.76728112752839,-122.25,37.75
Robert W. Crown SMCA,1998-09-30,17.950102239847183,-122.27751475548094,37.76728112752839,-122.25,37.75
Robert W. Crown SMCA,1998-10-01,17.786034733057022,-122.27751475548094,37.76728112752839,-122.25,37.75
Robert W. Crown SMCA,1998-10-02,17.665181435644627,-122.27751475548094,37.76728112752839,-122.25,37.75
Robert W. Crown SMCA,1998-10-03,17.434461504220963,-122.27751475548094,37.76728112752839,-122.25,37.75
Robert W. Crown SMCA,1998-10-04,17.26526688784361,-122.27751475548094,37.76728112752839,-122.25,37.75
Robert W. Crown SMCA,1998-10-05,17.13855403661728,-122.27751475548094,37.76728112752839,-122.25,37.75
Robert W. Crown SMCA,1998-10-06,17.251350447535515,-122.27751475548094,37.76728112752839,-122.25,37.75
Robert W. Crown SMCA,1998-10-07,17.58095034956932,-122.27751475548094,37.76728112752839,-122.25,37.75
Robert W. Crown SMCA,1998-10-08,17.69154942780733,-122.27751475548094,37.76728112752839,-122.25,37.75
Robert W. Crown SMCA,1998-10-09,17.301156654953957,-122.27751475548094,37.76728112752839,-122.25,37.75
Robert W. Crown SMCA,1998-10-10,16.892452776432037,-122.27751475548094,37.76728112752839,-122.25,37.75
Robert W. Crown SMCA,1998-10-11,16.629505299031734,-122.27751475548094,37.76728112752839,-122.25,37.75
Robert W. Crown SMCA,1998-10-12,16.732779935002327,-122.27751475548094,37.76728112752839,-122.25,37.75
Robert W. Crown SMCA,1998-10-13,16.890255443751812,-122.27751475548094,37.76728112752839,-122.25,37.75
Robert W. Crown SMCA,1998-10-14,16.60313730686903,-122.27751475548094,37.76728112752839,-122.25,37.75
Robert W. Crown SMCA,1998-10-15,16.09115879237652,-122.27751475548094,37.76728112752839,-122.25,37.75
Robert W. Crown SMCA,1998-10-16,15.63411359488964,-122.27751475548094,37.76728112752839,-122.25,37.75
Robert W. Crown SMCA,1998-10-17,15.339671015739441,-122.27751475548094,37.76728112752839,-122.25,37.75
Robert W. Crown SMCA,1998-10-18,15.226874604821205,-122.27751475548094,37.76728112752839,-122.25,37.75
Robert W. Crown SMCA,1998-10-19,15.108218640089035,-122.27751475548094,37.76728112752839,-122.25,37.75
Robert W. Crown SMCA,1998-10-20,15.158757291734219,-122.27751475548094,37.76728112752839,-122.25,37.75
Robert W. Crown SMCA,1998-10-21,15.397534109652042,-122.27751475548094,37.76728112752839,-122.25,37.75
Robert W. Crown SMCA,1998-10-22,15.702230907976627,-122.27751475548094,37.76728112752839,-122.25,37.75
Robert W. Crown SMCA,1998-10-23,15.7403180077672,-122.27751475548094,37.76728112752839,-122.25,37.75
Robert W. Crown SMCA,1998-10-24,15.607013158500195,-122.27751475548094,37.76728112752839,-122.25,37.75
Robert W. Crown SMCA,1998-10-25,15.319895021617413,-122.27751475548094,37.76728112752839,-122.25,37.75
Robert W. Crown SMCA,1998-10-26,14.890682704746723,-122.27751475548094,37.76728112752839,-122.25,37.75
Robert W. Crown SMCA,1998-10-27,14.917050696909428,-122.27751475548094,37.76728112752839,-122.25,37.75
Robert W. Crown SMCA,1998-10-28,14.892880037426949,-122.27751475548094,37.76728112752839,-122.25,37.75
Robert W. Crown SMCA,1998-10-29,14.531785033643246,-122.27751475548094,37.76728112752839,-122.25,37.75
Robert W. Crown SMCA,1998-10-30,14.238074898719788,-122.27751475548094,37.76728112752839,-122.25,37.75
Robert W. Crown SMCA,1998-10-31,14.107699826359749,-122.27751475548094,37.76728112752839,-122.25,37.75
Robert W. Crown SMCA,1998-11-01,14.14505448192358,-122.27751475548094,37.76728112752839,-122.25,37.75
Robert W. Crown SMCA,1998-11-02,14.101840272545815,-122.27751475548094,37.76728112752839,-122.25,37.75
Robert W. Crown SMCA,1998-11-03,14.109164714813232,-122.27751475548094,37.76728112752839,-122.25,37.75
Robert W. Crown SMCA,1998-11-04,14.24320200830698,-122.27751475548094,37.76728112752839,-122.25,37.75
Robert W. Crown SMCA,1998-11-05,14.098910495638847,-122.27751475548094,37.76728112752839,-122.25,37.75
Robert W. Crown SMCA,1998-11-06,13.794946141541004,-122.27751475548094,37.76728112752839,-122.25,37.75
Robert W. Crown SMCA,1998-11-07,13.685811951756477,-122.27751475548094,37.76728112752839,-122.25,37.75
Robert W. Crown SMCA,1998-11-08,13.577410206198692,-122.27751475548094,37.76728112752839,-122.25,37.75
Robert W. Crown SMCA,1998-11-09,13.373790711164474,-122.27751475548094,37.76728112752839,-122.25,37.75
Robert W. Crown SMCA,1998-11-10,13.360606715083122,-122.27751475548094,37.76728112752839,-122.25,37.75
Robert W. Crown SMCA,1998-11-11,13.316660061478615,-122.27751475548094,37.76728112752839,-122.25,37.75
Robert W. Crown SMCA,1998-11-12,13.489516898989677,-122.27751475548094,37.76728112752839,-122.25,37.75
Robert W. Crown SMCA,1998-11-13,13.714377276599407,-122.27751475548094,37.76728112752839,-122.25,37.75
Robert W. Crown SMCA,1998-11-14,13.819849245250225,-122.27751475548094,37.76728112752839,-122.25,37.75
Robert W. Crown SMCA,1998-11-15,13.709982611238956,-122.27751475548094,37.76728112752839,-122.25,37.75
Robert W. Crown SMCA,1998-11-16,13.663106180727482,-122.27751475548094,37.76728112752839,-122.25,37.75
Robert W. Crown SMCA,1998-11-17,13.64625996351242,-122.27751475548094,37.76728112752839,-122.25,37.75
Robert W. Crown SMCA,1998-11-18,13.48658712208271,-122.27751475548094,37.76728112752839,-122.25,37.75
Robert W. Crown SMCA,1998-11-19,13.180425435304642,-122.27751475548094,37.76728112752839,-122.25,37.75
Robert W. Crown SMCA,1998-11-20,13.129154339432716,-122.27751475548094,37.76728112752839,-122.25,37.75
Robert W. Crown SMCA,1998-11-21,13.230231642723083,-122.27751475548094,37.76728112752839,-122.25,37.75
Robert W. Crown SMCA,1998-11-22,13.252937413752079,-122.27751475548094,37.76728112752839,-122.25,37.75
Robert W. Crown SMCA,1998-11-23,13.311532951891422,-122.27751475548094,37.76728112752839,-122.25,37.75
Robert W. Crown SMCA,1998-11-24,13.203131206333637,-122.27751475548094,37.76728112752839,-122.25,37.75
Robert W. Crown SMCA,1998-11-25,13.214850313961506,-122.27751475548094,37.76728112752839,-122.25,37.75
Robert W. Crown SMCA,1998-11-26,13.200933873653412,-122.27751475548094,37.76728112752839,-122.25,37.75
Robert W. Crown SMCA,1998-11-27,13.233893863856792,-122.27751475548094,37.76728112752839,-122.25,37.75
Robert W. Crown SMCA,1998-11-28,12.973143719136715,-122.27751475548094,37.76728112752839,-122.25,37.75
Robert W. Crown SMCA,1998-11-29,12.759270004928112,-122.27751475548094,37.76728112752839,-122.25,37.75
Robert W. Crown SMCA,1998-11-30,12.77098911255598,-122.27751475548094,37.76728112752839,-122.25,37.75
Robert W. Crown SMCA,1998-12-01,12.691152691841125,-122.27751475548094,37.76728112752839,-122.25,37.75
Robert W. Crown SMCA,1998-12-02,12.650868259370327,-122.27751475548094,37.76728112752839,-122.25,37.75
Robert W. Crown SMCA,1998-12-03,12.616443380713463,-122.27751475548094,37.76728112752839,-122.25,37.75
Robert W. Crown SMCA,1998-12-04,12.36960967630148,-122.27751475548094,37.76728112752839,-122.25,37.75
Robert W. Crown SMCA,1998-12-05,11.938200026750565,-122.27751475548094,37.76728112752839,-122.25,37.75
Robert W. Crown SMCA,1998-12-06,11.465041056275368,-122.27751475548094,37.76728112752839,-122.25,37.75
Robert W. Crown SMCA,1998-12-07,11.22846157103777,-122.27751475548094,37.76728112752839,-122.25,37.75
Robert W. Crown SMCA,1998-12-08,11.2167424634099,-122.27751475548094,37.76728112752839,-122.25,37.75
Robert W. Crown SMCA,1998-12-09,11.002868749201298,-122.27751475548094,37.76728112752839,-122.25,37.75
Robert W. Crown SMCA,1998-12-10,11.054872289299965,-122.27751475548094,37.76728112752839,-122.25,37.75
Robert W. Crown SMCA,1998-12-11,11.297311328351498,-122.27751475548094,37.76728112752839,-122.25,37.75
Robert W. Crown SMCA,1998-12-12,11.446729950606823,-122.27751475548094,37.76728112752839,-122.25,37.75
Robert W. Crown SMCA,1998-12-13,11.435743287205696,-122.27751475548094,37.76728112752839,-122.25,37.75
Robert W. Crown SMCA,1998-12-14,11.051942512392998,-122.27751475548094,37.76728112752839,-122.25,37.75
Robert W. Crown SMCA,1998-12-15,10.89739678055048,-122.27751475548094,37.76728112752839,-122.25,37.75
Robert W. Crown SMCA,1998-12-16,10.952330097556114,-122.27751475548094,37.76728112752839,-122.25,37.75
Robert W. Crown SMCA,1998-12-17,11.144962929189205,-122.27751475548094,37.76728112752839,-122.25,37.75
Robert W. Crown SMCA,1998-12-18,11.321481987833977,-122.27751475548094,37.76728112752839,-122.25,37.75
Robert W. Crown SMCA,1998-12-19,11.0204474106431,-122.27751475548094,37.76728112752839,-122.25,37.75
Robert W. Crown SMCA,1998-12-20,10.465254686772823,-122.27751475548094,37.76728112752839,-122.25,37.75
Robert W. Crown SMCA,1998-12-21,9.67421492189169,-122.27751475548094,37.76728112752839,-122.25,37.75
Robert W. Crown SMCA,1998-12-22,9.201055951416492,-122.27751475548094,37.76728112752839,-122.25,37.75
Robert W. Crown SMCA,1998-12-23,8.866328939795494,-122.27751475548094,37.76728112752839,-122.25,37.75
Robert W. Crown SMCA,1998-12-24,8.785027630627155,-122.27751475548094,37.76728112752839,-122.25,37.75
Robert W. Crown SMCA,1998-12-25,8.872188493609428,-122.27751475548094,37.76728112752839,-122.25,37.75
Robert W. Crown SMCA,1998-12-26,8.982787571847439,-122.27751475548094,37.76728112752839,-122.25,37.75
Robert W. Crown SMCA,1998-12-27,9.035523556172848,-122.27751475548094,37.76728112752839,-122.25,37.75
Robert W. Crown SMCA,1998-12-28,9.114627532660961,-122.27751475548094,37.76728112752839,-122.25,37.75
Robert W. Crown SMCA,1998-12-29,9.251594603061676,-122.27751475548094,37.76728112752839,-122.25,37.75
Robert W. Crown SMCA,1998-12-30,9.37977234274149,-122.27751475548094,37.76728112752839,-122.25,37.75
Robert W. Crown SMCA,1998-12-31,9.532853186130524,-122.27751475548094,37.76728112752839,-122.25,37.75
Robert W. Crown SMCA,1999-01-01,9.60902738571167,-122.27751475548094,37.76728112752839,-122.25,37.75
Robert W. Crown SMCA,1999-01-02,9.681539364159107,-122.27751475548094,37.76728112752839,-122.25,37.75
Robert W. Crown SMCA,1999-01-03,9.83828242868185,-122.27751475548094,37.76728112752839,-122.25,37.75
Robert W. Crown SMCA,1999-01-04,10.081453911960125,-122.27751475548094,37.76728112752839,-122.25,37.75
Robert W. Crown SMCA,1999-01-05,10.312173843383789,-122.27751475548094,37.76728112752839,-122.25,37.75
Robert W. Crown SMCA,1999-01-06,10.326822727918625,-122.27751475548094,37.76728112752839,-122.25,37.75
Robert W. Crown SMCA,1999-01-07,10.233802311122417,-122.27751475548094,37.76728112752839,-122.25,37.75
Robert W. Crown SMCA,1999-01-08,9.916653960943222,-122.27751475548094,37.76728112752839,-122.25,37.75
Robert W. Crown SMCA,1999-01-09,9.975249499082565,-122.27751475548094,37.76728112752839,-122.25,37.75
Robert W. Crown SMCA,1999-01-10,10.22281564772129,-122.27751475548094,37.76728112752839,-122.25,37.75
Robert W. Crown SMCA,1999-01-11,10.375896491110325,-122.27751475548094,37.76728112752839,-122.25,37.75
Robert W. Crown SMCA,1999-01-12,10.200109876692295,-122.27751475548094,37.76728112752839,-122.25,37.75
Robert W. Crown SMCA,1999-01-13,10.008941933512688,-122.27751475548094,37.76728112752839,-122.25,37.75
Robert W. Crown SMCA,1999-01-14,10.043366812169552,-122.27751475548094,37.76728112752839,-122.25,37.75
Robert W. Crown SMCA,1999-01-15,10.228675201535225,-122.27751475548094,37.76728112752839,-122.25,37.75
Robert W. Crown SMCA,1999-01-16,10.337809391319752,-122.27751475548094,37.76728112752839,-122.25,37.75
Robert W. Crown SMCA,1999-01-17,10.39054537564516,-122.27751475548094,37.76728112752839,-122.25,37.75
Robert W. Crown SMCA,1999-01-18,10.490157790482044,-122.27751475548094,37.76728112752839,-122.25,37.75
Robert W. Crown SMCA,1999-01-19,10.63957641273737,-122.27751475548094,37.76728112752839,-122.25,37.75
Robert W. Crown SMCA,1999-01-20,10.761162154376507,-122.27751475548094,37.76728112752839,-122.25,37.75
Robert W. Crown SMCA,1999-01-21,10.83587146550417,-122.27751475548094,37.76728112752839,-122.25,37.75
Robert W. Crown SMCA,1999-01-22,11.004333637654781,-122.27751475548094,37.76728112752839,-122.25,37.75
Robert W. Crown SMCA,1999-01-23,11.068056285381317,-122.27751475548094,37.76728112752839,-122.25,37.75
Robert W. Crown SMCA,1999-01-24,10.892269670963287,-122.27751475548094,37.76728112752839,-122.25,37.75
Robert W. Crown SMCA,1999-01-25,10.659352406859398,-122.27751475548094,37.76728112752839,-122.25,37.75
Robert W. Crown SMCA,1999-01-26,10.535569332540035,-122.27751475548094,37.76728112752839,-122.25,37.75
Robert W. Crown SMCA,1999-01-27,10.293130293488503,-122.27751475548094,37.76728112752839,-122.25,37.75
Robert W. Crown SMCA,1999-01-28,10.203039653599262,-122.27751475548094,37.76728112752839,-122.25,37.75
Robert W. Crown SMCA,1999-01-29,10.374431602656841,-122.27751475548094,37.76728112752839,-122.25,37.75
Robert W. Crown SMCA,1999-01-30,10.559739992022514,-122.27751475548094,37.76728112752839,-122.25,37.75
Robert W. Crown SMCA,1999-01-31,10.391277819871902,-122.27751475548094,37.76728112752839,-122.25,37.75
Robert W. Crown SMCA,1999-02-01,10.23453475534916,-122.27751475548094,37.76728112752839,-122.25,37.75
Robert W. Crown SMCA,1999-02-02,10.235999643802643,-122.27751475548094,37.76728112752839,-122.25,37.75
Robert W. Crown SMCA,1999-02-03,10.334147170186043,-122.27751475548094,37.76728112752839,-122.25,37.75
Robert W. Crown SMCA,1999-02-04,10.44767602533102,-122.27751475548094,37.76728112752839,-122.25,37.75
Robert W. Crown SMCA,1999-02-05,10.493087567389011,-122.27751475548094,37.76728112752839,-122.25,37.75
Robert W. Crown SMCA,1999-02-06,10.534104444086552,-122.27751475548094,37.76728112752839,-122.25,37.75
Robert W. Crown SMCA,1999-02-07,10.605151534080505,-122.27751475548094,37.76728112752839,-122.25,37.75
Robert W. Crown SMCA,1999-02-08,10.784600369632244,-122.27751475548094,37.76728112752839,-122.25,37.75
Robert W. Crown SMCA,1999-02-09,10.869563899934292,-122.27751475548094,37.76728112752839,-122.25,37.75
Robert W. Crown SMCA,1999-02-10,10.579515986144543,-122.27751475548094,37.76728112752839,-122.25,37.75
Robert W. Crown SMCA,1999-02-11,10.652760408818722,-122.27751475548094,37.76728112752839,-122.25,37.75
Robert W. Crown SMCA,1999-02-12,10.716483056545258,-122.27751475548094,37.76728112752839,-122.25,37.75
Robert W. Crown SMCA,1999-02-13,10.75823237746954,-122.27751475548094,37.76728112752839,-122.25,37.75
Robert W. Crown SMCA,1999-02-14,10.890072338283062,-122.27751475548094,37.76728112752839,-122.25,37.75
Robert W. Crown SMCA,1999-02-15,11.153752259910107,-122.27751475548094,37.76728112752839,-122.25,37.75
Robert W. Crown SMCA,1999-02-16,11.241645567119122,-122.27751475548094,37.76728112752839,-122.25,37.75
Robert W. Crown SMCA,1999-02-17,11.090762056410313,-122.27751475548094,37.76728112752839,-122.25,37.75
Robert W. Crown SMCA,1999-02-18,11.246772676706314,-122.27751475548094,37.76728112752839,-122.25,37.75
Robert W. Crown SMCA,1999-02-19,11.24091312289238,-122.27751475548094,37.76728112752839,-122.25,37.75
Robert W. Crown SMCA,1999-02-20,11.4130375161767,-122.27751475548094,37.76728112752839,-122.25,37.75
Robert W. Crown SMCA,1999-02-21,11.262886449694633,-122.27751475548094,37.76728112752839,-122.25,37.75
Robert W. Crown SMCA,1999-02-22,11.251167342066765,-122.27751475548094,37.76728112752839,-122.25,37.75
Robert W. Crown SMCA,1999-02-23,11.487746827304363,-122.27751475548094,37.76728112752839,-122.25,37.75
Robert W. Crown SMCA,1999-02-24,11.803430289030075,-122.27751475548094,37.76728112752839,-122.25,37.75
Robert W. Crown SMCA,1999-02-25,11.851771607995033,-122.27751475548094,37.76728112752839,-122.25,37.75
Robert W. Crown SMCA,1999-02-26,11.901577815413475,-122.27751475548094,37.76728112752839,-122.25,37.75
Robert W. Crown SMCA,1999-02-27,12.12424086034298,-122.27751475548094,37.76728112752839,-122.25,37.75
Robert W. Crown SMCA,1999-02-28,12.376201674342155,-122.27751475548094,37.76728112752839,-122.25,37.75
Robert W. Crown SMCA,1999-03-01,12.634022042155266,-122.27751475548094,37.76728112752839,-122.25,37.75
Robert W. Crown SMCA,1999-03-02,12.874263748526573,-122.27751475548094,37.76728112752839,-122.25,37.75
Robert W. Crown SMCA,1999-03-03,12.987060159444809,-122.27751475548094,37.76728112752839,-122.25,37.75
Robert W. Crown SMCA,1999-03-04,12.74242378771305,-122.27751475548094,37.76728112752839,-122.25,37.75
Robert W. Crown SMCA,1999-03-05,12.463362537324429,-122.27751475548094,37.76728112752839,-122.25,37.75
Robert W. Crown SMCA,1999-03-06,12.317606136202812,-122.27751475548094,37.76728112752839,-122.25,37.75
Robert W. Crown SMCA,1999-03-07,12.327127911150455,-122.27751475548094,37.76728112752839,-122.25,37.75
Robert W. Crown SMCA,1999-03-08,12.26779992878437,-122.27751475548094,37.76728112752839,-122.25,37.75
Robert W. Crown SMCA,1999-03-09,12.039277330040932,-122.27751475548094,37.76728112752839,-122.25,37.75
Robert W. Crown SMCA,1999-03-10,12.130832858383656,-122.27751475548094,37.76728112752839,-122.25,37.75
Robert W. Crown SMCA,1999-03-11,12.259010598063469,-122.27751475548094,37.76728112752839,-122.25,37.75
Robert W. Crown SMCA,1999-03-12,12.4926603063941,-122.27751475548094,37.76728112752839,-122.25,37.75
Robert W. Crown SMCA,1999-03-13,12.606189161539078,-122.27751475548094,37.76728112752839,-122.25,37.75
Robert W. Crown SMCA,1999-03-14,12.478011421859264,-122.27751475548094,37.76728112752839,-122.25,37.75
Robert W. Crown SMCA,1999-03-15,12.466292314231396,-122.27751475548094,37.76728112752839,-122.25,37.75
Robert W. Crown SMCA,1999-03-16,12.024628445506096,-122.27751475548094,37.76728112752839,-122.25,37.75
Robert W. Crown SMCA,1999-03-17,11.92428358644247,-122.27751475548094,37.76728112752839,-122.25,37.75
Robert W. Crown SMCA,1999-03-18,12.053926214575768,-122.27751475548094,37.76728112752839,-122.25,37.75
Robert W. Crown SMCA,1999-03-19,12.039277330040932,-122.27751475548094,37.76728112752839,-122.25,37.75
Robert W. Crown SMCA,1999-03-20,12.179906621575356,-122.27751475548094,37.76728112752839,-122.25,37.75
Robert W. Crown SMCA,1999-03-21,12.428205214440823,-122.27751475548094,37.76728112752839,-122.25,37.75
Robert W. Crown SMCA,1999-03-22,12.58275094628334,-122.27751475548094,37.76728112752839,-122.25,37.75
Robert W. Crown SMCA,1999-03-23,12.48460341989994,-122.27751475548094,37.76728112752839,-122.25,37.75
Robert W. Crown SMCA,1999-03-24,12.317606136202812,-122.27751475548094,37.76728112752839,-122.25,37.75
Robert W. Crown SMCA,1999-03-25,12.184301286935806,-122.27751475548094,37.76728112752839,-122.25,37.75
Robert W. Crown SMCA,1999-03-26,12.024628445506096,-122.27751475548094,37.76728112752839,-122.25,37.75
Robert W. Crown SMCA,1999-03-27,11.964568018913269,-122.27751475548094,37.76728112752839,-122.25,37.75
Robert W. Crown SMCA,1999-03-28,11.866420492529869,-122.27751475548094,37.76728112752839,-122.25,37.75
Robert W. Crown SMCA,1999-03-29,12.031952887773514,-122.27751475548094,37.76728112752839,-122.25,37.75
Robert W. Crown SMCA,1999-03-30,12.108859531581402,-122.27751475548094,37.76728112752839,-122.25,37.75
Robert W. Crown SMCA,1999-03-31,12.036347553133965,-122.27751475548094,37.76728112752839,-122.25,37.75
Robert W. Crown SMCA,1999-04-01,11.808557398617268,-122.27751475548094,37.76728112752839,-122.25,37.75
Robert W. Crown SMCA,1999-04-02,11.640095226466656,-122.27751475548094,37.76728112752839,-122.25,37.75
Robert W. Crown SMCA,1999-04-03,11.548539698123932,-122.27751475548094,37.76728112752839,-122.25,37.75
Robert W. Crown SMCA,1999-04-04,10.989684753119946,-122.27751475548094,37.76728112752839,-122.25,37.75
Robert W. Crown SMCA,1999-04-05,10.749443046748638,-122.27751475548094,37.76728112752839,-122.25,37.75
Robert W. Crown SMCA,1999-04-06,10.808771029114723,-122.27751475548094,37.76728112752839,-122.25,37.75
Robert W. Crown SMCA,1999-04-07,10.873958565294743,-122.27751475548094,37.76728112752839,-122.25,37.75
Robert W. Crown SMCA,1999-04-08,10.966246537864208,-122.27751475548094,37.76728112752839,-122.25,37.75
Robert W. Crown SMCA,1999-04-09,10.79924925416708,-122.27751475548094,37.76728112752839,-122.25,37.75
Robert W. Crown SMCA,1999-04-10,10.78679770231247,-122.27751475548094,37.76728112752839,-122.25,37.75
Robert W. Crown SMCA,1999-04-11,10.976500757038593,-122.27751475548094,37.76728112752839,-122.25,37.75
Robert W. Crown SMCA,1999-04-12,11.325144208967686,-122.27751475548094,37.76728112752839,-122.25,37.75
Robert W. Crown SMCA,1999-04-13,11.289254441857338,-122.27751475548094,37.76728112752839,-122.25,37.75
Robert W. Crown SMCA,1999-04-14,11.5111850425601,-122.27751475548094,37.76728112752839,-122.25,37.75
Robert W. Crown SMCA,1999-04-15,12.008514672517776,-122.27751475548094,37.76728112752839,-122.25,37.75
Robert W. Crown SMCA,1999-04-16,12.62376782298088,-122.27751475548094,37.76728112752839,-122.25,37.75
Robert W. Crown SMCA,1999-04-17,13.017090372741222,-122.27751475548094,37.76728112752839,-122.25,37.75
Robert W. Crown SMCA,1999-04-18,13.267586298286915,-122.27751475548094,37.76728112752839,-122.25,37.75
Robert W. Crown SMCA,1999-04-19,13.415540032088757,-122.27751475548094,37.76728112752839,-122.25,37.75
Robert W. Crown SMCA,1999-04-20,13.26172674447298,-122.27751475548094,37.76728112752839,-122.25,37.75
Robert W. Crown SMCA,1999-04-21,13.086672574281693,-122.27751475548094,37.76728112752839,-122.25,37.75
Robert W. Crown SMCA,1999-04-22,12.842768646776676,-122.27751475548094,37.76728112752839,-122.25,37.75
Robert W. Crown SMCA,1999-04-23,12.541001625359058,-122.27751475548094,37.76728112752839,-122.25,37.75
Robert W. Crown SMCA,1999-04-24,12.57835628092289,-122.27751475548094,37.76728112752839,-122.25,37.75
Robert W. Crown SMCA,1999-04-25,12.804681546986103,-122.27751475548094,37.76728112752839,-122.25,37.75
Robert W. Crown SMCA,1999-04-26,12.887447744607925,-122.27751475548094,37.76728112752839,-122.25,37.75
Robert W. Crown SMCA,1999-04-27,12.658192701637745,-122.27751475548094,37.76728112752839,-122.25,37.75
Robert W. Crown SMCA,1999-04-28,12.323465690016747,-122.27751475548094,37.76728112752839,-122.25,37.75
Robert W. Crown SMCA,1999-04-29,11.955778688192368,-122.27751475548094,37.76728112752839,-122.25,37.75
Robert W. Crown SMCA,1999-04-30,11.926480919122696,-122.27751475548094,37.76728112752839,-122.25,37.75
Robert W. Crown SMCA,1999-05-01,12.138889744877815,-122.27751475548094,37.76728112752839,-122.25,37.75
Robert W. Crown SMCA,1999-05-02,12.1982177272439,-122.27751475548094,37.76728112752839,-122.25,37.75
Robert W. Crown SMCA,1999-05-03,12.21066927909851,-122.27751475548094,37.76728112752839,-122.25,37.75
Robert W. Crown SMCA,1999-05-04,12.352031014859676,-122.27751475548094,37.76728112752839,-122.25,37.75
Robert W. Crown SMCA,1999-05-05,12.436994545161724,-122.27751475548094,37.76728112752839,-122.25,37.75
Robert W. Crown SMCA,1999-05-06,12.641346484422684,-122.27751475548094,37.76728112752839,-122.25,37.75
Robert W. Crown SMCA,1999-05-07,12.645741149783134,-122.27751475548094,37.76728112752839,-122.25,37.75
Robert W. Crown SMCA,1999-05-08,12.39011811465025,-122.27751475548094,37.76728112752839,-122.25,37.75
Robert W. Crown SMCA,1999-05-09,12.048799104988575,-122.27751475548094,37.76728112752839,-122.25,37.75
Robert W. Crown SMCA,1999-05-10,11.866420492529869,-122.27751475548094,37.76728112752839,-122.25,37.75
Robert W. Crown SMCA,1999-05-11,11.979949347674847,-122.27751475548094,37.76728112752839,-122.25,37.75
Robert W. Crown SMCA,1999-05-12,12.196752838790417,-122.27751475548094,37.76728112752839,-122.25,37.75
Robert W. Crown SMCA,1999-05-13,12.127903081476688,-122.27751475548094,37.76728112752839,-122.25,37.75
Robert W. Crown SMCA,1999-05-14,11.982879124581814,-122.27751475548094,37.76728112752839,-122.25,37.75
Robert W. Crown SMCA,1999-05-15,11.887661375105381,-122.27751475548094,37.76728112752839,-122.25,37.75
Robert W. Crown SMCA,1999-05-16,11.854701384902,-122.27751475548094,37.76728112752839,-122.25,37.75
Robert W. Crown SMCA,1999-05-17,12.057588435709476,-122.27751475548094,37.76728112752839,-122.25,37.75
Robert W. Crown SMCA,1999-05-18,12.408429220318794,-122.27751475548094,37.76728112752839,-122.25,37.75
Robert W. Crown SMCA,1999-05-19,12.571764282882214,-122.27751475548094,37.76728112752839,-122.25,37.75
Robert W. Crown SMCA,1999-05-20,12.540269181132317,-122.27751475548094,37.76728112752839,-122.25,37.75
Robert W. Crown SMCA,1999-05-21,12.491927862167358,-122.27751475548094,37.76728112752839,-122.25,37.75
Robert W. Crown SMCA,1999-05-22,12.613513603806496,-122.27751475548094,37.76728112752839,-122.25,37.75
Robert W. Crown SMCA,1999-05-23,13.10644856840372,-122.27751475548094,37.76728112752839,-122.25,37.75
Robert W. Crown SMCA,1999-05-24,13.66237373650074,-122.27751475548094,37.76728112752839,-122.25,37.75
Robert W. Crown SMCA,1999-05-25,13.90774255245924,-122.27751475548094,37.76728112752839,-122.25,37.75
Robert W. Crown SMCA,1999-05-26,13.823511466383934,-122.27751475548094,37.76728112752839,-122.25,37.75
Robert W. Crown SMCA,1999-05-27,13.900418110191822,-122.27751475548094,37.76728112752839,-122.25,37.75
Robert W. Crown SMCA,1999-05-28,14.05056917667389,-122.27751475548094,37.76728112752839,-122.25,37.75
Robert W. Crown SMCA,1999-05-29,14.04690695554018,-122.27751475548094,37.76728112752839,-122.25,37.75
Robert W. Crown SMCA,1999-05-30,14.062288284301758,-122.27751475548094,37.76728112752839,-122.25,37.75
Robert W. Crown SMCA,1999-05-31,14.55815302580595,-122.27751475548094,37.76728112752839,-122.25,37.75
Robert W. Crown SMCA,1999-06-01,15.124332413077354,-122.27751475548094,37.76728112752839,-122.25,37.75
Robert W. Crown SMCA,1999-06-02,15.319895021617413,-122.27751475548094,37.76728112752839,-122.25,37.75
Robert W. Crown SMCA,1999-06-03,14.903866700828075,-122.27751475548094,37.76728112752839,-122.25,37.75
Robert W. Crown SMCA,1999-06-04,14.66435743868351,-122.27751475548094,37.76728112752839,-122.25,37.75
Robert W. Crown SMCA,1999-06-05,14.609424121677876,-122.27751475548094,37.76728112752839,-122.25,37.75
Robert W. Crown SMCA,1999-06-06,14.613818787038326,-122.27751475548094,37.76728112752839,-122.25,37.75
Robert W. Crown SMCA,1999-06-07,14.493697933852673,-122.27751475548094,37.76728112752839,-122.25,37.75
Robert W. Crown SMCA,1999-06-08,14.356730863451958,-122.27751475548094,37.76728112752839,-122.25,37.75
Robert W. Crown SMCA,1999-06-09,14.254188671708107,-122.27751475548094,37.76728112752839,-122.25,37.75
Robert W. Crown SMCA,1999-06-10,14.11648915708065,-122.27751475548094,37.76728112752839,-122.25,37.75
Robert W. Crown SMCA,1999-06-11,14.068880282342434,-122.27751475548094,37.76728112752839,-122.25,37.75
Robert W. Crown SMCA,1999-06-12,14.324503317475319,-122.27751475548094,37.76728112752839,-122.25,37.75
Robert W. Crown SMCA,1999-06-13,14.68926054239273,-122.27751475548094,37.76728112752839,-122.25,37.75
Robert W. Crown SMCA,1999-06-14,14.854792937636375,-122.27751475548094,37.76728112752839,-122.25,37.75
Robert W. Crown SMCA,1999-06-15,14.67680899053812,-122.27751475548094,37.76728112752839,-122.25,37.75
Robert W. Crown SMCA,1999-06-16,14.720755644142628,-122.27751475548094,37.76728112752839,-122.25,37.75
Robert W. Crown SMCA,1999-06-17,14.769096963107586,-122.27751475548094,37.76728112752839,-122.25,37.75
Robert W. Crown SMCA,1999-06-18,14.862117379903793,-122.27751475548094,37.76728112752839,-122.25,37.75
Robert W. Crown SMCA,1999-06-19,14.933164469897747,-122.27751475548094,37.76728112752839,-122.25,37.75
Robert W. Crown SMCA,1999-06-20,14.871639154851437,-122.27751475548094,37.76728112752839,-122.25,37.75
Robert W. Crown SMCA,1999-06-21,14.955870240926743,-122.27751475548094,37.76728112752839,-122.25,37.75
Robert W. Crown SMCA,1999-06-22,15.031311996281147,-122.27751475548094,37.76728112752839,-122.25,37.75
Robert W. Crown SMCA,1999-06-23,15.346995458006859,-122.27751475548094,37.76728112752839,-122.25,37.75
Robert W. Crown SMCA,1999-06-24,15.78133488446474,-122.27751475548094,37.76728112752839,-122.25,37.75
Robert W. Crown SMCA,1999-06-25,15.73226112127304,-122.27751475548094,37.76728112752839,-122.25,37.75
Robert W. Crown SMCA,1999-06-26,15.584307387471199,-122.27751475548094,37.76728112752839,-122.25,37.75
Robert W. Crown SMCA,1999-06-27,15.473708309233189,-122.27751475548094,37.76728112752839,-122.25,37.75
Robert W. Crown SMCA,1999-06-28,15.521317183971405,-122.27751475548094,37.76728112752839,-122.25,37.75
Robert W. Crown SMCA,1999-06-29,15.72786645591259,-122.27751475548094,37.76728112752839,-122.25,37.75
Robert W. Crown SMCA,1999-06-30,15.979094825685024,-122.27751475548094,37.76728112752839,-122.25,37.75
Robert W. Crown SMCA,1999-07-01,16.134373001754284,-122.27751475548094,37.76728112752839,-122.25,37.75
Robert W. Crown SMCA,1999-07-02,16.077974796295166,-122.27751475548094,37.76728112752839,-122.25,37.75
Robert W. Crown SMCA,1999-07-03,15.94906461238861,-122.27751475548094,37.76728112752839,-122.25,37.75
Robert W. Crown SMCA,1999-07-04,15.861171305179596,-122.27751475548094,37.76728112752839,-122.25,37.75
Robert W. Crown SMCA,1999-07-05,15.822351761162281,-122.27751475548094,37.76728112752839,-122.25,37.75
Robert W. Crown SMCA,1999-07-06,15.896328628063202,-122.27751475548094,37.76728112752839,-122.25,37.75
Robert W. Crown SMCA,1999-07-07,15.865565970540047,-122.27751475548094,37.76728112752839,-122.25,37.75
Robert W. Crown SMCA,1999-07-08,15.840662866830826,-122.27751475548094,37.76728112752839,-122.25,37.75
Robert W. Crown SMCA,1999-07-09,16.003997929394245,-122.27751475548094,37.76728112752839,-122.25,37.75
Robert W. Crown SMCA,1999-07-10,16.184911653399467,-122.27751475548094,37.76728112752839,-122.25,37.75
Robert W. Crown SMCA,1999-07-11,16.282326735556126,-122.27751475548094,37.76728112752839,-122.25,37.75
Robert W. Crown SMCA,1999-07-12,16.371684931218624,-122.27751475548094,37.76728112752839,-122.25,37.75
Robert W. Crown SMCA,1999-07-13,16.621448412537575,-122.27751475548094,37.76728112752839,-122.25,37.75
Robert W. Crown SMCA,1999-07-14,16.959837645292282,-122.27751475548094,37.76728112752839,-122.25,37.75
Robert W. Crown SMCA,1999-07-15,17.172978915274143,-122.27751475548094,37.76728112752839,-122.25,37.75
Robert W. Crown SMCA,1999-07-16,17.082888275384903,-122.27751475548094,37.76728112752839,-122.25,37.75
Robert W. Crown SMCA,1999-07-17,17.04846339672804,-122.27751475548094,37.76728112752839,-122.25,37.75
Robert W. Crown SMCA,1999-07-18,17.05359050631523,-122.27751475548094,37.76728112752839,-122.25,37.75
Robert W. Crown SMCA,1999-07-19,17.170781582593918,-122.27751475548094,37.76728112752839,-122.25,37.75
Robert W. Crown SMCA,1999-07-20,17.439588613808155,-122.27751475548094,37.76728112752839,-122.25,37.75
Robert W. Crown SMCA,1999-07-21,17.664448991417885,-122.27751475548094,37.76728112752839,-122.25,37.75
Robert W. Crown SMCA,1999-07-22,17.83364360779524,-122.27751475548094,37.76728112752839,-122.25,37.75
Robert W. Crown SMCA,1999-07-23,17.894436478614807,-122.27751475548094,37.76728112752839,-122.25,37.75
Robert W. Crown SMCA,1999-07-24,17.697408981621265,-122.27751475548094,37.76728112752839,-122.25,37.75
Robert W. Crown SMCA,1999-07-25,17.342173531651497,-122.27751475548094,37.76728112752839,-122.25,37.75
Robert W. Crown SMCA,1999-07-26,17.233771786093712,-122.27751475548094,37.76728112752839,-122.25,37.75
Robert W. Crown SMCA,1999-07-27,17.268196664750576,-122.27751475548094,37.76728112752839,-122.25,37.75
Robert W. Crown SMCA,1999-07-28,17.51942503452301,-122.27751475548094,37.76728112752839,-122.25,37.75
Robert W. Crown SMCA,1999-07-29,17.910550251603127,-122.27751475548094,37.76728112752839,-122.25,37.75
Robert W. Crown SMCA,1999-07-30,18.07974486798048,-122.27751475548094,37.76728112752839,-122.25,37.75
Robert W. Crown SMCA,1999-07-31,17.839503161609173,-122.27751475548094,37.76728112752839,-122.25,37.75
Robert W. Crown SMCA,1999-08-01,17.636616110801697,-122.27751475548094,37.76728112752839,-122.25,37.75
Robert W. Crown SMCA,1999-08-02,17.849024936556816,-122.27751475548094,37.76728112752839,-122.25,37.75
Robert W. Crown SMCA,1999-08-03,18.102450639009476,-122.27751475548094,37.76728112752839,-122.25,37.75
Robert W. Crown SMCA,1999-08-04,18.048982210457325,-122.27751475548094,37.76728112752839,-122.25,37.75
Robert W. Crown SMCA,1999-08-05,17.901028476655483,-122.27751475548094,37.76728112752839,-122.25,37.75
Robert W. Crown SMCA,1999-08-06,17.779442735016346,-122.27751475548094,37.76728112752839,-122.25,37.75
Robert W. Crown SMCA,1999-08-07,17.986724451184273,-122.27751475548094,37.76728112752839,-122.25,37.75
Robert W. Crown SMCA,1999-08-08,18.367595449090004,-122.27751475548094,37.76728112752839,-122.25,37.75
Robert W. Crown SMCA,1999-08-09,18.60344249010086,-122.27751475548094,37.76728112752839,-122.25,37.75
Robert W. Crown SMCA,1999-08-10,18.621021151542664,-122.27751475548094,37.76728112752839,-122.25,37.75
Robert W. Crown SMCA,1999-08-11,18.706717126071453,-122.27751475548094,37.76728112752839,-122.25,37.75
Robert W. Crown SMCA,1999-08-12,18.749198891222477,-122.27751475548094,37.76728112752839,-122.25,37.75
Robert W. Crown SMCA,1999-08-13,18.37858211249113,-122.27751475548094,37.76728112752839,-122.25,37.75
Robert W. Crown SMCA,1999-08-14,18.270912811160088,-122.27751475548094,37.76728112752839,-122.25,37.75
Robert W. Crown SMCA,1999-08-15,18.131748408079147,-122.27751475548094,37.76728112752839,-122.25,37.75
Robert W. Crown SMCA,1999-08-16,18.11270485818386,-122.27751475548094,37.76728112752839,-122.25,37.75
Robert W. Crown SMCA,1999-08-17,18.17789239436388,-122.27751475548094,37.76728112752839,-122.25,37.75
Robert W. Crown SMCA,1999-08-18,18.199865721166134,-122.27751475548094,37.76728112752839,-122.25,37.75
Robert W. Crown SMCA,1999-08-19,18.162511065602303,-122.27751475548094,37.76728112752839,-122.25,37.75
Robert W. Crown SMCA,1999-08-20,18.199133276939392,-122.27751475548094,37.76728112752839,-122.25,37.75
Robert W. Crown SMCA,1999-08-21,18.17715995013714,-122.27751475548094,37.76728112752839,-122.25,37.75
Robert W. Crown SMCA,1999-08-22,18.1449324041605,-122.27751475548094,37.76728112752839,-122.25,37.75
Robert W. Crown SMCA,1999-08-23,18.200598165392876,-122.27751475548094,37.76728112752839,-122.25,37.75
Robert W. Crown SMCA,1999-08-24,18.3990905508399,-122.27751475548094,37.76728112752839,-122.25,37.75
Robert W. Crown SMCA,1999-08-25,18.459150977432728,-122.27751475548094,37.76728112752839,-122.25,37.75
Robert W. Crown SMCA,1999-08-26,18.465742975473404,-122.27751475548094,37.76728112752839,-122.25,37.75
Robert W. Crown SMCA,1999-08-27,18.5953856036067,-122.27751475548094,37.76728112752839,-122.25,37.75
Robert W. Crown SMCA,1999-08-28,18.70525223761797,-122.27751475548094,37.76728112752839,-122.25,37.75
Robert W. Crown SMCA,1999-08-29,18.356608785688877,-122.27751475548094,37.76728112752839,-122.25,37.75
Robert W. Crown SMCA,1999-08-30,18.11197241395712,-122.27751475548094,37.76728112752839,-122.25,37.75
Robert W. Crown SMCA,1999-08-31,17.65492721647024,-122.27751475548094,37.76728112752839,-122.25,37.75
Robert W. Crown SMCA,1999-09-01,17.23670156300068,-122.27751475548094,37.76728112752839,-122.25,37.75
Robert W. Crown SMCA,1999-09-02,17.137821592390537,-122.27751475548094,37.76728112752839,-122.25,37.75
Robert W. Crown SMCA,1999-09-03,17.18762779980898,-122.27751475548094,37.76728112752839,-122.25,37.75
Robert W. Crown SMCA,1999-09-04,17.268196664750576,-122.27751475548094,37.76728112752839,-122.25,37.75
Robert W. Crown SMCA,1999-09-05,17.317270427942276,-122.27751475548094,37.76728112752839,-122.25,37.75
Robert W. Crown SMCA,1999-09-06,17.32239753752947,-122.27751475548094,37.76728112752839,-122.25,37.75
Robert W. Crown SMCA,1999-09-07,17.408093512058258,-122.27751475548094,37.76728112752839,-122.25,37.75
Robert W. Crown SMCA,1999-09-08,17.774315625429153,-122.27751475548094,37.76728112752839,-122.25,37.75
Robert W. Crown SMCA,1999-09-09,18.05117954313755,-122.27751475548094,37.76728112752839,-122.25,37.75
Robert W. Crown SMCA,1999-09-10,18.10391552746296,-122.27751475548094,37.76728112752839,-122.25,37.75
Robert W. Crown SMCA,1999-09-11,18.122226633131504,-122.27751475548094,37.76728112752839,-122.25,37.75
Robert W. Crown SMCA,1999-09-12,18.209387496113777,-122.27751475548094,37.76728112752839,-122.25,37.75
Robert W. Crown SMCA,1999-09-13,18.35807367414236,-122.27751475548094,37.76728112752839,-122.25,37.75
Robert W. Crown SMCA,1999-09-14,18.26798303425312,-122.27751475548094,37.76728112752839,-122.25,37.75
Robert W. Crown SMCA,1999-09-15,17.635151222348213,-122.27751475548094,37.76728112752839,-122.25,37.75
Robert W. Crown SMCA,1999-09-16,17.377330854535103,-122.27751475548094,37.76728112752839,-122.25,37.75
Robert W. Crown SMCA,1999-09-17,17.252815335989,-122.27751475548094,37.76728112752839,-122.25,37.75
Robert W. Crown SMCA,1999-09-18,17.205206461250782,-122.27751475548094,37.76728112752839,-122.25,37.75
Robert W. Crown SMCA,1999-09-19,17.39637440443039,-122.27751475548094,37.76728112752839,-122.25,37.75
Robert W. Crown SMCA,1999-09-20,17.64980010688305,-122.27751475548094,37.76728112752839,-122.25,37.75
Robert W. Crown SMCA,1999-09-21,17.77724540233612,-122.27751475548094,37.76728112752839,-122.25,37.75
Robert W. Crown SMCA,1999-09-22,17.8592791557312,-122.27751475548094,37.76728112752839,-122.25,37.75
Robert W. Crown SMCA,1999-09-23,17.77358318120241,-122.27751475548094,37.76728112752839,-122.25,37.75
Robert W. Crown SMCA,1999-09-24,17.45423749834299,-122.27751475548094,37.76728112752839,-122.25,37.75
Robert W. Crown SMCA,1999-09-25,17.435193948447704,-122.27751475548094,37.76728112752839,-122.25,37.75
Robert W. Crown SMCA,1999-09-26,17.357554860413074,-122.27751475548094,37.76728112752839,-122.25,37.75
Robert W. Crown SMCA,1999-09-27,17.172978915274143,-122.27751475548094,37.76728112752839,-122.25,37.75
Robert W. Crown SMCA,1999-09-28,17.034546956419945,-122.27751475548094,37.76728112752839,-122.25,37.75
Robert W. Crown SMCA,1999-09-29,17.291634880006313,-122.27751475548094,37.76728112752839,-122.25,37.75
Robert W. Crown SMCA,1999-09-30,17.672505877912045,-122.27751475548094,37.76728112752839,-122.25,37.75
Robert W. Crown SMCA,1999-10-01,17.88271737098694,-122.27751475548094,37.76728112752839,-122.25,37.75
Robert W. Crown SMCA,1999-10-02,17.983062230050564,-122.27751475548094,37.76728112752839,-122.25,37.75
Robert W. Crown SMCA,1999-10-03,18.011627554893494,-122.27751475548094,37.76728112752839,-122.25,37.75
Robert W. Crown SMCA,1999-10-04,18.037995547056198,-122.27751475548094,37.76728112752839,-122.25,37.75
Robert W. Crown SMCA,1999-10-05,17.979400008916855,-122.27751475548094,37.76728112752839,-122.25,37.75
Robert W. Crown SMCA,1999-10-06,17.912747584283352,-122.27751475548094,37.76728112752839,-122.25,37.75
Robert W. Crown SMCA,1999-10-07,17.46961882710457,-122.27751475548094,37.76728112752839,-122.25,37.75
Robert W. Crown SMCA,1999-10-08,17.248420670628548,-122.27751475548094,37.76728112752839,-122.25,37.75
Robert W. Crown SMCA,1999-10-09,17.226447343826294,-122.27751475548094,37.76728112752839,-122.25,37.75
Robert W. Crown SMCA,1999-10-10,17.186162911355495,-122.27751475548094,37.76728112752839,-122.25,37.75
Robert W. Crown SMCA,1999-10-11,17.416150398552418,-122.27751475548094,37.76728112752839,-122.25,37.75
Robert W. Crown SMCA,1999-10-12,17.76918851584196,-122.27751475548094,37.76728112752839,-122.25,37.75
Robert W. Crown SMCA,1999-10-13,17.923001803457737,-122.27751475548094,37.76728112752839,-122.25,37.75
Robert W. Crown SMCA,1999-10-14,17.83437605202198,-122.27751475548094,37.76728112752839,-122.25,37.75
Robert W. Crown SMCA,1999-10-15,17.075563833117485,-122.27751475548094,37.76728112752839,-122.25,37.75
Robert W. Crown SMCA,1999-10-16,16.679311506450176,-122.27751475548094,37.76728112752839,-122.25,37.75
Robert W. Crown SMCA,1999-10-17,16.794305250048637,-122.27751475548094,37.76728112752839,-122.25,37.75
Robert W. Crown SMCA,1999-10-18,17.08948027342558,-122.27751475548094,37.76728112752839,-122.25,37.75
Robert W. Crown SMCA,1999-10-19,17.18762779980898,-122.27751475548094,37.76728112752839,-122.25,37.75
Robert W. Crown SMCA,1999-10-20,17.227179788053036,-122.27751475548094,37.76728112752839,-122.25,37.75
Robert W. Crown SMCA,1999-10-21,17.201544240117073,-122.27751475548094,37.76728112752839,-122.25,37.75
Robert W. Crown SMCA,1999-10-22,17.116580709815025,-122.27751475548094,37.76728112752839,-122.25,37.75
Robert W. Crown SMCA,1999-10-23,16.95471053570509,-122.27751475548094,37.76728112752839,-122.25,37.75
Robert W. Crown SMCA,1999-10-24,16.797967471182346,-122.27751475548094,37.76728112752839,-122.25,37.75
Robert W. Crown SMCA,1999-10-25,16.70494705438614,-122.27751475548094,37.76728112752839,-122.25,37.75
Robert W. Crown SMCA,1999-10-26,16.694692835211754,-122.27751475548094,37.76728112752839,-122.25,37.75
Robert W. Crown SMCA,1999-10-27,16.507187113165855,-122.27751475548094,37.76728112752839,-122.25,37.75
Robert W. Crown SMCA,1999-10-28,16.22739341855049,-122.27751475548094,37.76728112752839,-122.25,37.75
Robert W. Crown SMCA,1999-10-29,15.827478870749474,-122.27751475548094,37.76728112752839,-122.25,37.75
Robert W. Crown SMCA,1999-10-30,15.493484303355217,-122.27751475548094,37.76728112752839,-122.25,37.75
Robert W. Crown SMCA,1999-10-31,15.357249677181244,-122.27751475548094,37.76728112752839,-122.25,37.75
Robert W. Crown SMCA,1999-11-01,15.109683528542519,-122.27751475548094,37.76728112752839,-122.25,37.75
Robert W. Crown SMCA,1999-11-02,14.952940464019775,-122.27751475548094,37.76728112752839,-122.25,37.75
Robert W. Crown SMCA,1999-11-03,14.813043616712093,-122.27751475548094,37.76728112752839,-122.25,37.75
Robert W. Crown SMCA,1999-11-04,14.640919223427773,-122.27751475548094,37.76728112752839,-122.25,37.75
Robert W. Crown SMCA,1999-11-05,14.589648127555847,-122.27751475548094,37.76728112752839,-122.25,37.75
Robert W. Crown SMCA,1999-11-06,14.667287215590477,-122.27751475548094,37.76728112752839,-122.25,37.75
Robert W. Crown SMCA,1999-11-07,14.429242841899395,-122.27751475548094,37.76728112752839,-122.25,37.75
Robert W. Crown SMCA,1999-11-08,14.117954045534134,-122.27751475548094,37.76728112752839,-122.25,37.75
Robert W. Crown SMCA,1999-11-09,14.20657979696989,-122.27751475548094,37.76728112752839,-122.25,37.75
Robert W. Crown SMCA,1999-11-10,14.147984258830547,-122.27751475548094,37.76728112752839,-122.25,37.75
Robert W. Crown SMCA,1999-11-11,14.040314957499504,-122.27751475548094,37.76728112752839,-122.25,37.75
Robert W. Crown SMCA,1999-11-12,14.049836732447147,-122.27751475548094,37.76728112752839,-122.25,37.75
Robert W. Crown SMCA,1999-11-13,14.164098031818867,-122.27751475548094,37.76728112752839,-122.25,37.75
Robert W. Crown SMCA,1999-11-14,14.257850892841816,-122.27751475548094,37.76728112752839,-122.25,37.75
Robert W. Crown SMCA,1999-11-15,14.019806519150734,-122.27751475548094,37.76728112752839,-122.25,37.75
Robert W. Crown SMCA,1999-11-16,13.885036781430244,-122.27751475548094,37.76728112752839,-122.25,37.75
Robert W. Crown SMCA,1999-11-17,13.852809235453606,-122.27751475548094,37.76728112752839,-122.25,37.75
Robert W. Crown SMCA,1999-11-18,13.994903415441513,-122.27751475548094,37.76728112752839,-122.25,37.75
Robert W. Crown SMCA,1999-11-19,13.74001282453537,-122.27751475548094,37.76728112752839,-122.25,37.75
Robert W. Crown SMCA,1999-11-20,13.586931981146336,-122.27751475548094,37.76728112752839,-122.25,37.75
Robert W. Crown SMCA,1999-11-21,13.465346239507198,-122.27751475548094,37.76728112752839,-122.25,37.75
Robert W. Crown SMCA,1999-11-22,13.118900120258331,-122.27751475548094,37.76728112752839,-122.25,37.75
Robert W. Crown SMCA,1999-11-23,12.965819276869297,-122.27751475548094,37.76728112752839,-122.25,37.75
Robert W. Crown SMCA,1999-11-24,13.118900120258331,-122.27751475548094,37.76728112752839,-122.25,37.75
Robert W. Crown SMCA,1999-11-25,13.247077859938145,-122.27751475548094,37.76728112752839,-122.25,37.75
Robert W. Crown SMCA,1999-11-26,13.126957006752491,-122.27751475548094,37.76728112752839,-122.25,37.75
Robert W. Crown SMCA,1999-11-27,13.070558801293373,-122.27751475548094,37.76728112752839,-122.25,37.75
Robert W. Crown SMCA,1999-11-28,13.177495658397675,-122.27751475548094,37.76728112752839,-122.25,37.75
Robert W. Crown SMCA,1999-11-29,13.15918455272913,-122.27751475548094,37.76728112752839,-122.25,37.75
Robert W. Crown SMCA,1999-11-30,13.015625484287739,-122.27751475548094,37.76728112752839,-122.25,37.75
Robert W. Crown SMCA,1999-12-01,12.792229995131493,-122.27751475548094,37.76728112752839,-122.25,37.75
Robert W. Crown SMCA,1999-12-02,12.636219374835491,-122.27751475548094,37.76728112752839,-122.25,37.75
Robert W. Crown SMCA,1999-12-03,12.36155278980732,-122.27751475548094,37.76728112752839,-122.25,37.75
Robert W. Crown SMCA,1999-12-04,12.105929754674435,-122.27751475548094,37.76728112752839,-122.25,37.75
Robert W. Crown SMCA,1999-12-05,12.223853275179863,-122.27751475548094,37.76728112752839,-122.25,37.75
Robert W. Crown SMCA,1999-12-06,12.341776795685291,-122.27751475548094,37.76728112752839,-122.25,37.75
Robert W. Crown SMCA,1999-12-07,12.004852451384068,-122.27751475548094,37.76728112752839,-122.25,37.75
Robert W. Crown SMCA,1999-12-08,11.778527185320854,-122.27751475548094,37.76728112752839,-122.25,37.75
Robert W. Crown SMCA,1999-12-09,11.730918310582638,-122.27751475548094,37.76728112752839,-122.25,37.75
Robert W. Crown SMCA,1999-12-10,11.432081066071987,-122.27751475548094,37.76728112752839,-122.25,37.75
Robert W. Crown SMCA,1999-12-11,11.189642027020454,-122.27751475548094,37.76728112752839,-122.25,37.75
Robert W. Crown SMCA,1999-12-12,11.214545130729675,-122.27751475548094,37.76728112752839,-122.25,37.75
Robert W. Crown SMCA,1999-12-13,11.164006479084492,-122.27751475548094,37.76728112752839,-122.25,37.75
Robert W. Crown SMCA,1999-12-14,10.966246537864208,-122.27751475548094,37.76728112752839,-122.25,37.75
Robert W. Crown SMCA,1999-12-15,10.894467003643513,-122.27751475548094,37.76728112752839,-122.25,37.75
Robert W. Crown SMCA,1999-12-16,10.845393240451813,-122.27751475548094,37.76728112752839,-122.25,37.75
Robert W. Crown SMCA,1999-12-17,10.817560359835625,-122.27751475548094,37.76728112752839,-122.25,37.75
Robert W. Crown SMCA,1999-12-18,10.833674132823944,-122.27751475548094,37.76728112752839,-122.25,37.75
Robert W. Crown SMCA,1999-12-19,10.731864385306835,-122.27751475548094,37.76728112752839,-122.25,37.75
Robert W. Crown SMCA,1999-12-20,10.66447951644659,-122.27751475548094,37.76728112752839,-122.25,37.75
Robert W. Crown SMCA,1999-12-21,10.799981698393822,-122.27751475548094,37.76728112752839,-122.25,37.75
Robert W. Crown SMCA,1999-12-22,11.012390524148941,-122.27751475548094,37.76728112752839,-122.25,37.75
Robert W. Crown SMCA,1999-12-23,11.16327403485775,-122.27751475548094,37.76728112752839,-122.25,37.75
Robert W. Crown SMCA,1999-12-24,11.246040232479572,-122.27751475548094,37.76728112752839,-122.25,37.75
Robert W. Crown SMCA,1999-12-25,11.237983345985413,-122.27751475548094,37.76728112752839,-122.25,37.75
Robert W. Crown SMCA,1999-12-26,11.356639310717583,-122.27751475548094,37.76728112752839,-122.25,37.75
Robert W. Crown SMCA,1999-12-27,11.440870396792889,-122.27751475548094,37.76728112752839,-122.25,37.75
Robert W. Crown SMCA,1999-12-28,11.453321948647499,-122.27751475548094,37.76728112752839,-122.25,37.75
Robert W. Crown SMCA,1999-12-29,11.504593044519424,-122.27751475548094,37.76728112752839,-122.25,37.75
Robert W. Crown SMCA,1999-12-30,11.438673064112663,-122.27751475548094,37.76728112752839,-122.25,37.75
Robert W. Crown SMCA,1999-12-31,11.363963752985,-122.27751475548094,37.76728112752839,-122.25,37.75
Robert W. Crown SMCA,2000-01-01,10.887142561376095,-122.27751475548094,37.76728112752839,-122.25,37.75
Robert W. Crown SMCA,2000-01-02,10.449873358011246,-122.27751475548094,37.76728112752839,-122.25,37.75
Robert W. Crown SMCA,2000-01-03,10.193517878651619,-122.27751475548094,37.76728112752839,-122.25,37.75
Robert W. Crown SMCA,2000-01-04,10.208166763186455,-122.27751475548094,37.76728112752839,-122.25,37.75
Robert W. Crown SMCA,2000-01-05,10.073397025465965,-122.27751475548094,37.76728112752839,-122.25,37.75
Robert W. Crown SMCA,2000-01-06,9.972319722175598,-122.27751475548094,37.76728112752839,-122.25,37.75
Robert W. Crown SMCA,2000-01-07,10.076326802372932,-122.27751475548094,37.76728112752839,-122.25,37.75
Robert W. Crown SMCA,2000-01-08,10.142979227006435,-122.27751475548094,37.76728112752839,-122.25,37.75
Robert W. Crown SMCA,2000-01-09,10.119541011750698,-122.27751475548094,37.76728112752839,-122.25,37.75
Robert W. Crown SMCA,2000-01-10,10.190588101744652,-122.27751475548094,37.76728112752839,-122.25,37.75
Robert W. Crown SMCA,2000-01-11,10.319498285651207,-122.27751475548094,37.76728112752839,-122.25,37.75
Robert W. Crown SMCA,2000-01-12,10.432294696569443,-122.27751475548094,37.76728112752839,-122.25,37.75
Robert W. Crown SMCA,2000-01-13,10.542893774807453,-122.27751475548094,37.76728112752839,-122.25,37.75
Robert W. Crown SMCA,2000-01-14,10.605883978307247,-122.27751475548094,37.76728112752839,-122.25,37.75
Robert W. Crown SMCA,2000-01-15,10.732596829533577,-122.27751475548094,37.76728112752839,-122.25,37.75
Robert W. Crown SMCA,2000-01-16,10.717215500772,-122.27751475548094,37.76728112752839,-122.25,37.75
Robert W. Crown SMCA,2000-01-17,10.860042124986649,-122.27751475548094,37.76728112752839,-122.25,37.75
Robert W. Crown SMCA,2000-01-18,10.986754976212978,-122.27751475548094,37.76728112752839,-122.25,37.75
Robert W. Crown SMCA,2000-01-19,11.107608273625374,-122.27751475548094,37.76728112752839,-122.25,37.75
Robert W. Crown SMCA,2000-01-20,11.227729126811028,-122.27751475548094,37.76728112752839,-122.25,37.75
Robert W. Crown SMCA,2000-01-21,11.448194839060307,-122.27751475548094,37.76728112752839,-122.25,37.75
Robert W. Crown SMCA,2000-01-22,11.602008126676083,-122.27751475548094,37.76728112752839,-122.25,37.75
Robert W. Crown SMCA,2000-01-23,11.634235672652721,-122.27751475548094,37.76728112752839,-122.25,37.75
Robert W. Crown SMCA,2000-01-24,11.59248635172844,-122.27751475548094,37.76728112752839,-122.25,37.75
Robert W. Crown SMCA,2000-01-25,11.697958320379257,-122.27751475548094,37.76728112752839,-122.25,37.75
Robert W. Crown SMCA,2000-01-26,11.842982277274132,-122.27751475548094,37.76728112752839,-122.25,37.75
Robert W. Crown SMCA,2000-01-27,11.66646321862936,-122.27751475548094,37.76728112752839,-122.25,37.75
Robert W. Crown SMCA,2000-01-28,11.769005410373211,-122.27751475548094,37.76728112752839,-122.25,37.75
Robert W. Crown SMCA,2000-01-29,12.026825778186321,-122.27751475548094,37.76728112752839,-122.25,37.75
Robert W. Crown SMCA,2000-01-30,11.817346729338169,-122.27751475548094,37.76728112752839,-122.25,37.75
Robert W. Crown SMCA,2000-01-31,11.661336109042168,-122.27751475548094,37.76728112752839,-122.25,37.75
Robert W. Crown SMCA,2000-02-01,11.69063387811184,-122.27751475548094,37.76728112752839,-122.25,37.75
Robert W. Crown SMCA,2000-02-02,11.901577815413475,-122.27751475548094,37.76728112752839,-122.25,37.75
Robert W. Crown SMCA,2000-02-03,11.933072917163372,-122.27751475548094,37.76728112752839,-122.25,37.75
Robert W. Crown SMCA,2000-02-04,11.814416952431202,-122.27751475548094,37.76728112752839,-122.25,37.75
Robert W. Crown SMCA,2000-02-05,11.67452010512352,-122.27751475548094,37.76728112752839,-122.25,37.75
Robert W. Crown SMCA,2000-02-06,11.74849697202444,-122.27751475548094,37.76728112752839,-122.25,37.75
Robert W. Crown SMCA,2000-02-07,11.807824954390526,-122.27751475548094,37.76728112752839,-122.25,37.75
Robert W. Crown SMCA,2000-02-08,11.872280046343803,-122.27751475548094,37.76728112752839,-122.25,37.75
Robert W. Crown SMCA,2000-02-09,11.991668455302715,-122.27751475548094,37.76728112752839,-122.25,37.75
Robert W. Crown SMCA,2000-02-10,12.040009774267673,-122.27751475548094,37.76728112752839,-122.25,37.75
Robert W. Crown SMCA,2000-02-11,12.093478202819824,-122.27751475548094,37.76728112752839,-122.25,37.75
Robert W. Crown SMCA,2000-02-12,11.903042703866959,-122.27751475548094,37.76728112752839,-122.25,37.75
Robert W. Crown SMCA,2000-02-13,11.950651578605175,-122.27751475548094,37.76728112752839,-122.25,37.75
Robert W. Crown SMCA,2000-02-14,12.061250656843185,-122.27751475548094,37.76728112752839,-122.25,37.75
Robert W. Crown SMCA,2000-02-15,12.327860355377197,-122.27751475548094,37.76728112752839,-122.25,37.75
Robert W. Crown SMCA,2000-02-16,12.513901188969612,-122.27751475548094,37.76728112752839,-122.25,37.75
Robert W. Crown SMCA,2000-02-17,12.519760742783546,-122.27751475548094,37.76728112752839,-122.25,37.75
Robert W. Crown SMCA,2000-02-18,12.722647793591022,-122.27751475548094,37.76728112752839,-122.25,37.75
Robert W. Crown SMCA,2000-02-19,13.147465445101261,-122.27751475548094,37.76728112752839,-122.25,37.75
Robert W. Crown SMCA,2000-02-20,13.239020973443985,-122.27751475548094,37.76728112752839,-122.25,37.75
Robert W. Crown SMCA,2000-02-21,13.13867611438036,-122.27751475548094,37.76728112752839,-122.25,37.75
Robert W. Crown SMCA,2000-02-22,13.196539208292961,-122.27751475548094,37.76728112752839,-122.25,37.75
Robert W. Crown SMCA,2000-02-23,12.937253952026367,-122.27751475548094,37.76728112752839,-122.25,37.75
Robert W. Crown SMCA,2000-02-24,12.71752068400383,-122.27751475548094,37.76728112752839,-122.25,37.75
Robert W. Crown SMCA,2000-02-25,12.612048715353012,-122.27751475548094,37.76728112752839,-122.25,37.75
Robert W. Crown SMCA,2000-02-26,12.675038918852806,-122.27751475548094,37.76728112752839,-122.25,37.75
Robert W. Crown SMCA,2000-02-27,12.654530480504036,-122.27751475548094,37.76728112752839,-122.25,37.75
Robert W. Crown SMCA,2000-02-28,12.638416707515717,-122.27751475548094,37.76728112752839,-122.25,37.75
Robert W. Crown SMCA,2000-02-29,12.64427626132965,-122.27751475548094,37.76728112752839,-122.25,37.75
Robert W. Crown SMCA,2000-03-01,12.522690519690514,-122.27751475548094,37.76728112752839,-122.25,37.75
Robert W. Crown SMCA,2000-03-02,12.649403370916843,-122.27751475548094,37.76728112752839,-122.25,37.75
Robert W. Crown SMCA,2000-03-03,12.556382954120636,-122.27751475548094,37.76728112752839,-122.25,37.75
Robert W. Crown SMCA,2000-03-04,12.576158948242664,-122.27751475548094,37.76728112752839,-122.25,37.75
Robert W. Crown SMCA,2000-03-05,12.507309190928936,-122.27751475548094,37.76728112752839,-122.25,37.75
Robert W. Crown SMCA,2000-03-06,12.097872868180275,-122.27751475548094,37.76728112752839,-122.25,37.75
Robert W. Crown SMCA,2000-03-07,12.0019226744771,-122.27751475548094,37.76728112752839,-122.25,37.75
Robert W. Crown SMCA,2000-03-08,11.900845371186733,-122.27751475548094,37.76728112752839,-122.25,37.75
Robert W. Crown SMCA,2000-03-09,11.98507645726204,-122.27751475548094,37.76728112752839,-122.25,37.75
Robert W. Crown SMCA,2000-03-10,12.321268357336521,-122.27751475548094,37.76728112752839,-122.25,37.75
Robert W. Crown SMCA,2000-03-11,12.760734893381596,-122.27751475548094,37.76728112752839,-122.25,37.75
Robert W. Crown SMCA,2000-03-12,12.985595270991325,-122.27751475548094,37.76728112752839,-122.25,37.75
Robert W. Crown SMCA,2000-03-13,12.937986396253109,-122.27751475548094,37.76728112752839,-122.25,37.75
Robert W. Crown SMCA,2000-03-14,13.189947210252285,-122.27751475548094,37.76728112752839,-122.25,37.75
Robert W. Crown SMCA,2000-03-15,13.389904484152794,-122.27751475548094,37.76728112752839,-122.25,37.75
Robert W. Crown SMCA,2000-03-16,13.4250618070364,-122.27751475548094,37.76728112752839,-122.25,37.75
Robert W. Crown SMCA,2000-03-17,13.214850313961506,-122.27751475548094,37.76728112752839,-122.25,37.75
Robert W. Crown SMCA,2000-03-18,13.050782807171345,-122.27751475548094,37.76728112752839,-122.25,37.75
Robert W. Crown SMCA,2000-03-19,13.023682370781898,-122.27751475548094,37.76728112752839,-122.25,37.75
Robert W. Crown SMCA,2000-03-20,12.61131627112627,-122.27751475548094,37.76728112752839,-122.25,37.75
Robert W. Crown SMCA,2000-03-21,12.22678305208683,-122.27751475548094,37.76728112752839,-122.25,37.75
Robert W. Crown SMCA,2000-03-22,12.40696433186531,-122.27751475548094,37.76728112752839,-122.25,37.75
Robert W. Crown SMCA,2000-03-23,12.649403370916843,-122.27751475548094,37.76728112752839,-122.25,37.75
Robert W. Crown SMCA,2000-03-24,12.685293138027191,-122.27751475548094,37.76728112752839,-122.25,37.75
Robert W. Crown SMCA,2000-03-25,12.834711760282516,-122.27751475548094,37.76728112752839,-122.25,37.75
Robert W. Crown SMCA,2000-03-26,13.077883243560791,-122.27751475548094,37.76728112752839,-122.25,37.75
Robert W. Crown SMCA,2000-03-27,13.247077859938145,-122.27751475548094,37.76728112752839,-122.25,37.75
Robert W. Crown SMCA,2000-03-28,12.663319811224937,-122.27751475548094,37.76728112752839,-122.25,37.75
Robert W. Crown SMCA,2000-03-29,12.339579463005066,-122.27751475548094,37.76728112752839,-122.25,37.75
Robert W. Crown SMCA,2000-03-30,12.235572382807732,-122.27751475548094,37.76728112752839,-122.25,37.75
Robert W. Crown SMCA,2000-03-31,12.270729705691338,-122.27751475548094,37.76728112752839,-122.25,37.75
Robert W. Crown SMCA,2000-04-01,12.442121654748917,-122.27751475548094,37.76728112752839,-122.25,37.75
Robert W. Crown SMCA,2000-04-02,12.845698423683643,-122.27751475548094,37.76728112752839,-122.25,37.75
Robert W. Crown SMCA,2000-04-03,13.35181738436222,-122.27751475548094,37.76728112752839,-122.25,37.75
Robert W. Crown SMCA,2000-04-04,13.742942601442337,-122.27751475548094,37.76728112752839,-122.25,37.75
Robert W. Crown SMCA,2000-04-05,13.853541679680347,-122.27751475548094,37.76728112752839,-122.25,37.75
Robert W. Crown SMCA,2000-04-06,13.880642116069794,-122.27751475548094,37.76728112752839,-122.25,37.75
Robert W. Crown SMCA,2000-04-07,13.67848750948906,-122.27751475548094,37.76728112752839,-122.25,37.75
Robert W. Crown SMCA,2000-04-08,13.784691922366619,-122.27751475548094,37.76728112752839,-122.25,37.75
Robert W. Crown SMCA,2000-04-09,14.024933628737926,-122.27751475548094,37.76728112752839,-122.25,37.75
Robert W. Crown SMCA,2000-04-10,14.122348710894585,-122.27751475548094,37.76728112752839,-122.25,37.75
Robert W. Crown SMCA,2000-04-11,14.003692746162415,-122.27751475548094,37.76728112752839,-122.25,37.75
Robert W. Crown SMCA,2000-04-12,14.321573540568352,-122.27751475548094,37.76728112752839,-122.25,37.75
Robert W. Crown SMCA,2000-04-13,14.479781493544579,-122.27751475548094,37.76728112752839,-122.25,37.75
Robert W. Crown SMCA,2000-04-14,14.6519058868289,-122.27751475548094,37.76728112752839,-122.25,37.75
Robert W. Crown SMCA,2000-04-15,14.790337845683098,-122.27751475548094,37.76728112752839,-122.25,37.75
Robert W. Crown SMCA,2000-04-16,14.695120096206665,-122.27751475548094,37.76728112752839,-122.25,37.75
Robert W. Crown SMCA,2000-04-17,14.50102237612009,-122.27751475548094,37.76728112752839,-122.25,37.75
Robert W. Crown SMCA,2000-04-18,14.702444538474083,-122.27751475548094,37.76728112752839,-122.25,37.75
Robert W. Crown SMCA,2000-04-19,14.991027563810349,-122.27751475548094,37.76728112752839,-122.25,37.75
Robert W. Crown SMCA,2000-04-20,15.193182170391083,-122.27751475548094,37.76728112752839,-122.25,37.75
Robert W. Crown SMCA,2000-04-21,15.26129948347807,-122.27751475548094,37.76728112752839,-122.25,37.75
Robert W. Crown SMCA,2000-04-22,14.781548514962196,-122.27751475548094,37.76728112752839,-122.25,37.75
Robert W. Crown SMCA,2000-04-23,14.625537894666195,-122.27751475548094,37.76728112752839,-122.25,37.75
Robert W. Crown SMCA,2000-04-24,14.426313064992428,-122.27751475548094,37.76728112752839,-122.25,37.75
Robert W. Crown SMCA,2000-04-25,14.416791290044785,-122.27751475548094,37.76728112752839,-122.25,37.75
Robert W. Crown SMCA,2000-04-26,14.516403704881668,-122.27751475548094,37.76728112752839,-122.25,37.75
Robert W. Crown SMCA,2000-04-27,14.739066749811172,-122.27751475548094,37.76728112752839,-122.25,37.75
Robert W. Crown SMCA,2000-04-28,14.629932560026646,-122.27751475548094,37.76728112752839,-122.25,37.75
Robert W. Crown SMCA,2000-04-29,14.384563744068146,-122.27751475548094,37.76728112752839,-122.25,37.75
Robert W. Crown SMCA,2000-04-30,14.291543327271938,-122.27751475548094,37.76728112752839,-122.25,37.75
Robert W. Crown SMCA,2000-05-01,14.404339738190174,-122.27751475548094,37.76728112752839,-122.25,37.75
Robert W. Crown SMCA,2000-05-02,14.68926054239273,-122.27751475548094,37.76728112752839,-122.25,37.75
Robert W. Crown SMCA,2000-05-03,14.984435565769672,-122.27751475548094,37.76728112752839,-122.25,37.75
Robert W. Crown SMCA,2000-05-04,15.065736874938011,-122.27751475548094,37.76728112752839,-122.25,37.75
Robert W. Crown SMCA,2000-05-05,15.067934207618237,-122.27751475548094,37.76728112752839,-122.25,37.75
Robert W. Crown SMCA,2000-05-06,15.082583092153072,-122.27751475548094,37.76728112752839,-122.25,37.75
Robert W. Crown SMCA,2000-05-07,15.247383043169975,-122.27751475548094,37.76728112752839,-122.25,37.75
Robert W. Crown SMCA,2000-05-08,15.456862092018127,-122.27751475548094,37.76728112752839,-122.25,37.75
Robert W. Crown SMCA,2000-05-09,15.616534933447838,-122.27751475548094,37.76728112752839,-122.25,37.75
Robert W. Crown SMCA,2000-05-10,15.405590996146202,-122.27751475548094,37.76728112752839,-122.25,37.75
Robert W. Crown SMCA,2000-05-11,14.933896914124489,-122.27751475548094,37.76728112752839,-122.25,37.75
Robert W. Crown SMCA,2000-05-12,14.576464131474495,-122.27751475548094,37.76728112752839,-122.25,37.75
Robert W. Crown SMCA,2000-05-13,14.609424121677876,-122.27751475548094,37.76728112752839,-122.25,37.75
Robert W. Crown SMCA,2000-05-14,14.752983190119267,-122.27751475548094,37.76728112752839,-122.25,37.75
Robert W. Crown SMCA,2000-05-15,14.699514761567116,-122.27751475548094,37.76728112752839,-122.25,37.75
Robert W. Crown SMCA,2000-05-16,14.808648951351643,-122.27751475548094,37.76728112752839,-122.25,37.75
Robert W. Crown SMCA,2000-05-17,14.38602863252163,-122.27751475548094,37.76728112752839,-122.25,37.75
Robert W. Crown SMCA,2000-05-18,14.331827759742737,-122.27751475548094,37.76728112752839,-122.25,37.75
Robert W. Crown SMCA,2000-05-19,14.462935276329517,-122.27751475548094,37.76728112752839,-122.25,37.75
Robert W. Crown SMCA,2000-05-20,14.66435743868351,-122.27751475548094,37.76728112752839,-122.25,37.75
Robert W. Crown SMCA,2000-05-21,14.925107583403587,-122.27751475548094,37.76728112752839,-122.25,37.75
Robert W. Crown SMCA,2000-05-22,15.201239056885242,-122.27751475548094,37.76728112752839,-122.25,37.75
Robert W. Crown SMCA,2000-05-23,15.450270093977451,-122.27751475548094,37.76728112752839,-122.25,37.75
Robert W. Crown SMCA,2000-05-24,15.730063788592815,-122.27751475548094,37.76728112752839,-122.25,37.75
Robert W. Crown SMCA,2000-05-25,15.749107338488102,-122.27751475548094,37.76728112752839,-122.25,37.75
Robert W. Crown SMCA,2000-05-26,15.718344680964947,-122.27751475548094,37.76728112752839,-122.25,37.75
Robert W. Crown SMCA,2000-05-27,15.871425524353981,-122.27751475548094,37.76728112752839,-122.25,37.75
Robert W. Crown SMCA,2000-05-28,15.9856868237257,-122.27751475548094,37.76728112752839,-122.25,37.75
Robert W. Crown SMCA,2000-05-29,15.873622857034206,-122.27751475548094,37.76728112752839,-122.25,37.75
Robert W. Crown SMCA,2000-05-30,15.52351451665163,-122.27751475548094,37.76728112752839,-122.25,37.75
Robert W. Crown SMCA,2000-05-31,15.103823974728584,-122.27751475548094,37.76728112752839,-122.25,37.75
Robert W. Crown SMCA,2000-06-01,15.02032533288002,-122.27751475548094,37.76728112752839,-122.25,37.75
Robert W. Crown SMCA,2000-06-02,15.334543906152248,-122.27751475548094,37.76728112752839,-122.25,37.75
Robert W. Crown SMCA,2000-06-03,15.717612236738205,-122.27751475548094,37.76728112752839,-122.25,37.75
Robert W. Crown SMCA,2000-06-04,16.012787260115147,-122.27751475548094,37.76728112752839,-122.25,37.75
Robert W. Crown SMCA,2000-06-05,16.253761410713196,-122.27751475548094,37.76728112752839,-122.25,37.75
Robert W. Crown SMCA,2000-06-06,16.490340895950794,-122.27751475548094,37.76728112752839,-122.25,37.75
Robert W. Crown SMCA,2000-06-07,16.671254619956017,-122.27751475548094,37.76728112752839,-122.25,37.75
Robert W. Crown SMCA,2000-06-08,16.715933717787266,-122.27751475548094,37.76728112752839,-122.25,37.75
Robert W. Crown SMCA,2000-06-09,16.277199625968933,-122.27751475548094,37.76728112752839,-122.25,37.75
Robert W. Crown SMCA,2000-06-10,16.20688498020172,-122.27751475548094,37.76728112752839,-122.25,37.75
Robert W. Crown SMCA,2000-06-11,16.0347605869174,-122.27751475548094,37.76728112752839,-122.25,37.75
Robert W. Crown SMCA,2000-06-12,16.039887696504593,-122.27751475548094,37.76728112752839,-122.25,37.75
Robert W. Crown SMCA,2000-06-13,16.098483234643936,-122.27751475548094,37.76728112752839,-122.25,37.75
Robert W. Crown SMCA,2000-06-14,16.179052099585533,-122.27751475548094,37.76728112752839,-122.25,37.75
Robert W. Crown SMCA,2000-06-15,16.371684931218624,-122.27751475548094,37.76728112752839,-122.25,37.75
Robert W. Crown SMCA,2000-06-16,16.5342875495553,-122.27751475548094,37.76728112752839,-122.25,37.75
Robert W. Crown SMCA,2000-06-17,16.892452776432037,-122.27751475548094,37.76728112752839,-122.25,37.75
Robert W. Crown SMCA,2000-06-18,17.201544240117073,-122.27751475548094,37.76728112752839,-122.25,37.75
Robert W. Crown SMCA,2000-06-19,17.215460680425167,-122.27751475548094,37.76728112752839,-122.25,37.75
Robert W. Crown SMCA,2000-06-20,17.313608206808567,-122.27751475548094,37.76728112752839,-122.25,37.75
Robert W. Crown SMCA,2000-06-21,17.465224161744118,-122.27751475548094,37.76728112752839,-122.25,37.75
Robert W. Crown SMCA,2000-06-22,17.48719748854637,-122.27751475548094,37.76728112752839,-122.25,37.75
Robert W. Crown SMCA,2000-06-23,16.99572741240263,-122.27751475548094,37.76728112752839,-122.25,37.75
Robert W. Crown SMCA,2000-06-24,17.05359050631523,-122.27751475548094,37.76728112752839,-122.25,37.75
Robert W. Crown SMCA,2000-06-25,17.39271218329668,-122.27751475548094,37.76728112752839,-122.25,37.75
Robert W. Crown SMCA,2000-06-26,17.660054326057434,-122.27751475548094,37.76728112752839,-122.25,37.75
Robert W. Crown SMCA,2000-06-27,17.847560048103333,-122.27751475548094,37.76728112752839,-122.25,37.75
Robert W. Crown SMCA,2000-06-28,17.91201514005661,-122.27751475548094,37.76728112752839,-122.25,37.75
Robert W. Crown SMCA,2000-06-29,17.85854671150446,-122.27751475548094,37.76728112752839,-122.25,37.75
Robert W. Crown SMCA,2000-06-30,17.582415238022804,-122.27751475548094,37.76728112752839,-122.25,37.75
Robert W. Crown SMCA,2000-07-01,17.41248817741871,-122.27751475548094,37.76728112752839,-122.25,37.75
Robert W. Crown SMCA,2000-07-02,17.233771786093712,-122.27751475548094,37.76728112752839,-122.25,37.75
Robert W. Crown SMCA,2000-07-03,16.9671620875597,-122.27751475548094,37.76728112752839,-122.25,37.75
Robert W. Crown SMCA,2000-07-04,16.70567949861288,-122.27751475548094,37.76728112752839,-122.25,37.75
Robert W. Crown SMCA,2000-07-05,16.658070623874664,-122.27751475548094,37.76728112752839,-122.25,37.75
Robert W. Crown SMCA,2000-07-06,16.737174600362778,-122.27751475548094,37.76728112752839,-122.25,37.75
Robert W. Crown SMCA,2000-07-07,16.784783475100994,-122.27751475548094,37.76728112752839,-122.25,37.75
Robert W. Crown SMCA,2000-07-08,16.869747005403042,-122.27751475548094,37.76728112752839,-122.25,37.75
Robert W. Crown SMCA,2000-07-09,16.890255443751812,-122.27751475548094,37.76728112752839,-122.25,37.75
Robert W. Crown SMCA,2000-07-10,16.93859676271677,-122.27751475548094,37.76728112752839,-122.25,37.75
Robert W. Crown SMCA,2000-07-11,17.02868740260601,-122.27751475548094,37.76728112752839,-122.25,37.75
Robert W. Crown SMCA,2000-07-12,17.318002872169018,-122.27751475548094,37.76728112752839,-122.25,37.75
Robert W. Crown SMCA,2000-07-13,17.746482744812965,-122.27751475548094,37.76728112752839,-122.25,37.75
Robert W. Crown SMCA,2000-07-14,17.82558672130108,-122.27751475548094,37.76728112752839,-122.25,37.75
Robert W. Crown SMCA,2000-07-15,17.46595660597086,-122.27751475548094,37.76728112752839,-122.25,37.75
Robert W. Crown SMCA,2000-07-16,17.419080175459385,-122.27751475548094,37.76728112752839,-122.25,37.75
Robert W. Crown SMCA,2000-07-17,17.373668633401394,-122.27751475548094,37.76728112752839,-122.25,37.75
Robert W. Crown SMCA,2000-07-18,17.385387741029263,-122.27751475548094,37.76728112752839,-122.25,37.75
Robert W. Crown SMCA,2000-07-19,17.287240214645863,-122.27751475548094,37.76728112752839,-122.25,37.75
Robert W. Crown SMCA,2000-07-20,17.145878478884697,-122.27751475548094,37.76728112752839,-122.25,37.75
Robert W. Crown SMCA,2000-07-21,17.01184118539095,-122.27751475548094,37.76728112752839,-122.25,37.75
Robert W. Crown SMCA,2000-07-22,16.94225898385048,-122.27751475548094,37.76728112752839,-122.25,37.75
Robert W. Crown SMCA,2000-07-23,16.88879055529833,-122.27751475548094,37.76728112752839,-122.25,37.75
Robert W. Crown SMCA,2000-07-24,16.904904328286648,-122.27751475548094,37.76728112752839,-122.25,37.75
Robert W. Crown SMCA,2000-07-25,16.904904328286648,-122.27751475548094,37.76728112752839,-122.25,37.75
Robert W. Crown SMCA,2000-07-26,16.88146611303091,-122.27751475548094,37.76728112752839,-122.25,37.75
Robert W. Crown SMCA,2000-07-27,16.945188760757446,-122.27751475548094,37.76728112752839,-122.25,37.75
Robert W. Crown SMCA,2000-07-28,17.079958498477936,-122.27751475548094,37.76728112752839,-122.25,37.75
Robert W. Crown SMCA,2000-07-29,17.181035801768303,-122.27751475548094,37.76728112752839,-122.25,37.75
Robert W. Crown SMCA,2000-07-30,17.246223337948322,-122.27751475548094,37.76728112752839,-122.25,37.75
Robert W. Crown SMCA,2000-07-31,17.291634880006313,-122.27751475548094,37.76728112752839,-122.25,37.75
Robert W. Crown SMCA,2000-08-01,17.35169530659914,-122.27751475548094,37.76728112752839,-122.25,37.75
Robert W. Crown SMCA,2000-08-02,17.4491103887558,-122.27751475548094,37.76728112752839,-122.25,37.75
Robert W. Crown SMCA,2000-08-03,17.67543565481901,-122.27751475548094,37.76728112752839,-122.25,37.75
Robert W. Crown SMCA,2000-08-04,18.03433332592249,-122.27751475548094,37.76728112752839,-122.25,37.75
Robert W. Crown SMCA,2000-08-05,18.24747459590435,-122.27751475548094,37.76728112752839,-122.25,37.75
Robert W. Crown SMCA,2000-08-06,17.880520038306713,-122.27751475548094,37.76728112752839,-122.25,37.75
Robert W. Crown SMCA,2000-08-07,17.639545887708664,-122.27751475548094,37.76728112752839,-122.25,37.75
Robert W. Crown SMCA,2000-08-08,17.59706412255764,-122.27751475548094,37.76728112752839,-122.25,37.75
Robert W. Crown SMCA,2000-08-09,17.852687157690525,-122.27751475548094,37.76728112752839,-122.25,37.75
Robert W. Crown SMCA,2000-08-10,18.250404372811317,-122.27751475548094,37.76728112752839,-122.25,37.75
Robert W. Crown SMCA,2000-08-11,18.15298929065466,-122.27751475548094,37.76728112752839,-122.25,37.75
Robert W. Crown SMCA,2000-08-12,17.863673821091652,-122.27751475548094,37.76728112752839,-122.25,37.75
Robert W. Crown SMCA,2000-08-13,17.75600451976061,-122.27751475548094,37.76728112752839,-122.25,37.75
Robert W. Crown SMCA,2000-08-14,17.60072634369135,-122.27751475548094,37.76728112752839,-122.25,37.75
Robert W. Crown SMCA,2000-08-15,17.481337934732437,-122.27751475548094,37.76728112752839,-122.25,37.75
Robert W. Crown SMCA,2000-08-16,17.378063298761845,-122.27751475548094,37.76728112752839,-122.25,37.75
Robert W. Crown SMCA,2000-08-17,17.263801999390125,-122.27751475548094,37.76728112752839,-122.25,37.75
Robert W. Crown SMCA,2000-08-18,17.211066015064716,-122.27751475548094,37.76728112752839,-122.25,37.75
Robert W. Crown SMCA,2000-08-19,17.276985995471478,-122.27751475548094,37.76728112752839,-122.25,37.75
Robert W. Crown SMCA,2000-08-20,17.283577993512154,-122.27751475548094,37.76728112752839,-122.25,37.75
Robert W. Crown SMCA,2000-08-21,17.21326334774494,-122.27751475548094,37.76728112752839,-122.25,37.75
Robert W. Crown SMCA,2000-08-22,17.213995791971684,-122.27751475548094,37.76728112752839,-122.25,37.75
Robert W. Crown SMCA,2000-08-23,17.361949525773525,-122.27751475548094,37.76728112752839,-122.25,37.75
Robert W. Crown SMCA,2000-08-24,17.512100592255592,-122.27751475548094,37.76728112752839,-122.25,37.75
Robert W. Crown SMCA,2000-08-25,17.430799283087254,-122.27751475548094,37.76728112752839,-122.25,37.75
Robert W. Crown SMCA,2000-08-26,17.23230689764023,-122.27751475548094,37.76728112752839,-122.25,37.75
Robert W. Crown SMCA,2000-08-27,17.10193182528019,-122.27751475548094,37.76728112752839,-122.25,37.75
Robert W. Crown SMCA,2000-08-28,16.976683862507343,-122.27751475548094,37.76728112752839,-122.25,37.75
Robert W. Crown SMCA,2000-08-29,17.127567373216152,-122.27751475548094,37.76728112752839,-122.25,37.75
Robert W. Crown SMCA,2000-08-30,17.419080175459385,-122.27751475548094,37.76728112752839,-122.25,37.75
Robert W. Crown SMCA,2000-08-31,17.66225165873766,-122.27751475548094,37.76728112752839,-122.25,37.75
Robert W. Crown SMCA,2000-09-01,17.795556508004665,-122.27751475548094,37.76728112752839,-122.25,37.75
Robert W. Crown SMCA,2000-09-02,17.917874693870544,-122.27751475548094,37.76728112752839,-122.25,37.75
Robert W. Crown SMCA,2000-09-03,18.111239969730377,-122.27751475548094,37.76728112752839,-122.25,37.75
Robert W. Crown SMCA,2000-09-04,18.26432081311941,-122.27751475548094,37.76728112752839,-122.25,37.75
Robert W. Crown SMCA,2000-09-05,17.734763637185097,-122.27751475548094,37.76728112752839,-122.25,37.75
Robert W. Crown SMCA,2000-09-06,17.485000155866146,-122.27751475548094,37.76728112752839,-122.25,37.75
Robert W. Crown SMCA,2000-09-07,17.47474593669176,-122.27751475548094,37.76728112752839,-122.25,37.75
Robert W. Crown SMCA,2000-09-08,17.55165258049965,-122.27751475548094,37.76728112752839,-122.25,37.75
Robert W. Crown SMCA,2000-09-09,17.524552144110203,-122.27751475548094,37.76728112752839,-122.25,37.75
Robert W. Crown SMCA,2000-09-10,17.50331126153469,-122.27751475548094,37.76728112752839,-122.25,37.75
Robert W. Crown SMCA,2000-09-11,17.628559224307537,-122.27751475548094,37.76728112752839,-122.25,37.75
Robert W. Crown SMCA,2000-09-12,17.92373424768448,-122.27751475548094,37.76728112752839,-122.25,37.75
Robert W. Crown SMCA,2000-09-13,18.195471055805683,-122.27751475548094,37.76728112752839,-122.25,37.75
Robert W. Crown SMCA,2000-09-14,18.28849147260189,-122.27751475548094,37.76728112752839,-122.25,37.75
Robert W. Crown SMCA,2000-09-15,18.48918119072914,-122.27751475548094,37.76728112752839,-122.25,37.75
Robert W. Crown SMCA,2000-09-16,18.421796321868896,-122.27751475548094,37.76728112752839,-122.25,37.75
Robert W. Crown SMCA,2000-09-17,18.062166206538677,-122.27751475548094,37.76728112752839,-122.25,37.75
Robert W. Crown SMCA,2000-09-18,17.999176003038883,-122.27751475548094,37.76728112752839,-122.25,37.75
Robert W. Crown SMCA,2000-09-19,18.089999087154865,-122.27751475548094,37.76728112752839,-122.25,37.75
Robert W. Crown SMCA,2000-09-20,18.070223093032837,-122.27751475548094,37.76728112752839,-122.25,37.75
Robert W. Crown SMCA,2000-09-21,18.249671928584576,-122.27751475548094,37.76728112752839,-122.25,37.75
Robert W. Crown SMCA,2000-09-22,18.499435409903526,-122.27751475548094,37.76728112752839,-122.25,37.75
Robert W. Crown SMCA,2000-09-23,18.617358930408955,-122.27751475548094,37.76728112752839,-122.25,37.75
Robert W. Crown SMCA,2000-09-24,18.777764216065407,-122.27751475548094,37.76728112752839,-122.25,37.75
Robert W. Crown SMCA,2000-09-25,18.858333081007004,-122.27751475548094,37.76728112752839,-122.25,37.75
Robert W. Crown SMCA,2000-09-26,18.89788506925106,-122.27751475548094,37.76728112752839,-122.25,37.75
Robert W. Crown SMCA,2000-09-27,18.880306407809258,-122.27751475548094,37.76728112752839,-122.25,37.75
Robert W. Crown SMCA,2000-09-28,18.530930511653423,-122.27751475548094,37.76728112752839,-122.25,37.75
Robert W. Crown SMCA,2000-09-29,17.840968050062656,-122.27751475548094,37.76728112752839,-122.25,37.75
Robert W. Crown SMCA,2000-09-30,17.697408981621265,-122.27751475548094,37.76728112752839,-122.25,37.75
Robert W. Crown SMCA,2000-10-01,17.6629841029644,-122.27751475548094,37.76728112752839,-122.25,37.75
Robert W. Crown SMCA,2000-10-02,17.61757256090641,-122.27751475548094,37.76728112752839,-122.25,37.75
Robert W. Crown SMCA,2000-10-03,17.377330854535103,-122.27751475548094,37.76728112752839,-122.25,37.75
Robert W. Crown SMCA,2000-10-04,17.12244026362896,-122.27751475548094,37.76728112752839,-122.25,37.75
Robert W. Crown SMCA,2000-10-05,17.013306073844433,-122.27751475548094,37.76728112752839,-122.25,37.75
Robert W. Crown SMCA,2000-10-06,17.184698022902012,-122.27751475548094,37.76728112752839,-122.25,37.75
Robert W. Crown SMCA,2000-10-07,17.33924375474453,-122.27751475548094,37.76728112752839,-122.25,37.75
Robert W. Crown SMCA,2000-10-08,17.206671349704266,-122.27751475548094,37.76728112752839,-122.25,37.75
Robert W. Crown SMCA,2000-10-09,16.90636921674013,-122.27751475548094,37.76728112752839,-122.25,37.75
Robert W. Crown SMCA,2000-10-10,16.589953310787678,-122.27751475548094,37.76728112752839,-122.25,37.75
Robert W. Crown SMCA,2000-10-11,16.122653894126415,-122.27751475548094,37.76728112752839,-122.25,37.75
Robert W. Crown SMCA,2000-10-12,15.902920626103878,-122.27751475548094,37.76728112752839,-122.25,37.75
Robert W. Crown SMCA,2000-10-13,16.0259712561965,-122.27751475548094,37.76728112752839,-122.25,37.75
Robert W. Crown SMCA,2000-10-14,15.941740170121193,-122.27751475548094,37.76728112752839,-122.25,37.75
Robert W. Crown SMCA,2000-10-15,15.747642450034618,-122.27751475548094,37.76728112752839,-122.25,37.75
Robert W. Crown SMCA,2000-10-16,15.689046911895275,-122.27751475548094,37.76728112752839,-122.25,37.75
Robert W. Crown SMCA,2000-10-17,15.876552633941174,-122.27751475548094,37.76728112752839,-122.25,37.75
Robert W. Crown SMCA,2000-10-18,16.060396134853363,-122.27751475548094,37.76728112752839,-122.25,37.75
Robert W. Crown SMCA,2000-10-19,15.949797056615353,-122.27751475548094,37.76728112752839,-122.25,37.75
Robert W. Crown SMCA,2000-10-20,15.815027318894863,-122.27751475548094,37.76728112752839,-122.25,37.75
Robert W. Crown SMCA,2000-10-21,15.51545763015747,-122.27751475548094,37.76728112752839,-122.25,37.75
Robert W. Crown SMCA,2000-10-22,14.939756467938423,-122.27751475548094,37.76728112752839,-122.25,37.75
Robert W. Crown SMCA,2000-10-23,14.567674800753593,-122.27751475548094,37.76728112752839,-122.25,37.75
Robert W. Crown SMCA,2000-10-24,14.677541434764862,-122.27751475548094,37.76728112752839,-122.25,37.75
Robert W. Crown SMCA,2000-10-25,14.755912967026234,-122.27751475548094,37.76728112752839,-122.25,37.75
Robert W. Crown SMCA,2000-10-26,14.683400988578796,-122.27751475548094,37.76728112752839,-122.25,37.75
Robert W. Crown SMCA,2000-10-27,14.59111301600933,-122.27751475548094,37.76728112752839,-122.25,37.75
Robert W. Crown SMCA,2000-10-28,14.379436634480953,-122.27751475548094,37.76728112752839,-122.25,37.75
Robert W. Crown SMCA,2000-10-29,14.10403760522604,-122.27751475548094,37.76728112752839,-122.25,37.75
Robert W. Crown SMCA,2000-10-30,13.909939885139465,-122.27751475548094,37.76728112752839,-122.25,37.75
Robert W. Crown SMCA,2000-10-31,13.726828828454018,-122.27751475548094,37.76728112752839,-122.25,37.75
Robert W. Crown SMCA,2000-11-01,13.59718620032072,-122.27751475548094,37.76728112752839,-122.25,37.75
Robert W. Crown SMCA,2000-11-02,13.516617335379124,-122.27751475548094,37.76728112752839,-122.25,37.75
Robert W. Crown SMCA,2000-11-03,13.4741355702281,-122.27751475548094,37.76728112752839,-122.25,37.75
Robert W. Crown SMCA,2000-11-04,13.51954711228609,-122.27751475548094,37.76728112752839,-122.25,37.75
Robert W. Crown SMCA,2000-11-05,13.422132030129433,-122.27751475548094,37.76728112752839,-122.25,37.75
Robert W. Crown SMCA,2000-11-06,13.190679654479027,-122.27751475548094,37.76728112752839,-122.25,37.75
Robert W. Crown SMCA,2000-11-07,12.869869083166122,-122.27751475548094,37.76728112752839,-122.25,37.75
Robert W. Crown SMCA,2000-11-08,12.740958899259567,-122.27751475548094,37.76728112752839,-122.25,37.75
Robert W. Crown SMCA,2000-11-09,12.57029939442873,-122.27751475548094,37.76728112752839,-122.25,37.75
Robert W. Crown SMCA,2000-11-10,12.321268357336521,-122.27751475548094,37.76728112752839,-122.25,37.75
Robert W. Crown SMCA,2000-11-11,12.108859531581402,-122.27751475548094,37.76728112752839,-122.25,37.75
Robert W. Crown SMCA,2000-11-12,11.905240036547184,-122.27751475548094,37.76728112752839,-122.25,37.75
Robert W. Crown SMCA,2000-11-13,11.872280046343803,-122.27751475548094,37.76728112752839,-122.25,37.75
Robert W. Crown SMCA,2000-11-14,11.642292559146881,-122.27751475548094,37.76728112752839,-122.25,37.75
Robert W. Crown SMCA,2000-11-15,11.528031259775162,-122.27751475548094,37.76728112752839,-122.25,37.75
Robert W. Crown SMCA,2000-11-16,11.56831569224596,-122.27751475548094,37.76728112752839,-122.25,37.75
Robert W. Crown SMCA,2000-11-17,11.675252549350262,-122.27751475548094,37.76728112752839,-122.25,37.75
Robert W. Crown SMCA,2000-11-18,11.812219619750977,-122.27751475548094,37.76728112752839,-122.25,37.75
Robert W. Crown SMCA,2000-11-19,11.983611568808556,-122.27751475548094,37.76728112752839,-122.25,37.75
Robert W. Crown SMCA,2000-11-20,12.048799104988575,-122.27751475548094,37.76728112752839,-122.25,37.75
Robert W. Crown SMCA,2000-11-21,11.993133343756199,-122.27751475548094,37.76728112752839,-122.25,37.75
Robert W. Crown SMCA,2000-11-22,11.871547602117062,-122.27751475548094,37.76728112752839,-122.25,37.75
Robert W. Crown SMCA,2000-11-23,11.840784944593906,-122.27751475548094,37.76728112752839,-122.25,37.75
Robert W. Crown SMCA,2000-11-24,11.860560938715935,-122.27751475548094,37.76728112752839,-122.25,37.75
Robert W. Crown SMCA,2000-11-25,11.911099590361118,-122.27751475548094,37.76728112752839,-122.25,37.75
Robert W. Crown SMCA,2000-11-26,11.984344013035297,-122.27751475548094,37.76728112752839,-122.25,37.75
Robert W. Crown SMCA,2000-11-27,12.010712005198002,-122.27751475548094,37.76728112752839,-122.25,37.75
Robert W. Crown SMCA,2000-11-28,12.044404439628124,-122.27751475548094,37.76728112752839,-122.25,37.75
Robert W. Crown SMCA,2000-11-29,12.015839114785194,-122.27751475548094,37.76728112752839,-122.25,37.75
Robert W. Crown SMCA,2000-11-30,12.088351093232632,-122.27751475548094,37.76728112752839,-122.25,37.75
Robert W. Crown SMCA,2000-12-01,12.286111034452915,-122.27751475548094,37.76728112752839,-122.25,37.75
Robert W. Crown SMCA,2000-12-02,12.375469230115414,-122.27751475548094,37.76728112752839,-122.25,37.75
Robert W. Crown SMCA,2000-12-03,12.475081644952297,-122.27751475548094,37.76728112752839,-122.25,37.75
Robert W. Crown SMCA,2000-12-04,12.490462973713875,-122.27751475548094,37.76728112752839,-122.25,37.75
Robert W. Crown SMCA,2000-12-05,12.493392750620842,-122.27751475548094,37.76728112752839,-122.25,37.75
Robert W. Crown SMCA,2000-12-06,12.527817629277706,-122.27751475548094,37.76728112752839,-122.25,37.75
Robert W. Crown SMCA,2000-12-07,12.448713652789593,-122.27751475548094,37.76728112752839,-122.25,37.75
Robert W. Crown SMCA,2000-12-08,12.455305650830269,-122.27751475548094,37.76728112752839,-122.25,37.75
Robert W. Crown SMCA,2000-12-09,12.411358997225761,-122.27751475548094,37.76728112752839,-122.25,37.75
Robert W. Crown SMCA,2000-12-10,12.383526116609573,-122.27751475548094,37.76728112752839,-122.25,37.75
Robert W. Crown SMCA,2000-12-11,12.393780335783958,-122.27751475548094,37.76728112752839,-122.25,37.75
Robert W. Crown SMCA,2000-12-12,12.193090617656708,-122.27751475548094,37.76728112752839,-122.25,37.75
Robert W. Crown SMCA,2000-12-13,11.823938727378845,-122.27751475548094,37.76728112752839,-122.25,37.75
Robert W. Crown SMCA,2000-12-14,11.639362782239914,-122.27751475548094,37.76728112752839,-122.25,37.75
Robert W. Crown SMCA,2000-12-15,11.65401166677475,-122.27751475548094,37.76728112752839,-122.25,37.75
Robert W. Crown SMCA,2000-12-16,11.651814334094524,-122.27751475548094,37.76728112752839,-122.25,37.75
Robert W. Crown SMCA,2000-12-17,11.593951240181923,-122.27751475548094,37.76728112752839,-122.25,37.75
Robert W. Crown SMCA,2000-12-18,11.443067729473114,-122.27751475548094,37.76728112752839,-122.25,37.75
Robert W. Crown SMCA,2000-12-19,11.53535570204258,-122.27751475548094,37.76728112752839,-122.25,37.75
Robert W. Crown SMCA,2000-12-20,11.795373402535915,-122.27751475548094,37.76728112752839,-122.25,37.75
Robert W. Crown SMCA,2000-12-21,11.845912054181099,-122.27751475548094,37.76728112752839,-122.25,37.75
Robert W. Crown SMCA,2000-12-22,11.66206855326891,-122.27751475548094,37.76728112752839,-122.25,37.75
Robert W. Crown SMCA,2000-12-23,11.710409872233868,-122.27751475548094,37.76728112752839,-122.25,37.75
Robert W. Crown SMCA,2000-12-24,11.76827296614647,-122.27751475548094,37.76728112752839,-122.25,37.75
Robert W. Crown SMCA,2000-12-25,11.669392995536327,-122.27751475548094,37.76728112752839,-122.25,37.75
Robert W. Crown SMCA,2000-12-26,11.663533441722393,-122.27751475548094,37.76728112752839,-122.25,37.75
Robert W. Crown SMCA,2000-12-27,11.87887204438448,-122.27751475548094,37.76728112752839,-122.25,37.75
Robert W. Crown SMCA,2000-12-28,12.074434652924538,-122.27751475548094,37.76728112752839,-122.25,37.75
Robert W. Crown SMCA,2000-12-29,12.188695952296257,-122.27751475548094,37.76728112752839,-122.25,37.75
Robert W. Crown SMCA,2000-12-30,12.204077281057835,-122.27751475548094,37.76728112752839,-122.25,37.75
Robert W. Crown SMCA,2000-12-31,12.166722625494003,-122.27751475548094,37.76728112752839,-122.25,37.75
Robert W. Crown SMCA,2001-01-01,12.179174177348614,-122.27751475548094,37.76728112752839,-122.25,37.75
Robert W. Crown SMCA,2001-01-02,12.328592799603939,-122.27751475548094,37.76728112752839,-122.25,37.75
Robert W. Crown SMCA,2001-01-03,12.442854098975658,-122.27751475548094,37.76728112752839,-122.25,37.75
Robert W. Crown SMCA,2001-01-04,12.555650509893894,-122.27751475548094,37.76728112752839,-122.25,37.75
Robert W. Crown SMCA,2001-01-05,12.543198958039284,-122.27751475548094,37.76728112752839,-122.25,37.75
Robert W. Crown SMCA,2001-01-06,12.507309190928936,-122.27751475548094,37.76728112752839,-122.25,37.75
Robert W. Crown SMCA,2001-01-07,12.420148327946663,-122.27751475548094,37.76728112752839,-122.25,37.75
Robert W. Crown SMCA,2001-01-08,11.841517388820648,-122.27751475548094,37.76728112752839,-122.25,37.75
Robert W. Crown SMCA,2001-01-09,11.681112103164196,-122.27751475548094,37.76728112752839,-122.25,37.75
Robert W. Crown SMCA,2001-01-10,11.577837467193604,-122.27751475548094,37.76728112752839,-122.25,37.75
Robert W. Crown SMCA,2001-01-11,11.390331745147705,-122.27751475548094,37.76728112752839,-122.25,37.75
Robert W. Crown SMCA,2001-01-12,11.274605557322502,-122.27751475548094,37.76728112752839,-122.25,37.75
Robert W. Crown SMCA,2001-01-13,11.173528254032135,-122.27751475548094,37.76728112752839,-122.25,37.75
Robert W. Crown SMCA,2001-01-14,11.1185949370265,-122.27751475548094,37.76728112752839,-122.25,37.75
Robert W. Crown SMCA,2001-01-15,10.901059001684189,-122.27751475548094,37.76728112752839,-122.25,37.75
Robert W. Crown SMCA,2001-01-16,10.604419089853764,-122.27751475548094,37.76728112752839,-122.25,37.75
Robert W. Crown SMCA,2001-01-17,10.383220933377743,-122.27751475548094,37.76728112752839,-122.25,37.75
Robert W. Crown SMCA,2001-01-18,10.473311573266983,-122.27751475548094,37.76728112752839,-122.25,37.75
Robert W. Crown SMCA,2001-01-19,10.679860845208168,-122.27751475548094,37.76728112752839,-122.25,37.75
Robert W. Crown SMCA,2001-01-20,10.869563899934292,-122.27751475548094,37.76728112752839,-122.25,37.75
Robert W. Crown SMCA,2001-01-21,10.792657256126404,-122.27751475548094,37.76728112752839,-122.25,37.75
Robert W. Crown SMCA,2001-01-22,10.84832301735878,-122.27751475548094,37.76728112752839,-122.25,37.75
Robert W. Crown SMCA,2001-01-23,10.93401899188757,-122.27751475548094,37.76728112752839,-122.25,37.75
Robert W. Crown SMCA,2001-01-24,10.947202987968922,-122.27751475548094,37.76728112752839,-122.25,37.75
Robert W. Crown SMCA,2001-01-25,10.991149641573429,-122.27751475548094,37.76728112752839,-122.25,37.75
Robert W. Crown SMCA,2001-01-26,10.835139021277428,-122.27751475548094,37.76728112752839,-122.25,37.75
Robert W. Crown SMCA,2001-01-27,10.939146101474762,-122.27751475548094,37.76728112752839,-122.25,37.75
Robert W. Crown SMCA,2001-01-28,10.929624326527119,-122.27751475548094,37.76728112752839,-122.25,37.75
Robert W. Crown SMCA,2001-01-29,11.016785189509392,-122.27751475548094,37.76728112752839,-122.25,37.75
Robert W. Crown SMCA,2001-01-30,10.955259874463081,-122.27751475548094,37.76728112752839,-122.25,37.75
Robert W. Crown SMCA,2001-01-31,10.95452743023634,-122.27751475548094,37.76728112752839,-122.25,37.75
Robert W. Crown SMCA,2001-02-01,11.225531794130802,-122.27751475548094,37.76728112752839,-122.25,37.75
Robert W. Crown SMCA,2001-02-02,11.6584063321352,-122.27751475548094,37.76728112752839,-122.25,37.75
Robert W. Crown SMCA,2001-02-03,11.882534265518188,-122.27751475548094,37.76728112752839,-122.25,37.75
Robert W. Crown SMCA,2001-02-04,12.127170637249947,-122.27751475548094,37.76728112752839,-122.25,37.75
Robert W. Crown SMCA,2001-02-05,12.223120830953121,-122.27751475548094,37.76728112752839,-122.25,37.75
Robert W. Crown SMCA,2001-02-06,11.946256913244724,-122.27751475548094,37.76728112752839,-122.25,37.75
Robert W. Crown SMCA,2001-02-07,11.492873936891556,-122.27751475548094,37.76728112752839,-122.25,37.75
Robert W. Crown SMCA,2001-02-08,10.973570980131626,-122.27751475548094,37.76728112752839,-122.25,37.75
Robert W. Crown SMCA,2001-02-09,10.898129224777222,-122.27751475548094,37.76728112752839,-122.25,37.75
Robert W. Crown SMCA,2001-02-10,10.79119236767292,-122.27751475548094,37.76728112752839,-122.25,37.75
Robert W. Crown SMCA,2001-02-11,10.587572872638702,-122.27751475548094,37.76728112752839,-122.25,37.75
Robert W. Crown SMCA,2001-02-12,10.599291980266571,-122.27751475548094,37.76728112752839,-122.25,37.75
Robert W. Crown SMCA,2001-02-13,10.646168410778046,-122.27751475548094,37.76728112752839,-122.25,37.75
Robert W. Crown SMCA,2001-02-14,10.540696442127228,-122.27751475548094,37.76728112752839,-122.25,37.75
Robert W. Crown SMCA,2001-02-15,10.931821659207344,-122.27751475548094,37.76728112752839,-122.25,37.75
Robert W. Crown SMCA,2001-02-16,10.936948768794537,-122.27751475548094,37.76728112752839,-122.25,37.75
Robert W. Crown SMCA,2001-02-17,10.783867925405502,-122.27751475548094,37.76728112752839,-122.25,37.75
Robert W. Crown SMCA,2001-02-18,10.769219040870667,-122.27751475548094,37.76728112752839,-122.25,37.75
Robert W. Crown SMCA,2001-02-19,10.90984833240509,-122.27751475548094,37.76728112752839,-122.25,37.75
Robert W. Crown SMCA,2001-02-20,11.025574520230293,-122.27751475548094,37.76728112752839,-122.25,37.75
Robert W. Crown SMCA,2001-02-21,11.184514917433262,-122.27751475548094,37.76728112752839,-122.25,37.75
Robert W. Crown SMCA,2001-02-22,11.360301531851292,-122.27751475548094,37.76728112752839,-122.25,37.75
Robert W. Crown SMCA,2001-02-23,11.325876653194427,-122.27751475548094,37.76728112752839,-122.25,37.75
Robert W. Crown SMCA,2001-02-24,11.440137952566147,-122.27751475548094,37.76728112752839,-122.25,37.75
Robert W. Crown SMCA,2001-02-25,11.49873349070549,-122.27751475548094,37.76728112752839,-122.25,37.75
Robert W. Crown SMCA,2001-02-26,11.786584071815014,-122.27751475548094,37.76728112752839,-122.25,37.75
Robert W. Crown SMCA,2001-02-27,12.164525292813778,-122.27751475548094,37.76728112752839,-122.25,37.75
Robert W. Crown SMCA,2001-02-28,12.4435865432024,-122.27751475548094,37.76728112752839,-122.25,37.75
Robert W. Crown SMCA,2001-03-01,12.638416707515717,-122.27751475548094,37.76728112752839,-122.25,37.75
Robert W. Crown SMCA,2001-03-02,12.759270004928112,-122.27751475548094,37.76728112752839,-122.25,37.75
Robert W. Crown SMCA,2001-03-03,12.61497849225998,-122.27751475548094,37.76728112752839,-122.25,37.75
Robert W. Crown SMCA,2001-03-04,12.396710112690926,-122.27751475548094,37.76728112752839,-122.25,37.75
Robert W. Crown SMCA,2001-03-05,12.28830836713314,-122.27751475548094,37.76728112752839,-122.25,37.75
Robert W. Crown SMCA,2001-03-06,12.543198958039284,-122.27751475548094,37.76728112752839,-122.25,37.75
Robert W. Crown SMCA,2001-03-07,12.905026406049728,-122.27751475548094,37.76728112752839,-122.25,37.75
Robert W. Crown SMCA,2001-03-08,12.962157055735588,-122.27751475548094,37.76728112752839,-122.25,37.75
Robert W. Crown SMCA,2001-03-09,12.712393574416637,-122.27751475548094,37.76728112752839,-122.25,37.75
Robert W. Crown SMCA,2001-03-10,12.448713652789593,-122.27751475548094,37.76728112752839,-122.25,37.75
Robert W. Crown SMCA,2001-03-11,12.40256966650486,-122.27751475548094,37.76728112752839,-122.25,37.75
Robert W. Crown SMCA,2001-03-12,12.539536736905575,-122.27751475548094,37.76728112752839,-122.25,37.75
Robert W. Crown SMCA,2001-03-13,12.91381573677063,-122.27751475548094,37.76728112752839,-122.25,37.75
Robert W. Crown SMCA,2001-03-14,12.957029946148396,-122.27751475548094,37.76728112752839,-122.25,37.75
Robert W. Crown SMCA,2001-03-15,12.912350848317146,-122.27751475548094,37.76728112752839,-122.25,37.75
Robert W. Crown SMCA,2001-03-16,12.795892216265202,-122.27751475548094,37.76728112752839,-122.25,37.75
Robert W. Crown SMCA,2001-03-17,12.749748229980469,-122.27751475548094,37.76728112752839,-122.25,37.75
Robert W. Crown SMCA,2001-03-18,12.902829073369503,-122.27751475548094,37.76728112752839,-122.25,37.75
Robert W. Crown SMCA,2001-03-19,13.162114329636097,-122.27751475548094,37.76728112752839,-122.25,37.75
Robert W. Crown SMCA,2001-03-20,13.472670681774616,-122.27751475548094,37.76728112752839,-122.25,37.75
Robert W. Crown SMCA,2001-03-21,13.865993231534958,-122.27751475548094,37.76728112752839,-122.25,37.75
Robert W. Crown SMCA,2001-03-22,14.219031348824501,-122.27751475548094,37.76728112752839,-122.25,37.75
Robert W. Crown SMCA,2001-03-23,14.429975286126137,-122.27751475548094,37.76728112752839,-122.25,37.75
Robert W. Crown SMCA,2001-03-24,14.403607293963432,-122.27751475548094,37.76728112752839,-122.25,37.75
Robert W. Crown SMCA,2001-03-25,14.272499777376652,-122.27751475548094,37.76728112752839,-122.25,37.75
Robert W. Crown SMCA,2001-03-26,14.145786926150322,-122.27751475548094,37.76728112752839,-122.25,37.75
Robert W. Crown SMCA,2001-03-27,13.614032417535782,-122.27751475548094,37.76728112752839,-122.25,37.75
Robert W. Crown SMCA,2001-03-28,13.504165783524513,-122.27751475548094,37.76728112752839,-122.25,37.75
Robert W. Crown SMCA,2001-03-29,13.457289353013039,-122.27751475548094,37.76728112752839,-122.25,37.75
Robert W. Crown SMCA,2001-03-30,13.311532951891422,-122.27751475548094,37.76728112752839,-122.25,37.75
Robert W. Crown SMCA,2001-03-31,13.266121409833431,-122.27751475548094,37.76728112752839,-122.25,37.75
Robert W. Crown SMCA,2001-04-01,13.19214454293251,-122.27751475548094,37.76728112752839,-122.25,37.75
Robert W. Crown SMCA,2001-04-02,12.839106425642967,-122.27751475548094,37.76728112752839,-122.25,37.75
Robert W. Crown SMCA,2001-04-03,12.381328783929348,-122.27751475548094,37.76728112752839,-122.25,37.75
Robert W. Crown SMCA,2001-04-04,12.05465865880251,-122.27751475548094,37.76728112752839,-122.25,37.75
Robert W. Crown SMCA,2001-04-05,11.979949347674847,-122.27751475548094,37.76728112752839,-122.25,37.75
Robert W. Crown SMCA,2001-04-06,11.929410696029663,-122.27751475548094,37.76728112752839,-122.25,37.75
Robert W. Crown SMCA,2001-04-07,11.790978737175465,-122.27751475548094,37.76728112752839,-122.25,37.75
Robert W. Crown SMCA,2001-04-08,11.52729881554842,-122.27751475548094,37.76728112752839,-122.25,37.75
Robert W. Crown SMCA,2001-04-09,11.404980629682541,-122.27751475548094,37.76728112752839,-122.25,37.75
Robert W. Crown SMCA,2001-04-10,11.206488244235516,-122.27751475548094,37.76728112752839,-122.25,37.75
Robert W. Crown SMCA,2001-04-11,11.116397604346275,-122.27751475548094,37.76728112752839,-122.25,37.75
Robert W. Crown SMCA,2001-04-12,11.09808649867773,-122.27751475548094,37.76728112752839,-122.25,37.75
Robert W. Crown SMCA,2001-04-13,11.084902502596378,-122.27751475548094,37.76728112752839,-122.25,37.75
Robert W. Crown SMCA,2001-04-14,10.981627866625786,-122.27751475548094,37.76728112752839,-122.25,37.75
Robert W. Crown SMCA,2001-04-15,11.209418021142483,-122.27751475548094,37.76728112752839,-122.25,37.75
Robert W. Crown SMCA,2001-04-16,11.476760163903236,-122.27751475548094,37.76728112752839,-122.25,37.75
Robert W. Crown SMCA,2001-04-17,11.66206855326891,-122.27751475548094,37.76728112752839,-122.25,37.75
Robert W. Crown SMCA,2001-04-18,11.98507645726204,-122.27751475548094,37.76728112752839,-122.25,37.75
Robert W. Crown SMCA,2001-04-19,12.204809725284576,-122.27751475548094,37.76728112752839,-122.25,37.75
Robert W. Crown SMCA,2001-04-20,12.466292314231396,-122.27751475548094,37.76728112752839,-122.25,37.75
Robert W. Crown SMCA,2001-04-21,12.245094157755375,-122.27751475548094,37.76728112752839,-122.25,37.75
Robert W. Crown SMCA,2001-04-22,12.217993721365929,-122.27751475548094,37.76728112752839,-122.25,37.75
Robert W. Crown SMCA,2001-04-23,12.384258560836315,-122.27751475548094,37.76728112752839,-122.25,37.75
Robert W. Crown SMCA,2001-04-24,12.675771363079548,-122.27751475548094,37.76728112752839,-122.25,37.75
Robert W. Crown SMCA,2001-04-25,12.998046822845936,-122.27751475548094,37.76728112752839,-122.25,37.75
Robert W. Crown SMCA,2001-04-26,13.206060983240604,-122.27751475548094,37.76728112752839,-122.25,37.75
Robert W. Crown SMCA,2001-04-27,13.332041390240192,-122.27751475548094,37.76728112752839,-122.25,37.75
Robert W. Crown SMCA,2001-04-28,13.495376452803612,-122.27751475548094,37.76728112752839,-122.25,37.75
Robert W. Crown SMCA,2001-04-29,13.504898227751255,-122.27751475548094,37.76728112752839,-122.25,37.75
Robert W. Crown SMCA,2001-04-30,13.542985327541828,-122.27751475548094,37.76728112752839,-122.25,37.75
Robert W. Crown SMCA,2001-05-01,13.573747985064983,-122.27751475548094,37.76728112752839,-122.25,37.75
Robert W. Crown SMCA,2001-05-02,13.258796967566013,-122.27751475548094,37.76728112752839,-122.25,37.75
Robert W. Crown SMCA,2001-05-03,13.091799683868885,-122.27751475548094,37.76728112752839,-122.25,37.75
Robert W. Crown SMCA,2001-05-04,13.31446272879839,-122.27751475548094,37.76728112752839,-122.25,37.75
Robert W. Crown SMCA,2001-05-05,13.58473464846611,-122.27751475548094,37.76728112752839,-122.25,37.75
Robert W. Crown SMCA,2001-05-06,13.685811951756477,-122.27751475548094,37.76728112752839,-122.25,37.75
Robert W. Crown SMCA,2001-05-07,13.88723411411047,-122.27751475548094,37.76728112752839,-122.25,37.75
Robert W. Crown SMCA,2001-05-08,14.166295364499092,-122.27751475548094,37.76728112752839,-122.25,37.75
Robert W. Crown SMCA,2001-05-09,14.355998419225216,-122.27751475548094,37.76728112752839,-122.25,37.75
Robert W. Crown SMCA,2001-05-10,14.465132609009743,-122.27751475548094,37.76728112752839,-122.25,37.75
Robert W. Crown SMCA,2001-05-11,14.824762724339962,-122.27751475548094,37.76728112752839,-122.25,37.75
Robert W. Crown SMCA,2001-05-12,15.3968016654253,-122.27751475548094,37.76728112752839,-122.25,37.75
Robert W. Crown SMCA,2001-05-13,15.766685999929905,-122.27751475548094,37.76728112752839,-122.25,37.75
Robert W. Crown SMCA,2001-05-14,15.993011265993118,-122.27751475548094,37.76728112752839,-122.25,37.75
Robert W. Crown SMCA,2001-05-15,16.131443224847317,-122.27751475548094,37.76728112752839,-122.25,37.75
Robert W. Crown SMCA,2001-05-16,16.150486774742603,-122.27751475548094,37.76728112752839,-122.25,37.75
Robert W. Crown SMCA,2001-05-17,15.771080665290356,-122.27751475548094,37.76728112752839,-122.25,37.75
Robert W. Crown SMCA,2001-05-18,15.589434497058392,-122.27751475548094,37.76728112752839,-122.25,37.75
Robert W. Crown SMCA,2001-05-19,15.504470966756344,-122.27751475548094,37.76728112752839,-122.25,37.75
Robert W. Crown SMCA,2001-05-20,15.639240704476833,-122.27751475548094,37.76728112752839,-122.25,37.75
Robert W. Crown SMCA,2001-05-21,16.04208502918482,-122.27751475548094,37.76728112752839,-122.25,37.75
Robert W. Crown SMCA,2001-05-22,16.651478625833988,-122.27751475548094,37.76728112752839,-122.25,37.75
Robert W. Crown SMCA,2001-05-23,16.990600302815437,-122.27751475548094,37.76728112752839,-122.25,37.75
Robert W. Crown SMCA,2001-05-24,16.997924745082855,-122.27751475548094,37.76728112752839,-122.25,37.75
Robert W. Crown SMCA,2001-05-25,16.657338179647923,-122.27751475548094,37.76728112752839,-122.25,37.75
Robert W. Crown SMCA,2001-05-26,16.424420915544033,-122.27751475548094,37.76728112752839,-122.25,37.75
Robert W. Crown SMCA,2001-05-27,16.368022710084915,-122.27751475548094,37.76728112752839,-122.25,37.75
Robert W. Crown SMCA,2001-05-28,16.176122322678566,-122.27751475548094,37.76728112752839,-122.25,37.75
Robert W. Crown SMCA,2001-05-29,15.829676203429699,-122.27751475548094,37.76728112752839,-122.25,37.75
Robert W. Crown SMCA,2001-05-30,15.53157140314579,-122.27751475548094,37.76728112752839,-122.25,37.75
Robert W. Crown SMCA,2001-05-31,15.752769559621811,-122.27751475548094,37.76728112752839,-122.25,37.75
Robert W. Crown SMCA,2001-06-01,16.166600547730923,-122.27751475548094,37.76728112752839,-122.25,37.75
Robert W. Crown SMCA,2001-06-02,15.884609520435333,-122.27751475548094,37.76728112752839,-122.25,37.75
Robert W. Crown SMCA,2001-06-03,15.396069221198559,-122.27751475548094,37.76728112752839,-122.25,37.75
Robert W. Crown SMCA,2001-06-04,14.95074313133955,-122.27751475548094,37.76728112752839,-122.25,37.75
Robert W. Crown SMCA,2001-06-05,14.785210736095905,-122.27751475548094,37.76728112752839,-122.25,37.75
Robert W. Crown SMCA,2001-06-06,14.812311172485352,-122.27751475548094,37.76728112752839,-122.25,37.75
Robert W. Crown SMCA,2001-06-07,14.894344925880432,-122.27751475548094,37.76728112752839,-122.25,37.75
Robert W. Crown SMCA,2001-06-08,15.010071113705635,-122.27751475548094,37.76728112752839,-122.25,37.75
Robert W. Crown SMCA,2001-06-09,15.130191966891289,-122.27751475548094,37.76728112752839,-122.25,37.75
Robert W. Crown SMCA,2001-06-10,15.067201763391495,-122.27751475548094,37.76728112752839,-122.25,37.75
Robert W. Crown SMCA,2001-06-11,14.98736534267664,-122.27751475548094,37.76728112752839,-122.25,37.75
Robert W. Crown SMCA,2001-06-12,14.951475575566292,-122.27751475548094,37.76728112752839,-122.25,37.75
Robert W. Crown SMCA,2001-06-13,14.789605401456356,-122.27751475548094,37.76728112752839,-122.25,37.75
Robert W. Crown SMCA,2001-06-14,14.73393964022398,-122.27751475548094,37.76728112752839,-122.25,37.75
Robert W. Crown SMCA,2001-06-15,14.87676626443863,-122.27751475548094,37.76728112752839,-122.25,37.75
Robert W. Crown SMCA,2001-06-16,15.056215099990368,-122.27751475548094,37.76728112752839,-122.25,37.75
Robert W. Crown SMCA,2001-06-17,15.248115487396717,-122.27751475548094,37.76728112752839,-122.25,37.75
Robert W. Crown SMCA,2001-06-18,15.348460346460342,-122.27751475548094,37.76728112752839,-122.25,37.75
Robert W. Crown SMCA,2001-06-19,15.44953764975071,-122.27751475548094,37.76728112752839,-122.25,37.75
Robert W. Crown SMCA,2001-06-20,15.615802489221096,-122.27751475548094,37.76728112752839,-122.25,37.75
Robert W. Crown SMCA,2001-06-21,15.87948241084814,-122.27751475548094,37.76728112752839,-122.25,37.75
Robert W. Crown SMCA,2001-06-22,16.17831965535879,-122.27751475548094,37.76728112752839,-122.25,37.75
Robert W. Crown SMCA,2001-06-23,16.412701807916164,-122.27751475548094,37.76728112752839,-122.25,37.75
Robert W. Crown SMCA,2001-06-24,16.548936434090137,-122.27751475548094,37.76728112752839,-122.25,37.75
Robert W. Crown SMCA,2001-06-25,16.671254619956017,-122.27751475548094,37.76728112752839,-122.25,37.75
Robert W. Crown SMCA,2001-06-26,16.93493454158306,-122.27751475548094,37.76728112752839,-122.25,37.75
Robert W. Crown SMCA,2001-06-27,17.113650932908058,-122.27751475548094,37.76728112752839,-122.25,37.75
Robert W. Crown SMCA,2001-06-28,17.320200204849243,-122.27751475548094,37.76728112752839,-122.25,37.75
Robert W. Crown SMCA,2001-06-29,17.279915772378445,-122.27751475548094,37.76728112752839,-122.25,37.75
Robert W. Crown SMCA,2001-06-30,17.059450060129166,-122.27751475548094,37.76728112752839,-122.25,37.75
Robert W. Crown SMCA,2001-07-01,17.010376296937466,-122.27751475548094,37.76728112752839,-122.25,37.75
Robert W. Crown SMCA,2001-07-02,16.997192300856113,-122.27751475548094,37.76728112752839,-122.25,37.75
Robert W. Crown SMCA,2001-07-03,17.088015384972095,-122.27751475548094,37.76728112752839,-122.25,37.75
Robert W. Crown SMCA,2001-07-04,17.247688226401806,-122.27751475548094,37.76728112752839,-122.25,37.75
Robert W. Crown SMCA,2001-07-05,17.378795742988586,-122.27751475548094,37.76728112752839,-122.25,37.75
Robert W. Crown SMCA,2001-07-06,17.4000366255641,-122.27751475548094,37.76728112752839,-122.25,37.75
Robert W. Crown SMCA,2001-07-07,17.53993347287178,-122.27751475548094,37.76728112752839,-122.25,37.75
Robert W. Crown SMCA,2001-07-08,17.959624014794827,-122.27751475548094,37.76728112752839,-122.25,37.75
Robert W. Crown SMCA,2001-07-09,18.40641499310732,-122.27751475548094,37.76728112752839,-122.25,37.75
Robert W. Crown SMCA,2001-07-10,18.571214944124222,-122.27751475548094,37.76728112752839,-122.25,37.75
Robert W. Crown SMCA,2001-07-11,18.601977601647377,-122.27751475548094,37.76728112752839,-122.25,37.75
Robert W. Crown SMCA,2001-07-12,18.56682027876377,-122.27751475548094,37.76728112752839,-122.25,37.75
Robert W. Crown SMCA,2001-07-13,18.17349772900343,-122.27751475548094,37.76728112752839,-122.25,37.75
Robert W. Crown SMCA,2001-07-14,17.890041813254356,-122.27751475548094,37.76728112752839,-122.25,37.75
Robert W. Crown SMCA,2001-07-15,17.594866789877415,-122.27751475548094,37.76728112752839,-122.25,37.75
Robert W. Crown SMCA,2001-07-16,17.4491103887558,-122.27751475548094,37.76728112752839,-122.25,37.75
Robert W. Crown SMCA,2001-07-17,17.395641960203648,-122.27751475548094,37.76728112752839,-122.25,37.75
Robert W. Crown SMCA,2001-07-18,17.40076906979084,-122.27751475548094,37.76728112752839,-122.25,37.75
Robert W. Crown SMCA,2001-07-19,17.408825956285,-122.27751475548094,37.76728112752839,-122.25,37.75
Robert W. Crown SMCA,2001-07-20,17.354625083506107,-122.27751475548094,37.76728112752839,-122.25,37.75
Robert W. Crown SMCA,2001-07-21,17.32752464711666,-122.27751475548094,37.76728112752839,-122.25,37.75
Robert W. Crown SMCA,2001-07-22,17.329721979796886,-122.27751475548094,37.76728112752839,-122.25,37.75
Robert W. Crown SMCA,2001-07-23,17.328989535570145,-122.27751475548094,37.76728112752839,-122.25,37.75
Robert W. Crown SMCA,2001-07-24,17.382457964122295,-122.27751475548094,37.76728112752839,-122.25,37.75
Robert W. Crown SMCA,2001-07-25,17.506241038441658,-122.27751475548094,37.76728112752839,-122.25,37.75
Robert W. Crown SMCA,2001-07-26,17.81386761367321,-122.27751475548094,37.76728112752839,-122.25,37.75
Robert W. Crown SMCA,2001-07-27,17.984527118504047,-122.27751475548094,37.76728112752839,-122.25,37.75
Robert W. Crown SMCA,2001-07-28,17.742088079452515,-122.27751475548094,37.76728112752839,-122.25,37.75
Robert W. Crown SMCA,2001-07-29,17.603656120598316,-122.27751475548094,37.76728112752839,-122.25,37.75
Robert W. Crown SMCA,2001-07-30,17.505508594214916,-122.27751475548094,37.76728112752839,-122.25,37.75
Robert W. Crown SMCA,2001-07-31,17.46961882710457,-122.27751475548094,37.76728112752839,-122.25,37.75
Robert W. Crown SMCA,2001-08-01,17.422009952366352,-122.27751475548094,37.76728112752839,-122.25,37.75
Robert W. Crown SMCA,2001-08-02,17.489394821226597,-122.27751475548094,37.76728112752839,-122.25,37.75
Robert W. Crown SMCA,2001-08-03,17.63002411276102,-122.27751475548094,37.76728112752839,-122.25,37.75
Robert W. Crown SMCA,2001-08-04,17.92446669191122,-122.27751475548094,37.76728112752839,-122.25,37.75
Robert W. Crown SMCA,2001-08-05,18.28409680724144,-122.27751475548094,37.76728112752839,-122.25,37.75
Robert W. Crown SMCA,2001-08-06,18.51261940598488,-122.27751475548094,37.76728112752839,-122.25,37.75
Robert W. Crown SMCA,2001-08-07,18.36246833950281,-122.27751475548094,37.76728112752839,-122.25,37.75
Robert W. Crown SMCA,2001-08-08,18.346354566514492,-122.27751475548094,37.76728112752839,-122.25,37.75
Robert W. Crown SMCA,2001-08-09,18.51261940598488,-122.27751475548094,37.76728112752839,-122.25,37.75
Robert W. Crown SMCA,2001-08-10,18.90154729038477,-122.27751475548094,37.76728112752839,-122.25,37.75
Robert W. Crown SMCA,2001-08-11,19.17987609654665,-122.27751475548094,37.76728112752839,-122.25,37.75
Robert W. Crown SMCA,2001-08-12,19.162297435104847,-122.27751475548094,37.76728112752839,-122.25,37.75
Robert W. Crown SMCA,2001-08-13,19.11395611613989,-122.27751475548094,37.76728112752839,-122.25,37.75
Robert W. Crown SMCA,2001-08-14,18.690603353083134,-122.27751475548094,37.76728112752839,-122.25,37.75
Robert W. Crown SMCA,2001-08-15,18.32511368393898,-122.27751475548094,37.76728112752839,-122.25,37.75
Robert W. Crown SMCA,2001-08-16,18.077547535300255,-122.27751475548094,37.76728112752839,-122.25,37.75
Robert W. Crown SMCA,2001-08-17,17.864406265318394,-122.27751475548094,37.76728112752839,-122.25,37.75
Robert W. Crown SMCA,2001-08-18,17.693014316260815,-122.27751475548094,37.76728112752839,-122.25,37.75
Robert W. Crown SMCA,2001-08-19,17.49012726545334,-122.27751475548094,37.76728112752839,-122.25,37.75
Robert W. Crown SMCA,2001-08-20,17.315805539488792,-122.27751475548094,37.76728112752839,-122.25,37.75
Robert W. Crown SMCA,2001-08-21,17.15173803269863,-122.27751475548094,37.76728112752839,-122.25,37.75
Robert W. Crown SMCA,2001-08-22,17.117313154041767,-122.27751475548094,37.76728112752839,-122.25,37.75
Robert W. Crown SMCA,2001-08-23,17.309213541448116,-122.27751475548094,37.76728112752839,-122.25,37.75
Robert W. Crown SMCA,2001-08-24,17.522354811429977,-122.27751475548094,37.76728112752839,-122.25,37.75
Robert W. Crown SMCA,2001-08-25,17.2125309035182,-122.27751475548094,37.76728112752839,-122.25,37.75
Robert W. Crown SMCA,2001-08-26,17.04553361982107,-122.27751475548094,37.76728112752839,-122.25,37.75
Robert W. Crown SMCA,2001-08-27,16.918820768594742,-122.27751475548094,37.76728112752839,-122.25,37.75
Robert W. Crown SMCA,2001-08-28,16.841181680560112,-122.27751475548094,37.76728112752839,-122.25,37.75
Robert W. Crown SMCA,2001-08-29,16.759880371391773,-122.27751475548094,37.76728112752839,-122.25,37.75
Robert W. Crown SMCA,2001-08-30,16.715933717787266,-122.27751475548094,37.76728112752839,-122.25,37.75
Robert W. Crown SMCA,2001-08-31,16.789910584688187,-122.27751475548094,37.76728112752839,-122.25,37.75
Robert W. Crown SMCA,2001-09-01,16.890987887978554,-122.27751475548094,37.76728112752839,-122.25,37.75
Robert W. Crown SMCA,2001-09-02,16.982543416321278,-122.27751475548094,37.76728112752839,-122.25,37.75
Robert W. Crown SMCA,2001-09-03,17.087282940745354,-122.27751475548094,37.76728112752839,-122.25,37.75
Robert W. Crown SMCA,2001-09-04,17.141483813524246,-122.27751475548094,37.76728112752839,-122.25,37.75
Robert W. Crown SMCA,2001-09-05,17.10266426950693,-122.27751475548094,37.76728112752839,-122.25,37.75
Robert W. Crown SMCA,2001-09-06,16.880001224577427,-122.27751475548094,37.76728112752839,-122.25,37.75
Robert W. Crown SMCA,2001-09-07,16.715201273560524,-122.27751475548094,37.76728112752839,-122.25,37.75
Robert W. Crown SMCA,2001-09-08,16.880001224577427,-122.27751475548094,37.76728112752839,-122.25,37.75
Robert W. Crown SMCA,2001-09-09,17.191290020942688,-122.27751475548094,37.76728112752839,-122.25,37.75
Robert W. Crown SMCA,2001-09-10,17.367076635360718,-122.27751475548094,37.76728112752839,-122.25,37.75
Robert W. Crown SMCA,2001-09-11,17.386120185256004,-122.27751475548094,37.76728112752839,-122.25,37.75
Robert W. Crown SMCA,2001-09-12,17.36414685845375,-122.27751475548094,37.76728112752839,-122.25,37.75
Robert W. Crown SMCA,2001-09-13,17.493057042360306,-122.27751475548094,37.76728112752839,-122.25,37.75
Robert W. Crown SMCA,2001-09-14,17.22498245537281,-122.27751475548094,37.76728112752839,-122.25,37.75
Robert W. Crown SMCA,2001-09-15,17.100466936826706,-122.27751475548094,37.76728112752839,-122.25,37.75
Robert W. Crown SMCA,2001-09-16,16.99938963353634,-122.27751475548094,37.76728112752839,-122.25,37.75
Robert W. Crown SMCA,2001-09-17,16.855830565094948,-122.27751475548094,37.76728112752839,-122.25,37.75
Robert W. Crown SMCA,2001-09-18,16.777459032833576,-122.27751475548094,37.76728112752839,-122.25,37.75
Robert W. Crown SMCA,2001-09-19,16.707876831293106,-122.27751475548094,37.76728112752839,-122.25,37.75
Robert W. Crown SMCA,2001-09-20,16.685903504490852,-122.27751475548094,37.76728112752839,-122.25,37.75
Robert W. Crown SMCA,2001-09-21,16.675649285316467,-122.27751475548094,37.76728112752839,-122.25,37.75
Robert W. Crown SMCA,2001-09-22,16.6324350759387,-122.27751475548094,37.76728112752839,-122.25,37.75
Robert W. Crown SMCA,2001-09-23,16.745231486856937,-122.27751475548094,37.76728112752839,-122.25,37.75
Robert W. Crown SMCA,2001-09-24,16.945188760757446,-122.27751475548094,37.76728112752839,-122.25,37.75
Robert W. Crown SMCA,2001-09-25,17.16785180568695,-122.27751475548094,37.76728112752839,-122.25,37.75
Robert W. Crown SMCA,2001-09-26,17.340708643198013,-122.27751475548094,37.76728112752839,-122.25,37.75
Robert W. Crown SMCA,2001-09-27,17.24549089372158,-122.27751475548094,37.76728112752839,-122.25,37.75
Robert W. Crown SMCA,2001-09-28,16.894650109112263,-122.27751475548094,37.76728112752839,-122.25,37.75
Robert W. Crown SMCA,2001-09-29,16.855098120868206,-122.27751475548094,37.76728112752839,-122.25,37.75
Robert W. Crown SMCA,2001-09-30,16.85729545354843,-122.27751475548094,37.76728112752839,-122.25,37.75
Robert W. Crown SMCA,2001-10-01,17.0565202832222,-122.27751475548094,37.76728112752839,-122.25,37.75
Robert W. Crown SMCA,2001-10-02,17.10998871177435,-122.27751475548094,37.76728112752839,-122.25,37.75
Robert W. Crown SMCA,2001-10-03,17.11804559826851,-122.27751475548094,37.76728112752839,-122.25,37.75
Robert W. Crown SMCA,2001-10-04,17.254280224442482,-122.27751475548094,37.76728112752839,-122.25,37.75
Robert W. Crown SMCA,2001-10-05,17.218390457332134,-122.27751475548094,37.76728112752839,-122.25,37.75
Robert W. Crown SMCA,2001-10-06,16.918088324368,-122.27751475548094,37.76728112752839,-122.25,37.75
Robert W. Crown SMCA,2001-10-07,16.77452925592661,-122.27751475548094,37.76728112752839,-122.25,37.75
Robert W. Crown SMCA,2001-10-08,16.666859954595566,-122.27751475548094,37.76728112752839,-122.25,37.75
Robert W. Crown SMCA,2001-10-09,16.40244758874178,-122.27751475548094,37.76728112752839,-122.25,37.75
Robert W. Crown SMCA,2001-10-10,16.10434278845787,-122.27751475548094,37.76728112752839,-122.25,37.75
Robert W. Crown SMCA,2001-10-11,16.012787260115147,-122.27751475548094,37.76728112752839,-122.25,37.75
Robert W. Crown SMCA,2001-10-12,15.83407086879015,-122.27751475548094,37.76728112752839,-122.25,37.75
Robert W. Crown SMCA,2001-10-13,15.706625573337078,-122.27751475548094,37.76728112752839,-122.25,37.75
Robert W. Crown SMCA,2001-10-14,15.688314467668533,-122.27751475548094,37.76728112752839,-122.25,37.75
Robert W. Crown SMCA,2001-10-15,15.87508774548769,-122.27751475548094,37.76728112752839,-122.25,37.75
Robert W. Crown SMCA,2001-10-16,16.109469898045063,-122.27751475548094,37.76728112752839,-122.25,37.75
Robert W. Crown SMCA,2001-10-17,16.195898316800594,-122.27751475548094,37.76728112752839,-122.25,37.75
Robert W. Crown SMCA,2001-10-18,16.215674310922623,-122.27751475548094,37.76728112752839,-122.25,37.75
Robert W. Crown SMCA,2001-10-19,16.233252972364426,-122.27751475548094,37.76728112752839,-122.25,37.75
Robert W. Crown SMCA,2001-10-20,16.10361034423113,-122.27751475548094,37.76728112752839,-122.25,37.75
Robert W. Crown SMCA,2001-10-21,15.627521596848965,-122.27751475548094,37.76728112752839,-122.25,37.75
Robert W. Crown SMCA,2001-10-22,15.277413256466389,-122.27751475548094,37.76728112752839,-122.25,37.75
Robert W. Crown SMCA,2001-10-23,15.122135080397129,-122.27751475548094,37.76728112752839,-122.25,37.75
Robert W. Crown SMCA,2001-10-24,14.730277419090271,-122.27751475548094,37.76728112752839,-122.25,37.75
Robert W. Crown SMCA,2001-10-25,14.511276595294476,-122.27751475548094,37.76728112752839,-122.25,37.75
Robert W. Crown SMCA,2001-10-26,14.67241432517767,-122.27751475548094,37.76728112752839,-122.25,37.75
Robert W. Crown SMCA,2001-10-27,14.92584002763033,-122.27751475548094,37.76728112752839,-122.25,37.75
Robert W. Crown SMCA,2001-10-28,14.919980473816395,-122.27751475548094,37.76728112752839,-122.25,37.75
Robert W. Crown SMCA,2001-10-29,14.870906710624695,-122.27751475548094,37.76728112752839,-122.25,37.75
Robert W. Crown SMCA,2001-10-30,14.639454334974289,-122.27751475548094,37.76728112752839,-122.25,37.75
Robert W. Crown SMCA,2001-10-31,14.72588275372982,-122.27751475548094,37.76728112752839,-122.25,37.75
Robert W. Crown SMCA,2001-11-01,14.78301340341568,-122.27751475548094,37.76728112752839,-122.25,37.75
Robert W. Crown SMCA,2001-11-02,14.813043616712093,-122.27751475548094,37.76728112752839,-122.25,37.75
Robert W. Crown SMCA,2001-11-03,14.838679164648056,-122.27751475548094,37.76728112752839,-122.25,37.75
Robert W. Crown SMCA,2001-11-04,14.903134256601334,-122.27751475548094,37.76728112752839,-122.25,37.75
Robert W. Crown SMCA,2001-11-05,14.714163646101952,-122.27751475548094,37.76728112752839,-122.25,37.75
Robert W. Crown SMCA,2001-11-06,14.319376207888126,-122.27751475548094,37.76728112752839,-122.25,37.75
Robert W. Crown SMCA,2001-11-07,14.032258071005344,-122.27751475548094,37.76728112752839,-122.25,37.75
Robert W. Crown SMCA,2001-11-08,13.918729215860367,-122.27751475548094,37.76728112752839,-122.25,37.75
Robert W. Crown SMCA,2001-11-09,14.117954045534134,-122.27751475548094,37.76728112752839,-122.25,37.75
Robert W. Crown SMCA,2001-11-10,14.342814423143864,-122.27751475548094,37.76728112752839,-122.25,37.75
Robert W. Crown SMCA,2001-11-11,14.069612726569176,-122.27751475548094,37.76728112752839,-122.25,37.75
Robert W. Crown SMCA,2001-11-12,13.988311417400837,-122.27751475548094,37.76728112752839,-122.25,37.75
Robert W. Crown SMCA,2001-11-13,14.002227857708931,-122.27751475548094,37.76728112752839,-122.25,37.75
Robert W. Crown SMCA,2001-11-14,14.00589007884264,-122.27751475548094,37.76728112752839,-122.25,37.75
Robert W. Crown SMCA,2001-11-15,14.106234937906265,-122.27751475548094,37.76728112752839,-122.25,37.75
Robert W. Crown SMCA,2001-11-16,14.137730039656162,-122.27751475548094,37.76728112752839,-122.25,37.75
Robert W. Crown SMCA,2001-11-17,14.208777129650116,-122.27751475548094,37.76728112752839,-122.25,37.75
Robert W. Crown SMCA,2001-11-18,14.303994879126549,-122.27751475548094,37.76728112752839,-122.25,37.75
Robert W. Crown SMCA,2001-11-19,14.23514512181282,-122.27751475548094,37.76728112752839,-122.25,37.75
Robert W. Crown SMCA,2001-11-20,14.074739836156368,-122.27751475548094,37.76728112752839,-122.25,37.75
Robert W. Crown SMCA,2001-11-21,14.080599389970303,-122.27751475548094,37.76728112752839,-122.25,37.75
Robert W. Crown SMCA,2001-11-22,14.000030525028706,-122.27751475548094,37.76728112752839,-122.25,37.75
Robert W. Crown SMCA,2001-11-23,13.860866121947765,-122.27751475548094,37.76728112752839,-122.25,37.75
Robert W. Crown SMCA,2001-11-24,13.824243910610676,-122.27751475548094,37.76728112752839,-122.25,37.75
Robert W. Crown SMCA,2001-11-25,13.432386249303818,-122.27751475548094,37.76728112752839,-122.25,37.75
Robert W. Crown SMCA,2001-11-26,13.160649441182613,-122.27751475548094,37.76728112752839,-122.25,37.75
Robert W. Crown SMCA,2001-11-27,12.954100169241428,-122.27751475548094,37.76728112752839,-122.25,37.75
Robert W. Crown SMCA,2001-11-28,12.899899296462536,-122.27751475548094,37.76728112752839,-122.25,37.75
Robert W. Crown SMCA,2001-11-29,12.587878055870533,-122.27751475548094,37.76728112752839,-122.25,37.75
Robert W. Crown SMCA,2001-11-30,12.487533196806908,-122.27751475548094,37.76728112752839,-122.25,37.75
Robert W. Crown SMCA,2001-12-01,12.4435865432024,-122.27751475548094,37.76728112752839,-122.25,37.75
Robert W. Crown SMCA,2001-12-02,12.356425680220127,-122.27751475548094,37.76728112752839,-122.25,37.75
Robert W. Crown SMCA,2001-12-03,12.224585719406605,-122.27751475548094,37.76728112752839,-122.25,37.75
Robert W. Crown SMCA,2001-12-04,11.931608028709888,-122.27751475548094,37.76728112752839,-122.25,37.75
Robert W. Crown SMCA,2001-12-05,11.751426748931408,-122.27751475548094,37.76728112752839,-122.25,37.75
Robert W. Crown SMCA,2001-12-06,11.771202743053436,-122.27751475548094,37.76728112752839,-122.25,37.75
Robert W. Crown SMCA,2001-12-07,11.75215919315815,-122.27751475548094,37.76728112752839,-122.25,37.75
Robert W. Crown SMCA,2001-12-08,11.812952063977718,-122.27751475548094,37.76728112752839,-122.25,37.75
Robert W. Crown SMCA,2001-12-09,11.659138776361942,-122.27751475548094,37.76728112752839,-122.25,37.75
Robert W. Crown SMCA,2001-12-10,11.14716026186943,-122.27751475548094,37.76728112752839,-122.25,37.75
Robert W. Crown SMCA,2001-12-11,10.7750785946846,-122.27751475548094,37.76728112752839,-122.25,37.75
Robert W. Crown SMCA,2001-12-12,10.698171950876713,-122.27751475548094,37.76728112752839,-122.25,37.75
Robert W. Crown SMCA,2001-12-13,10.821222580969334,-122.27751475548094,37.76728112752839,-122.25,37.75
Robert W. Crown SMCA,2001-12-14,10.820490136742592,-122.27751475548094,37.76728112752839,-122.25,37.75
Robert W. Crown SMCA,2001-12-15,10.542161330580711,-122.27751475548094,37.76728112752839,-122.25,37.75
Robert W. Crown SMCA,2001-12-16,10.583910651504993,-122.27751475548094,37.76728112752839,-122.25,37.75
Robert W. Crown SMCA,2001-12-17,10.708426170051098,-122.27751475548094,37.76728112752839,-122.25,37.75
Robert W. Crown SMCA,2001-12-18,10.868099011480808,-122.27751475548094,37.76728112752839,-122.25,37.75
Robert W. Crown SMCA,2001-12-19,10.984557643532753,-122.27751475548094,37.76728112752839,-122.25,37.75
Robert W. Crown SMCA,2001-12-20,10.875423453748226,-122.27751475548094,37.76728112752839,-122.25,37.75
Robert W. Crown SMCA,2001-12-21,10.687185287475586,-122.27751475548094,37.76728112752839,-122.25,37.75
Robert W. Crown SMCA,2001-12-22,10.716483056545258,-122.27751475548094,37.76728112752839,-122.25,37.75
Robert W. Crown SMCA,2001-12-23,10.830011911690235,-122.27751475548094,37.76728112752839,-122.25,37.75
Robert W. Crown SMCA,2001-12-24,11.072450950741768,-122.27751475548094,37.76728112752839,-122.25,37.75
Robert W. Crown SMCA,2001-12-25,11.123722046613693,-122.27751475548094,37.76728112752839,-122.25,37.75
Robert W. Crown SMCA,2001-12-26,11.141300708055496,-122.27751475548094,37.76728112752839,-122.25,37.75
Robert W. Crown SMCA,2001-12-27,11.062929175794125,-122.27751475548094,37.76728112752839,-122.25,37.75
Robert W. Crown SMCA,2001-12-28,10.89739678055048,-122.27751475548094,37.76728112752839,-122.25,37.75
Robert W. Crown SMCA,2001-12-29,10.862239457666874,-122.27751475548094,37.76728112752839,-122.25,37.75
Robert W. Crown SMCA,2001-12-30,10.898861669003963,-122.27751475548094,37.76728112752839,-122.25,37.75
Robert W. Crown SMCA,2001-12-31,10.947935432195663,-122.27751475548094,37.76728112752839,-122.25,37.75
Robert W. Crown SMCA,2002-01-01,11.051210068166256,-122.27751475548094,37.76728112752839,-122.25,37.75
Robert W. Crown SMCA,2002-01-02,11.097354054450989,-122.27751475548094,37.76728112752839,-122.25,37.75
Robert W. Crown SMCA,2002-01-03,11.24091312289238,-122.27751475548094,37.76728112752839,-122.25,37.75
Robert W. Crown SMCA,2002-01-04,11.440870396792889,-122.27751475548094,37.76728112752839,-122.25,37.75
Robert W. Crown SMCA,2002-01-05,11.4621112793684,-122.27751475548094,37.76728112752839,-122.25,37.75
Robert W. Crown SMCA,2002-01-06,11.28632466495037,-122.27751475548094,37.76728112752839,-122.25,37.75
Robert W. Crown SMCA,2002-01-07,11.260689117014408,-122.27751475548094,37.76728112752839,-122.25,37.75
Robert W. Crown SMCA,2002-01-08,11.303170882165432,-122.27751475548094,37.76728112752839,-122.25,37.75
Robert W. Crown SMCA,2002-01-09,11.395458854734898,-122.27751475548094,37.76728112752839,-122.25,37.75
Robert W. Crown SMCA,2002-01-10,11.311227768659592,-122.27751475548094,37.76728112752839,-122.25,37.75
Robert W. Crown SMCA,2002-01-11,11.402783297002316,-122.27751475548094,37.76728112752839,-122.25,37.75
Robert W. Crown SMCA,2002-01-12,11.55586414039135,-122.27751475548094,37.76728112752839,-122.25,37.75
Robert W. Crown SMCA,2002-01-13,11.254829563200474,-122.27751475548094,37.76728112752839,-122.25,37.75
Robert W. Crown SMCA,2002-01-14,10.98309275507927,-122.27751475548094,37.76728112752839,-122.25,37.75
Robert W. Crown SMCA,2002-01-15,10.641773745417595,-122.27751475548094,37.76728112752839,-122.25,37.75
Robert W. Crown SMCA,2002-01-16,10.351725831627846,-122.27751475548094,37.76728112752839,-122.25,37.75
Robert W. Crown SMCA,2002-01-17,10.25504319369793,-122.27751475548094,37.76728112752839,-122.25,37.75
Robert W. Crown SMCA,2002-01-18,10.166417442262173,-122.27751475548094,37.76728112752839,-122.25,37.75
Robert W. Crown SMCA,2002-01-19,10.150303669273853,-122.27751475548094,37.76728112752839,-122.25,37.75
Robert W. Crown SMCA,2002-01-20,10.066072583198547,-122.27751475548094,37.76728112752839,-122.25,37.75
Robert W. Crown SMCA,2002-01-21,10.149571225047112,-122.27751475548094,37.76728112752839,-122.25,37.75
Robert W. Crown SMCA,2002-01-22,10.09170813113451,-122.27751475548094,37.76728112752839,-122.25,37.75
Robert W. Crown SMCA,2002-01-23,9.9320352897048,-122.27751475548094,37.76728112752839,-122.25,37.75
Robert W. Crown SMCA,2002-01-24,10.07559435814619,-122.27751475548094,37.76728112752839,-122.25,37.75
Robert W. Crown SMCA,2002-01-25,10.339274279773235,-122.27751475548094,37.76728112752839,-122.25,37.75
Robert W. Crown SMCA,2002-01-26,10.347331166267395,-122.27751475548094,37.76728112752839,-122.25,37.75
Robert W. Crown SMCA,2002-01-27,10.30045473575592,-122.27751475548094,37.76728112752839,-122.25,37.75
Robert W. Crown SMCA,2002-01-28,10.280678741633892,-122.27751475548094,37.76728112752839,-122.25,37.75
Robert W. Crown SMCA,2002-01-29,9.915189072489738,-122.27751475548094,37.76728112752839,-122.25,37.75
Robert W. Crown SMCA,2002-01-30,9.65370648354292,-122.27751475548094,37.76728112752839,-122.25,37.75
Robert W. Crown SMCA,2002-01-31,9.677144698798656,-122.27751475548094,37.76728112752839,-122.25,37.75
Robert W. Crown SMCA,2002-02-01,9.948149062693119,-122.27751475548094,37.76728112752839,-122.25,37.75
Robert W. Crown SMCA,2002-02-02,10.338541835546494,-122.27751475548094,37.76728112752839,-122.25,37.75
Robert W. Crown SMCA,2002-02-03,10.673268847167492,-122.27751475548094,37.76728112752839,-122.25,37.75
Robert W. Crown SMCA,2002-02-04,10.997009195387363,-122.27751475548094,37.76728112752839,-122.25,37.75
Robert W. Crown SMCA,2002-02-05,11.292184218764305,-122.27751475548094,37.76728112752839,-122.25,37.75
Robert W. Crown SMCA,2002-02-06,11.472365498542786,-122.27751475548094,37.76728112752839,-122.25,37.75
Robert W. Crown SMCA,2002-02-07,11.402050852775574,-122.27751475548094,37.76728112752839,-122.25,37.75
Robert W. Crown SMCA,2002-02-08,11.300241105258465,-122.27751475548094,37.76728112752839,-122.25,37.75
Robert W. Crown SMCA,2002-02-09,11.507522821426392,-122.27751475548094,37.76728112752839,-122.25,37.75
Robert W. Crown SMCA,2002-02-10,11.831263169646263,-122.27751475548094,37.76728112752839,-122.25,37.75
Robert W. Crown SMCA,2002-02-11,12.09567553550005,-122.27751475548094,37.76728112752839,-122.25,37.75
Robert W. Crown SMCA,2002-02-12,12.228980384767056,-122.27751475548094,37.76728112752839,-122.25,37.75
Robert W. Crown SMCA,2002-02-13,12.345439016819,-122.27751475548094,37.76728112752839,-122.25,37.75
Robert W. Crown SMCA,2002-02-14,12.342509239912033,-122.27751475548094,37.76728112752839,-122.25,37.75
Robert W. Crown SMCA,2002-02-15,12.561510063707829,-122.27751475548094,37.76728112752839,-122.25,37.75
Robert W. Crown SMCA,2002-02-16,12.52122563123703,-122.27751475548094,37.76728112752839,-122.25,37.75
Robert W. Crown SMCA,2002-02-17,12.35349590331316,-122.27751475548094,37.76728112752839,-122.25,37.75
Robert W. Crown SMCA,2002-02-18,12.28830836713314,-122.27751475548094,37.76728112752839,-122.25,37.75
Robert W. Crown SMCA,2002-02-19,12.171849735081196,-122.27751475548094,37.76728112752839,-122.25,37.75
Robert W. Crown SMCA,2002-02-20,12.208471946418285,-122.27751475548094,37.76728112752839,-122.25,37.75
Robert W. Crown SMCA,2002-02-21,12.433332324028015,-122.27751475548094,37.76728112752839,-122.25,37.75
Robert W. Crown SMCA,2002-02-22,12.784173108637333,-122.27751475548094,37.76728112752839,-122.25,37.75
Robert W. Crown SMCA,2002-02-23,12.775383777916431,-122.27751475548094,37.76728112752839,-122.25,37.75
Robert W. Crown SMCA,2002-02-24,12.467024758458138,-122.27751475548094,37.76728112752839,-122.25,37.75
Robert W. Crown SMCA,2002-02-25,12.391583003103733,-122.27751475548094,37.76728112752839,-122.25,37.75
Robert W. Crown SMCA,2002-02-26,12.48460341989994,-122.27751475548094,37.76728112752839,-122.25,37.75
Robert W. Crown SMCA,2002-02-27,12.612048715353012,-122.27751475548094,37.76728112752839,-122.25,37.75
Robert W. Crown SMCA,2002-02-28,12.636219374835491,-122.27751475548094,37.76728112752839,-122.25,37.75
Robert W. Crown SMCA,2002-03-01,12.438459433615208,-122.27751475548094,37.76728112752839,-122.25,37.75
Robert W. Crown SMCA,2002-03-02,12.33738213032484,-122.27751475548094,37.76728112752839,-122.25,37.75
Robert W. Crown SMCA,2002-03-03,12.672109141945839,-122.27751475548094,37.76728112752839,-122.25,37.75
Robert W. Crown SMCA,2002-03-04,13.127689450979233,-122.27751475548094,37.76728112752839,-122.25,37.75
Robert W. Crown SMCA,2002-03-05,13.258796967566013,-122.27751475548094,37.76728112752839,-122.25,37.75
Robert W. Crown SMCA,2002-03-06,13.104983679950237,-122.27751475548094,37.76728112752839,-122.25,37.75
Robert W. Crown SMCA,2002-03-07,13.022949926555157,-122.27751475548094,37.76728112752839,-122.25,37.75
Robert W. Crown SMCA,2002-03-08,12.516098521649837,-122.27751475548094,37.76728112752839,-122.25,37.75
Robert W. Crown SMCA,2002-03-09,12.61131627112627,-122.27751475548094,37.76728112752839,-122.25,37.75
Robert W. Crown SMCA,2002-03-10,12.53367718309164,-122.27751475548094,37.76728112752839,-122.25,37.75
Robert W. Crown SMCA,2002-03-11,12.711661130189896,-122.27751475548094,37.76728112752839,-122.25,37.75
Robert W. Crown SMCA,2002-03-12,12.898434408009052,-122.27751475548094,37.76728112752839,-122.25,37.75
Robert W. Crown SMCA,2002-03-13,12.68089847266674,-122.27751475548094,37.76728112752839,-122.25,37.75
Robert W. Crown SMCA,2002-03-14,12.248023934662342,-122.27751475548094,37.76728112752839,-122.25,37.75
Robert W. Crown SMCA,2002-03-15,11.837122723460197,-122.27751475548094,37.76728112752839,-122.25,37.75
Robert W. Crown SMCA,2002-03-16,11.474562831223011,-122.27751475548094,37.76728112752839,-122.25,37.75
Robert W. Crown SMCA,2002-03-17,11.157414481043816,-122.27751475548094,37.76728112752839,-122.25,37.75
Robert W. Crown SMCA,2002-03-18,10.763359487056732,-122.27751475548094,37.76728112752839,-122.25,37.75
Robert W. Crown SMCA,2002-03-19,10.662282183766365,-122.27751475548094,37.76728112752839,-122.25,37.75
Robert W. Crown SMCA,2002-03-20,10.985290087759495,-122.27751475548094,37.76728112752839,-122.25,37.75
Robert W. Crown SMCA,2002-03-21,11.42915128916502,-122.27751475548094,37.76728112752839,-122.25,37.75
Robert W. Crown SMCA,2002-03-22,11.556596584618092,-122.27751475548094,37.76728112752839,-122.25,37.75
Robert W. Crown SMCA,2002-03-23,11.632038339972496,-122.27751475548094,37.76728112752839,-122.25,37.75
Robert W. Crown SMCA,2002-03-24,11.642292559146881,-122.27751475548094,37.76728112752839,-122.25,37.75
Robert W. Crown SMCA,2002-03-25,11.694296099245548,-122.27751475548094,37.76728112752839,-122.25,37.75
Robert W. Crown SMCA,2002-03-26,12.041474662721157,-122.27751475548094,37.76728112752839,-122.25,37.75
Robert W. Crown SMCA,2002-03-27,12.294900365173817,-122.27751475548094,37.76728112752839,-122.25,37.75
Robert W. Crown SMCA,2002-03-28,12.126438193023205,-122.27751475548094,37.76728112752839,-122.25,37.75
Robert W. Crown SMCA,2002-03-29,12.264137707650661,-122.27751475548094,37.76728112752839,-122.25,37.75
Robert W. Crown SMCA,2002-03-30,12.450910985469818,-122.27751475548094,37.76728112752839,-122.25,37.75
Robert W. Crown SMCA,2002-03-31,12.65599536895752,-122.27751475548094,37.76728112752839,-122.25,37.75
Robert W. Crown SMCA,2002-04-01,12.804681546986103,-122.27751475548094,37.76728112752839,-122.25,37.75
Robert W. Crown SMCA,2002-04-02,13.198004096746445,-122.27751475548094,37.76728112752839,-122.25,37.75
Robert W. Crown SMCA,2002-04-03,13.748802155256271,-122.27751475548094,37.76728112752839,-122.25,37.75
Robert W. Crown SMCA,2002-04-04,13.963408313691616,-122.27751475548094,37.76728112752839,-122.25,37.75
Robert W. Crown SMCA,2002-04-05,13.896023444831371,-122.27751475548094,37.76728112752839,-122.25,37.75
Robert W. Crown SMCA,2002-04-06,13.964140757918358,-122.27751475548094,37.76728112752839,-122.25,37.75
Robert W. Crown SMCA,2002-04-07,13.988311417400837,-122.27751475548094,37.76728112752839,-122.25,37.75
Robert W. Crown SMCA,2002-04-08,13.833765685558319,-122.27751475548094,37.76728112752839,-122.25,37.75
Robert W. Crown SMCA,2002-04-09,13.975859865546227,-122.27751475548094,37.76728112752839,-122.25,37.75
Robert W. Crown SMCA,2002-04-10,14.152378924190998,-122.27751475548094,37.76728112752839,-122.25,37.75
Robert W. Crown SMCA,2002-04-11,14.345011755824089,-122.27751475548094,37.76728112752839,-122.25,37.75
Robert W. Crown SMCA,2002-04-12,14.462202832102776,-122.27751475548094,37.76728112752839,-122.25,37.75
Robert W. Crown SMCA,2002-04-13,14.420453511178493,-122.27751475548094,37.76728112752839,-122.25,37.75
Robert W. Crown SMCA,2002-04-14,14.543504141271114,-122.27751475548094,37.76728112752839,-122.25,37.75
Robert W. Crown SMCA,2002-04-15,14.314981542527676,-122.27751475548094,37.76728112752839,-122.25,37.75
Robert W. Crown SMCA,2002-04-16,13.859401233494282,-122.27751475548094,37.76728112752839,-122.25,37.75
Robert W. Crown SMCA,2002-04-17,13.65431685000658,-122.27751475548094,37.76728112752839,-122.25,37.75
Robert W. Crown SMCA,2002-04-18,13.492446675896645,-122.27751475548094,37.76728112752839,-122.25,37.75
Robert W. Crown SMCA,2002-04-19,13.264656521379948,-122.27751475548094,37.76728112752839,-122.25,37.75
Robert W. Crown SMCA,2002-04-20,13.124027229845524,-122.27751475548094,37.76728112752839,-122.25,37.75
Robert W. Crown SMCA,2002-04-21,13.087405018508434,-122.27751475548094,37.76728112752839,-122.25,37.75
Robert W. Crown SMCA,2002-04-22,13.291756957769394,-122.27751475548094,37.76728112752839,-122.25,37.75
Robert W. Crown SMCA,2002-04-23,13.488784454762936,-122.27751475548094,37.76728112752839,-122.25,37.75
Robert W. Crown SMCA,2002-04-24,13.94875942915678,-122.27751475548094,37.76728112752839,-122.25,37.75
Robert W. Crown SMCA,2002-04-25,14.468794830143452,-122.27751475548094,37.76728112752839,-122.25,37.75
Robert W. Crown SMCA,2002-04-26,14.42338328808546,-122.27751475548094,37.76728112752839,-122.25,37.75
Robert W. Crown SMCA,2002-04-27,13.882107004523277,-122.27751475548094,37.76728112752839,-122.25,37.75
Robert W. Crown SMCA,2002-04-28,13.902615442872047,-122.27751475548094,37.76728112752839,-122.25,37.75
Robert W. Crown SMCA,2002-04-29,14.28421888500452,-122.27751475548094,37.76728112752839,-122.25,37.75
Robert W. Crown SMCA,2002-04-30,14.184606470167637,-122.27751475548094,37.76728112752839,-122.25,37.75
Robert W. Crown SMCA,2002-05-01,13.635273300111294,-122.27751475548094,37.76728112752839,-122.25,37.75
Robert W. Crown SMCA,2002-05-02,13.5232093334198,-122.27751475548094,37.76728112752839,-122.25,37.75
Robert W. Crown SMCA,2002-05-03,13.439710691571236,-122.27751475548094,37.76728112752839,-122.25,37.75
Robert W. Crown SMCA,2002-05-04,13.344492942094803,-122.27751475548094,37.76728112752839,-122.25,37.75
Robert W. Crown SMCA,2002-05-05,13.305673398077488,-122.27751475548094,37.76728112752839,-122.25,37.75
Robert W. Crown SMCA,2002-05-06,13.219244979321957,-122.27751475548094,37.76728112752839,-122.25,37.75
Robert W. Crown SMCA,2002-05-07,13.014893040060997,-122.27751475548094,37.76728112752839,-122.25,37.75
Robert W. Crown SMCA,2002-05-08,12.806878879666328,-122.27751475548094,37.76728112752839,-122.25,37.75
Robert W. Crown SMCA,2002-05-09,12.748283341526985,-122.27751475548094,37.76728112752839,-122.25,37.75
Robert W. Crown SMCA,2002-05-10,12.629627376794815,-122.27751475548094,37.76728112752839,-122.25,37.75
Robert W. Crown SMCA,2002-05-11,12.52928251773119,-122.27751475548094,37.76728112752839,-122.25,37.75
Robert W. Crown SMCA,2002-05-12,12.67650380730629,-122.27751475548094,37.76728112752839,-122.25,37.75
Robert W. Crown SMCA,2002-05-13,12.906491294503212,-122.27751475548094,37.76728112752839,-122.25,37.75
Robert W. Crown SMCA,2002-05-14,12.924069955945015,-122.27751475548094,37.76728112752839,-122.25,37.75
Robert W. Crown SMCA,2002-05-15,12.891109965741634,-122.27751475548094,37.76728112752839,-122.25,37.75
Robert W. Crown SMCA,2002-05-16,12.86034730821848,-122.27751475548094,37.76728112752839,-122.25,37.75
Robert W. Crown SMCA,2002-05-17,12.919675290584564,-122.27751475548094,37.76728112752839,-122.25,37.75
Robert W. Crown SMCA,2002-05-18,13.010498374700546,-122.27751475548094,37.76728112752839,-122.25,37.75
Robert W. Crown SMCA,2002-05-19,13.35547960549593,-122.27751475548094,37.76728112752839,-122.25,37.75
Robert W. Crown SMCA,2002-05-20,13.668233290314674,-122.27751475548094,37.76728112752839,-122.25,37.75
Robert W. Crown SMCA,2002-05-21,13.756859041750431,-122.27751475548094,37.76728112752839,-122.25,37.75
Robert W. Crown SMCA,2002-05-22,13.692403949797153,-122.27751475548094,37.76728112752839,-122.25,37.75
Robert W. Crown SMCA,2002-05-23,13.70339061319828,-122.27751475548094,37.76728112752839,-122.25,37.75
Robert W. Crown SMCA,2002-05-24,13.794946141541004,-122.27751475548094,37.76728112752839,-122.25,37.75
Robert W. Crown SMCA,2002-05-25,14.054231397807598,-122.27751475548094,37.76728112752839,-122.25,37.75
Robert W. Crown SMCA,2002-05-26,14.41093173623085,-122.27751475548094,37.76728112752839,-122.25,37.75
Robert W. Crown SMCA,2002-05-27,14.737601861357689,-122.27751475548094,37.76728112752839,-122.25,37.75
Robert W. Crown SMCA,2002-05-28,15.009338669478893,-122.27751475548094,37.76728112752839,-122.25,37.75
Robert W. Crown SMCA,2002-05-29,15.311838135123253,-122.27751475548094,37.76728112752839,-122.25,37.75
Robert W. Crown SMCA,2002-05-30,15.423169657588005,-122.27751475548094,37.76728112752839,-122.25,37.75
Robert W. Crown SMCA,2002-05-31,15.366771452128887,-122.27751475548094,37.76728112752839,-122.25,37.75
Robert W. Crown SMCA,2002-06-01,15.436353653669357,-122.27751475548094,37.76728112752839,-122.25,37.75
Robert W. Crown SMCA,2002-06-02,15.328684352338314,-122.27751475548094,37.76728112752839,-122.25,37.75
Robert W. Crown SMCA,2002-06-03,15.08551286906004,-122.27751475548094,37.76728112752839,-122.25,37.75
Robert W. Crown SMCA,2002-06-04,14.970519125461578,-122.27751475548094,37.76728112752839,-122.25,37.75
Robert W. Crown SMCA,2002-06-05,15.032044440507889,-122.27751475548094,37.76728112752839,-122.25,37.75
Robert W. Crown SMCA,2002-06-06,15.019592888653278,-122.27751475548094,37.76728112752839,-122.25,37.75
Robert W. Crown SMCA,2002-06-07,14.793267622590065,-122.27751475548094,37.76728112752839,-122.25,37.75
Robert W. Crown SMCA,2002-06-08,14.479781493544579,-122.27751475548094,37.76728112752839,-122.25,37.75
Robert W. Crown SMCA,2002-06-09,14.055696286261082,-122.27751475548094,37.76728112752839,-122.25,37.75
Robert W. Crown SMCA,2002-06-10,13.828638575971127,-122.27751475548094,37.76728112752839,-122.25,37.75
Robert W. Crown SMCA,2002-06-11,13.91213721781969,-122.27751475548094,37.76728112752839,-122.25,37.75
Robert W. Crown SMCA,2002-06-12,14.293008215725422,-122.27751475548094,37.76728112752839,-122.25,37.75
Robert W. Crown SMCA,2002-06-13,14.768364518880844,-122.27751475548094,37.76728112752839,-122.25,37.75
Robert W. Crown SMCA,2002-06-14,15.054017767310143,-122.27751475548094,37.76728112752839,-122.25,37.75
Robert W. Crown SMCA,2002-06-15,14.948545798659325,-122.27751475548094,37.76728112752839,-122.25,37.75
Robert W. Crown SMCA,2002-06-16,14.857722714543343,-122.27751475548094,37.76728112752839,-122.25,37.75
Robert W. Crown SMCA,2002-06-17,15.002746671438217,-122.27751475548094,37.76728112752839,-122.25,37.75
Robert W. Crown SMCA,2002-06-18,15.197576835751534,-122.27751475548094,37.76728112752839,-122.25,37.75
Robert W. Crown SMCA,2002-06-19,15.275215923786163,-122.27751475548094,37.76728112752839,-122.25,37.75
Robert W. Crown SMCA,2002-06-20,15.169743955135345,-122.27751475548094,37.76728112752839,-122.25,37.75
Robert W. Crown SMCA,2002-06-21,15.075991094112396,-122.27751475548094,37.76728112752839,-122.25,37.75
Robert W. Crown SMCA,2002-06-22,14.975646235048771,-122.27751475548094,37.76728112752839,-122.25,37.75
Robert W. Crown SMCA,2002-06-23,14.913388475775719,-122.27751475548094,37.76728112752839,-122.25,37.75
Robert W. Crown SMCA,2002-06-24,14.922910250723362,-122.27751475548094,37.76728112752839,-122.25,37.75
Robert W. Crown SMCA,2002-06-25,14.981505788862705,-122.27751475548094,37.76728112752839,-122.25,37.75
Robert W. Crown SMCA,2002-06-26,15.108951084315777,-122.27751475548094,37.76728112752839,-122.25,37.75
Robert W. Crown SMCA,2002-06-27,15.27008881419897,-122.27751475548094,37.76728112752839,-122.25,37.75
Robert W. Crown SMCA,2002-06-28,15.379223003983498,-122.27751475548094,37.76728112752839,-122.25,37.75
Robert W. Crown SMCA,2002-06-29,15.522782072424889,-122.27751475548094,37.76728112752839,-122.25,37.75
Robert W. Crown SMCA,2002-06-30,15.706625573337078,-122.27751475548094,37.76728112752839,-122.25,37.75
Robert W. Crown SMCA,2002-07-01,15.824549093842506,-122.27751475548094,37.76728112752839,-122.25,37.75
Robert W. Crown SMCA,2002-07-02,15.976897493004799,-122.27751475548094,37.76728112752839,-122.25,37.75
Robert W. Crown SMCA,2002-07-03,16.176854766905308,-122.27751475548094,37.76728112752839,-122.25,37.75
Robert W. Crown SMCA,2002-07-04,16.135837890207767,-122.27751475548094,37.76728112752839,-122.25,37.75
Robert W. Crown SMCA,2002-07-05,16.094088569283485,-122.27751475548094,37.76728112752839,-122.25,37.75
Robert W. Crown SMCA,2002-07-06,16.14535966515541,-122.27751475548094,37.76728112752839,-122.25,37.75
Robert W. Crown SMCA,2002-07-07,16.26841029524803,-122.27751475548094,37.76728112752839,-122.25,37.75
Robert W. Crown SMCA,2002-07-08,16.425153359770775,-122.27751475548094,37.76728112752839,-122.25,37.75
Robert W. Crown SMCA,2002-07-09,16.490340895950794,-122.27751475548094,37.76728112752839,-122.25,37.75
Robert W. Crown SMCA,2002-07-10,16.625843077898026,-122.27751475548094,37.76728112752839,-122.25,37.75
Robert W. Crown SMCA,2002-07-11,16.777459032833576,-122.27751475548094,37.76728112752839,-122.25,37.75
Robert W. Crown SMCA,2002-07-12,17.083620719611645,-122.27751475548094,37.76728112752839,-122.25,37.75
Robert W. Crown SMCA,2002-07-13,17.419812619686127,-122.27751475548094,37.76728112752839,-122.25,37.75
Robert W. Crown SMCA,2002-07-14,17.268929108977318,-122.27751475548094,37.76728112752839,-122.25,37.75
Robert W. Crown SMCA,2002-07-15,17.009643852710724,-122.27751475548094,37.76728112752839,-122.25,37.75
Robert W. Crown SMCA,2002-07-16,16.882931001484394,-122.27751475548094,37.76728112752839,-122.25,37.75
Robert W. Crown SMCA,2002-07-17,16.888058111071587,-122.27751475548094,37.76728112752839,-122.25,37.75
Robert W. Crown SMCA,2002-07-18,16.871944338083267,-122.27751475548094,37.76728112752839,-122.25,37.75
Robert W. Crown SMCA,2002-07-19,16.829462572932243,-122.27751475548094,37.76728112752839,-122.25,37.75
Robert W. Crown SMCA,2002-07-20,16.796502582728863,-122.27751475548094,37.76728112752839,-122.25,37.75
Robert W. Crown SMCA,2002-07-21,17.080690942704678,-122.27751475548094,37.76728112752839,-122.25,37.75
Robert W. Crown SMCA,2002-07-22,17.500381484627724,-122.27751475548094,37.76728112752839,-122.25,37.75
Robert W. Crown SMCA,2002-07-23,17.655659660696983,-122.27751475548094,37.76728112752839,-122.25,37.75
Robert W. Crown SMCA,2002-07-24,17.726706750690937,-122.27751475548094,37.76728112752839,-122.25,37.75
Robert W. Crown SMCA,2002-07-25,17.89590136706829,-122.27751475548094,37.76728112752839,-122.25,37.75
Robert W. Crown SMCA,2002-07-26,17.78164006769657,-122.27751475548094,37.76728112752839,-122.25,37.75
Robert W. Crown SMCA,2002-07-27,17.521622367203236,-122.27751475548094,37.76728112752839,-122.25,37.75
Robert W. Crown SMCA,2002-07-28,17.709128089249134,-122.27751475548094,37.76728112752839,-122.25,37.75
Robert W. Crown SMCA,2002-07-29,18.102450639009476,-122.27751475548094,37.76728112752839,-122.25,37.75
Robert W. Crown SMCA,2002-07-30,18.360271006822586,-122.27751475548094,37.76728112752839,-122.25,37.75
Robert W. Crown SMCA,2002-07-31,18.527268290519714,-122.27751475548094,37.76728112752839,-122.25,37.75
Robert W. Crown SMCA,2002-08-01,18.694265574216843,-122.27751475548094,37.76728112752839,-122.25,37.75
Robert W. Crown SMCA,2002-08-02,18.768974885344505,-122.27751475548094,37.76728112752839,-122.25,37.75
Robert W. Crown SMCA,2002-08-03,18.682546466588974,-122.27751475548094,37.76728112752839,-122.25,37.75
Robert W. Crown SMCA,2002-08-04,18.211584828794003,-122.27751475548094,37.76728112752839,-122.25,37.75
Robert W. Crown SMCA,2002-08-05,17.97793512046337,-122.27751475548094,37.76728112752839,-122.25,37.75
Robert W. Crown SMCA,2002-08-06,17.767723627388477,-122.27751475548094,37.76728112752839,-122.25,37.75
Robert W. Crown SMCA,2002-08-07,17.557512134313583,-122.27751475548094,37.76728112752839,-122.25,37.75
Robert W. Crown SMCA,2002-08-08,17.473281048238277,-122.27751475548094,37.76728112752839,-122.25,37.75
Robert W. Crown SMCA,2002-08-09,17.52308725565672,-122.27751475548094,37.76728112752839,-122.25,37.75
Robert W. Crown SMCA,2002-08-10,17.71498764306307,-122.27751475548094,37.76728112752839,-122.25,37.75
Robert W. Crown SMCA,2002-08-11,17.945707574486732,-122.27751475548094,37.76728112752839,-122.25,37.75
Robert W. Crown SMCA,2002-08-12,18.109042637050152,-122.27751475548094,37.76728112752839,-122.25,37.75
Robert W. Crown SMCA,2002-08-13,18.281167030334473,-122.27751475548094,37.76728112752839,-122.25,37.75
Robert W. Crown SMCA,2002-08-14,18.645191811025143,-122.27751475548094,37.76728112752839,-122.25,37.75
Robert W. Crown SMCA,2002-08-15,18.939634390175343,-122.27751475548094,37.76728112752839,-122.25,37.75
Robert W. Crown SMCA,2002-08-16,19.001159705221653,-122.27751475548094,37.76728112752839,-122.25,37.75
Robert W. Crown SMCA,2002-08-17,18.802667319774628,-122.27751475548094,37.76728112752839,-122.25,37.75
Robert W. Crown SMCA,2002-08-18,18.49211096763611,-122.27751475548094,37.76728112752839,-122.25,37.75
Robert W. Crown SMCA,2002-08-19,18.25919370353222,-122.27751475548094,37.76728112752839,-122.25,37.75
Robert W. Crown SMCA,2002-08-20,18.035798214375973,-122.27751475548094,37.76728112752839,-122.25,37.75
Robert W. Crown SMCA,2002-08-21,17.855616934597492,-122.27751475548094,37.76728112752839,-122.25,37.75
Robert W. Crown SMCA,2002-08-22,17.6139103397727,-122.27751475548094,37.76728112752839,-122.25,37.75
Robert W. Crown SMCA,2002-08-23,17.434461504220963,-122.27751475548094,37.76728112752839,-122.25,37.75
Robert W. Crown SMCA,2002-08-24,17.287972658872604,-122.27751475548094,37.76728112752839,-122.25,37.75
Robert W. Crown SMCA,2002-08-25,17.168584249913692,-122.27751475548094,37.76728112752839,-122.25,37.75
Robert W. Crown SMCA,2002-08-26,17.03674428910017,-122.27751475548094,37.76728112752839,-122.25,37.75
Robert W. Crown SMCA,2002-08-27,16.89318522065878,-122.27751475548094,37.76728112752839,-122.25,37.75
Robert W. Crown SMCA,2002-08-28,16.84484390169382,-122.27751475548094,37.76728112752839,-122.25,37.75
Robert W. Crown SMCA,2002-08-29,17.088747829198837,-122.27751475548094,37.76728112752839,-122.25,37.75
Robert W. Crown SMCA,2002-08-30,17.32239753752947,-122.27751475548094,37.76728112752839,-122.25,37.75
Robert W. Crown SMCA,2002-08-31,17.459364607930183,-122.27751475548094,37.76728112752839,-122.25,37.75
Robert W. Crown SMCA,2002-09-01,17.60585345327854,-122.27751475548094,37.76728112752839,-122.25,37.75
Robert W. Crown SMCA,2002-09-02,17.58534501492977,-122.27751475548094,37.76728112752839,-122.25,37.75
Robert W. Crown SMCA,2002-09-03,17.476210825145245,-122.27751475548094,37.76728112752839,-122.25,37.75
Robert W. Crown SMCA,2002-09-04,17.325327314436436,-122.27751475548094,37.76728112752839,-122.25,37.75
Robert W. Crown SMCA,2002-09-05,17.32239753752947,-122.27751475548094,37.76728112752839,-122.25,37.75
Robert W. Crown SMCA,2002-09-06,17.362681970000267,-122.27751475548094,37.76728112752839,-122.25,37.75
Robert W. Crown SMCA,2002-09-07,17.550920136272907,-122.27751475548094,37.76728112752839,-122.25,37.75
Robert W. Crown SMCA,2002-09-08,17.382457964122295,-122.27751475548094,37.76728112752839,-122.25,37.75
Robert W. Crown SMCA,2002-09-09,17.34730064123869,-122.27751475548094,37.76728112752839,-122.25,37.75
Robert W. Crown SMCA,2002-09-10,17.398571737110615,-122.27751475548094,37.76728112752839,-122.25,37.75
Robert W. Crown SMCA,2002-09-11,17.47474593669176,-122.27751475548094,37.76728112752839,-122.25,37.75
Robert W. Crown SMCA,2002-09-12,17.591204568743706,-122.27751475548094,37.76728112752839,-122.25,37.75
Robert W. Crown SMCA,2002-09-13,17.67543565481901,-122.27751475548094,37.76728112752839,-122.25,37.75
Robert W. Crown SMCA,2002-09-14,17.73989074677229,-122.27751475548094,37.76728112752839,-122.25,37.75
Robert W. Crown SMCA,2002-09-15,17.8592791557312,-122.27751475548094,37.76728112752839,-122.25,37.75
Robert W. Crown SMCA,2002-09-16,18.057771541178226,-122.27751475548094,37.76728112752839,-122.25,37.75
Robert W. Crown SMCA,2002-09-17,17.986724451184273,-122.27751475548094,37.76728112752839,-122.25,37.75
Robert W. Crown SMCA,2002-09-18,17.984527118504047,-122.27751475548094,37.76728112752839,-122.25,37.75
Robert W. Crown SMCA,2002-09-19,17.93618579953909,-122.27751475548094,37.76728112752839,-122.25,37.75
Robert W. Crown SMCA,2002-09-20,18.147129736840725,-122.27751475548094,37.76728112752839,-122.25,37.75
Robert W. Crown SMCA,2002-09-21,18.46867275238037,-122.27751475548094,37.76728112752839,-122.25,37.75
Robert W. Crown SMCA,2002-09-22,18.678151801228523,-122.27751475548094,37.76728112752839,-122.25,37.75
Robert W. Crown SMCA,2002-09-23,18.68913846462965,-122.27751475548094,37.76728112752839,-122.25,37.75
Robert W. Crown SMCA,2002-09-24,18.45988342165947,-122.27751475548094,37.76728112752839,-122.25,37.75
Robert W. Crown SMCA,2002-09-25,18.045319989323616,-122.27751475548094,37.76728112752839,-122.25,37.75
Robert W. Crown SMCA,2002-09-26,17.832911163568497,-122.27751475548094,37.76728112752839,-122.25,37.75
Robert W. Crown SMCA,2002-09-27,17.835840940475464,-122.27751475548094,37.76728112752839,-122.25,37.75
Robert W. Crown SMCA,2002-09-28,17.68642231822014,-122.27751475548094,37.76728112752839,-122.25,37.75
Robert W. Crown SMCA,2002-09-29,17.86733604222536,-122.27751475548094,37.76728112752839,-122.25,37.75
Robert W. Crown SMCA,2002-09-30,17.75673696398735,-122.27751475548094,37.76728112752839,-122.25,37.75
Robert W. Crown SMCA,2002-10-01,16.970091864466667,-122.27751475548094,37.76728112752839,-122.25,37.75
Robert W. Crown SMCA,2002-10-02,16.384868927299976,-122.27751475548094,37.76728112752839,-122.25,37.75
Robert W. Crown SMCA,2002-10-03,16.121921449899673,-122.27751475548094,37.76728112752839,-122.25,37.75
Robert W. Crown SMCA,2002-10-04,16.13730277866125,-122.27751475548094,37.76728112752839,-122.25,37.75
Robert W. Crown SMCA,2002-10-05,16.191503651440144,-122.27751475548094,37.76728112752839,-122.25,37.75
Robert W. Crown SMCA,2002-10-06,16.29624317586422,-122.27751475548094,37.76728112752839,-122.25,37.75
Robert W. Crown SMCA,2002-10-07,16.46397290378809,-122.27751475548094,37.76728112752839,-122.25,37.75
Robert W. Crown SMCA,2002-10-08,16.583361312747,-122.27751475548094,37.76728112752839,-122.25,37.75
Robert W. Crown SMCA,2002-10-09,16.804559469223022,-122.27751475548094,37.76728112752839,-122.25,37.75
Robert W. Crown SMCA,2002-10-10,17.03234962373972,-122.27751475548094,37.76728112752839,-122.25,37.75
Robert W. Crown SMCA,2002-10-11,16.985473193228245,-122.27751475548094,37.76728112752839,-122.25,37.75
Robert W. Crown SMCA,2002-10-12,16.841914124786854,-122.27751475548094,37.76728112752839,-122.25,37.75
Robert W. Crown SMCA,2002-10-13,17.055055394768715,-122.27751475548094,37.76728112752839,-122.25,37.75
Robert W. Crown SMCA,2002-10-14,17.086550496518612,-122.27751475548094,37.76728112752839,-122.25,37.75
Robert W. Crown SMCA,2002-10-15,16.96349986642599,-122.27751475548094,37.76728112752839,-122.25,37.75
Robert W. Crown SMCA,2002-10-16,16.808954134583473,-122.27751475548094,37.76728112752839,-122.25,37.75
Robert W. Crown SMCA,2002-10-17,16.675649285316467,-122.27751475548094,37.76728112752839,-122.25,37.75
Robert W. Crown SMCA,2002-10-18,16.51304666697979,-122.27751475548094,37.76728112752839,-122.25,37.75
Robert W. Crown SMCA,2002-10-19,16.25962096452713,-122.27751475548094,37.76728112752839,-122.25,37.75
Robert W. Crown SMCA,2002-10-20,16.06332591176033,-122.27751475548094,37.76728112752839,-122.25,37.75
Robert W. Crown SMCA,2002-10-21,15.880947299301624,-122.27751475548094,37.76728112752839,-122.25,37.75
Robert W. Crown SMCA,2002-10-22,15.722739346325397,-122.27751475548094,37.76728112752839,-122.25,37.75
Robert W. Crown SMCA,2002-10-23,15.504470966756344,-122.27751475548094,37.76728112752839,-122.25,37.75
Robert W. Crown SMCA,2002-10-24,15.46638386696577,-122.27751475548094,37.76728112752839,-122.25,37.75
Robert W. Crown SMCA,2002-10-25,15.578447833657265,-122.27751475548094,37.76728112752839,-122.25,37.75
Robert W. Crown SMCA,2002-10-26,15.604083381593227,-122.27751475548094,37.76728112752839,-122.25,37.75
Robert W. Crown SMCA,2002-10-27,15.051087990403175,-122.27751475548094,37.76728112752839,-122.25,37.75
Robert W. Crown SMCA,2002-10-28,14.859187602996826,-122.27751475548094,37.76728112752839,-122.25,37.75
Robert W. Crown SMCA,2002-10-29,14.704641871154308,-122.27751475548094,37.76728112752839,-122.25,37.75
Robert W. Crown SMCA,2002-10-30,14.481246381998062,-122.27751475548094,37.76728112752839,-122.25,37.75
Robert W. Crown SMCA,2002-10-31,14.26371044665575,-122.27751475548094,37.76728112752839,-122.25,37.75
Robert W. Crown SMCA,2002-11-01,14.192663356661797,-122.27751475548094,37.76728112752839,-122.25,37.75
Robert W. Crown SMCA,2002-11-02,14.33695486932993,-122.27751475548094,37.76728112752839,-122.25,37.75
Robert W. Crown SMCA,2002-11-03,14.528122812509537,-122.27751475548094,37.76728112752839,-122.25,37.75
Robert W. Crown SMCA,2002-11-04,14.519333481788635,-122.27751475548094,37.76728112752839,-122.25,37.75
Robert W. Crown SMCA,2002-11-05,14.471724607050419,-122.27751475548094,37.76728112752839,-122.25,37.75
Robert W. Crown SMCA,2002-11-06,14.297402881085873,-122.27751475548094,37.76728112752839,-122.25,37.75
Robert W. Crown SMCA,2002-11-07,13.833765685558319,-122.27751475548094,37.76728112752839,-122.25,37.75
Robert W. Crown SMCA,2002-11-08,13.753929264843464,-122.27751475548094,37.76728112752839,-122.25,37.75
Robert W. Crown SMCA,2002-11-09,13.764183484017849,-122.27751475548094,37.76728112752839,-122.25,37.75
Robert W. Crown SMCA,2002-11-10,13.816919468343258,-122.27751475548094,37.76728112752839,-122.25,37.75
Robert W. Crown SMCA,2002-11-11,13.862331010401249,-122.27751475548094,37.76728112752839,-122.25,37.75
Robert W. Crown SMCA,2002-11-12,14.036652736365795,-122.27751475548094,37.76728112752839,-122.25,37.75
Robert W. Crown SMCA,2002-11-13,14.101840272545815,-122.27751475548094,37.76728112752839,-122.25,37.75
Robert W. Crown SMCA,2002-11-14,13.913602106273174,-122.27751475548094,37.76728112752839,-122.25,37.75
Robert W. Crown SMCA,2002-11-15,13.800073251128197,-122.27751475548094,37.76728112752839,-122.25,37.75
Robert W. Crown SMCA,2002-11-16,13.98538164049387,-122.27751475548094,37.76728112752839,-122.25,37.75
Robert W. Crown SMCA,2002-11-17,14.093783386051655,-122.27751475548094,37.76728112752839,-122.25,37.75
Robert W. Crown SMCA,2002-11-18,13.781762145459652,-122.27751475548094,37.76728112752839,-122.25,37.75
Robert W. Crown SMCA,2002-11-19,13.803003028035164,-122.27751475548094,37.76728112752839,-122.25,37.75
Robert W. Crown SMCA,2002-11-20,13.941434986889362,-122.27751475548094,37.76728112752839,-122.25,37.75
Robert W. Crown SMCA,2002-11-21,14.146519370377064,-122.27751475548094,37.76728112752839,-122.25,37.75
Robert W. Crown SMCA,2002-11-22,14.245399340987206,-122.27751475548094,37.76728112752839,-122.25,37.75
Robert W. Crown SMCA,2002-11-23,14.021271407604218,-122.27751475548094,37.76728112752839,-122.25,37.75
Robert W. Crown SMCA,2002-11-24,13.590594202280045,-122.27751475548094,37.76728112752839,-122.25,37.75
Robert W. Crown SMCA,2002-11-25,13.407483145594597,-122.27751475548094,37.76728112752839,-122.25,37.75
Robert W. Crown SMCA,2002-11-26,13.217047646641731,-122.27751475548094,37.76728112752839,-122.25,37.75
Robert W. Crown SMCA,2002-11-27,13.291756957769394,-122.27751475548094,37.76728112752839,-122.25,37.75
Robert W. Crown SMCA,2002-11-28,13.505630671977997,-122.27751475548094,37.76728112752839,-122.25,37.75
Robert W. Crown SMCA,2002-11-29,13.6213568598032,-122.27751475548094,37.76728112752839,-122.25,37.75
Robert W. Crown SMCA,2002-11-30,13.716574609279633,-122.27751475548094,37.76728112752839,-122.25,37.75
Robert W. Crown SMCA,2002-12-01,13.673360399901867,-122.27751475548094,37.76728112752839,-122.25,37.75
Robert W. Crown SMCA,2002-12-02,13.639667965471745,-122.27751475548094,37.76728112752839,-122.25,37.75
Robert W. Crown SMCA,2002-12-03,13.685811951756477,-122.27751475548094,37.76728112752839,-122.25,37.75
Robert W. Crown SMCA,2002-12-04,13.668233290314674,-122.27751475548094,37.76728112752839,-122.25,37.75
Robert W. Crown SMCA,2002-12-05,13.680684842169285,-122.27751475548094,37.76728112752839,-122.25,37.75
Robert W. Crown SMCA,2002-12-06,13.698263503611088,-122.27751475548094,37.76728112752839,-122.25,37.75
Robert W. Crown SMCA,2002-12-07,13.725363940000534,-122.27751475548094,37.76728112752839,-122.25,37.75
Robert W. Crown SMCA,2002-12-08,13.919461660087109,-122.27751475548094,37.76728112752839,-122.25,37.75
Robert W. Crown SMCA,2002-12-09,13.811059914529324,-122.27751475548094,37.76728112752839,-122.25,37.75
Robert W. Crown SMCA,2002-12-10,13.803735472261906,-122.27751475548094,37.76728112752839,-122.25,37.75
Robert W. Crown SMCA,2002-12-11,13.65431685000658,-122.27751475548094,37.76728112752839,-122.25,37.75
Robert W. Crown SMCA,2002-12-12,13.724631495773792,-122.27751475548094,37.76728112752839,-122.25,37.75
Robert W. Crown SMCA,2002-12-13,13.550309769809246,-122.27751475548094,37.76728112752839,-122.25,37.75
Robert W. Crown SMCA,2002-12-14,13.395764037966728,-122.27751475548094,37.76728112752839,-122.25,37.75
Robert W. Crown SMCA,2002-12-15,13.211188092827797,-122.27751475548094,37.76728112752839,-122.25,37.75
Robert W. Crown SMCA,2002-12-16,13.030274368822575,-122.27751475548094,37.76728112752839,-122.25,37.75
Robert W. Crown SMCA,2002-12-17,12.779778443276882,-122.27751475548094,37.76728112752839,-122.25,37.75
Robert W. Crown SMCA,2002-12-18,12.399639889597893,-122.27751475548094,37.76728112752839,-122.25,37.75
Robert W. Crown SMCA,2002-12-19,12.196752838790417,-122.27751475548094,37.76728112752839,-122.25,37.75
Robert W. Crown SMCA,2002-12-20,11.869350269436836,-122.27751475548094,37.76728112752839,-122.25,37.75
Robert W. Crown SMCA,2002-12-21,11.761680968105793,-122.27751475548094,37.76728112752839,-122.25,37.75
Robert W. Crown SMCA,2002-12-22,11.648884557187557,-122.27751475548094,37.76728112752839,-122.25,37.75
Robert W. Crown SMCA,2002-12-23,11.448194839060307,-122.27751475548094,37.76728112752839,-122.25,37.75
Robert W. Crown SMCA,2002-12-24,11.48628193885088,-122.27751475548094,37.76728112752839,-122.25,37.75
Robert W. Crown SMCA,2002-12-25,11.517044596374035,-122.27751475548094,37.76728112752839,-122.25,37.75
Robert W. Crown SMCA,2002-12-26,11.372753083705902,-122.27751475548094,37.76728112752839,-122.25,37.75
Robert W. Crown SMCA,2002-12-27,11.417432181537151,-122.27751475548094,37.76728112752839,-122.25,37.75
Robert W. Crown SMCA,2002-12-28,11.530228592455387,-122.27751475548094,37.76728112752839,-122.25,37.75
Robert W. Crown SMCA,2002-12-29,11.386669524013996,-122.27751475548094,37.76728112752839,-122.25,37.75
Robert W. Crown SMCA,2002-12-30,11.35956908762455,-122.27751475548094,37.76728112752839,-122.25,37.75
Robert W. Crown SMCA,2002-12-31,11.268746003508568,-122.27751475548094,37.76728112752839,-122.25,37.75
Robert W. Crown SMCA,2003-01-01,11.429883733391762,-122.27751475548094,37.76728112752839,-122.25,37.75
Robert W. Crown SMCA,2003-01-02,11.605670347809792,-122.27751475548094,37.76728112752839,-122.25,37.75
Robert W. Crown SMCA,2003-01-03,11.725791200995445,-122.27751475548094,37.76728112752839,-122.25,37.75
Robert W. Crown SMCA,2003-01-04,11.946256913244724,-122.27751475548094,37.76728112752839,-122.25,37.75
Robert W. Crown SMCA,2003-01-05,12.122043527662754,-122.27751475548094,37.76728112752839,-122.25,37.75
Robert W. Crown SMCA,2003-01-06,12.311746582388878,-122.27751475548094,37.76728112752839,-122.25,37.75
Robert W. Crown SMCA,2003-01-07,12.592272721230984,-122.27751475548094,37.76728112752839,-122.25,37.75
Robert W. Crown SMCA,2003-01-08,12.779778443276882,-122.27751475548094,37.76728112752839,-122.25,37.75
Robert W. Crown SMCA,2003-01-09,12.76219978183508,-122.27751475548094,37.76728112752839,-122.25,37.75
Robert W. Crown SMCA,2003-01-10,12.566637173295021,-122.27751475548094,37.76728112752839,-122.25,37.75
Robert W. Crown SMCA,2003-01-11,12.518295854330063,-122.27751475548094,37.76728112752839,-122.25,37.75
Robert W. Crown SMCA,2003-01-12,12.445783875882626,-122.27751475548094,37.76728112752839,-122.25,37.75
Robert W. Crown SMCA,2003-01-13,12.450910985469818,-122.27751475548094,37.76728112752839,-122.25,37.75
Robert W. Crown SMCA,2003-01-14,12.524887852370739,-122.27751475548094,37.76728112752839,-122.25,37.75
Robert W. Crown SMCA,2003-01-15,12.66405225545168,-122.27751475548094,37.76728112752839,-122.25,37.75
Robert W. Crown SMCA,2003-01-16,12.781975775957108,-122.27751475548094,37.76728112752839,-122.25,37.75
Robert W. Crown SMCA,2003-01-17,12.994384601712227,-122.27751475548094,37.76728112752839,-122.25,37.75
Robert W. Crown SMCA,2003-01-18,13.227301865816116,-122.27751475548094,37.76728112752839,-122.25,37.75
Robert W. Crown SMCA,2003-01-19,13.271248519420624,-122.27751475548094,37.76728112752839,-122.25,37.75
Robert W. Crown SMCA,2003-01-20,13.393566705286503,-122.27751475548094,37.76728112752839,-122.25,37.75
Robert W. Crown SMCA,2003-01-21,13.10205390304327,-122.27751475548094,37.76728112752839,-122.25,37.75
Robert W. Crown SMCA,2003-01-22,12.826654873788357,-122.27751475548094,37.76728112752839,-122.25,37.75
Robert W. Crown SMCA,2003-01-23,12.814203321933746,-122.27751475548094,37.76728112752839,-122.25,37.75
Robert W. Crown SMCA,2003-01-24,12.944578394293785,-122.27751475548094,37.76728112752839,-122.25,37.75
Robert W. Crown SMCA,2003-01-25,13.031006813049316,-122.27751475548094,37.76728112752839,-122.25,37.75
Robert W. Crown SMCA,2003-01-26,13.200933873653412,-122.27751475548094,37.76728112752839,-122.25,37.75
Robert W. Crown SMCA,2003-01-27,13.284432515501976,-122.27751475548094,37.76728112752839,-122.25,37.75
Robert W. Crown SMCA,2003-01-28,13.395764037966728,-122.27751475548094,37.76728112752839,-122.25,37.75
Robert W. Crown SMCA,2003-01-29,13.542252883315086,-122.27751475548094,37.76728112752839,-122.25,37.75
Robert W. Crown SMCA,2003-01-30,13.722434163093567,-122.27751475548094,37.76728112752839,-122.25,37.75
Robert W. Crown SMCA,2003-01-31,13.841822572052479,-122.27751475548094,37.76728112752839,-122.25,37.75
Robert W. Crown SMCA,2003-02-01,13.827906131744385,-122.27751475548094,37.76728112752839,-122.25,37.75
Robert W. Crown SMCA,2003-02-02,13.448500022292137,-122.27751475548094,37.76728112752839,-122.25,37.75
Robert W. Crown SMCA,2003-02-03,13.176030769944191,-122.27751475548094,37.76728112752839,-122.25,37.75
Robert W. Crown SMCA,2003-02-04,13.197271652519703,-122.27751475548094,37.76728112752839,-122.25,37.75
Robert W. Crown SMCA,2003-02-05,13.132816560566425,-122.27751475548094,37.76728112752839,-122.25,37.75
Robert W. Crown SMCA,2003-02-06,13.218512535095215,-122.27751475548094,37.76728112752839,-122.25,37.75
Robert W. Crown SMCA,2003-02-07,13.587664425373077,-122.27751475548094,37.76728112752839,-122.25,37.75
Robert W. Crown SMCA,2003-02-08,13.820581689476967,-122.27751475548094,37.76728112752839,-122.25,37.75
Robert W. Crown SMCA,2003-02-09,14.057893618941307,-122.27751475548094,37.76728112752839,-122.25,37.75
Robert W. Crown SMCA,2003-02-10,14.174352250993252,-122.27751475548094,37.76728112752839,-122.25,37.75
Robert W. Crown SMCA,2003-02-11,14.12894070893526,-122.27751475548094,37.76728112752839,-122.25,37.75
Robert W. Crown SMCA,2003-02-12,13.857203900814056,-122.27751475548094,37.76728112752839,-122.25,37.75
Robert W. Crown SMCA,2003-02-13,13.680684842169285,-122.27751475548094,37.76728112752839,-122.25,37.75
Robert W. Crown SMCA,2003-02-14,13.67482528835535,-122.27751475548094,37.76728112752839,-122.25,37.75
Robert W. Crown SMCA,2003-02-15,13.619159527122974,-122.27751475548094,37.76728112752839,-122.25,37.75
Robert W. Crown SMCA,2003-02-16,13.17163610458374,-122.27751475548094,37.76728112752839,-122.25,37.75
Robert W. Crown SMCA,2003-02-17,13.10644856840372,-122.27751475548094,37.76728112752839,-122.25,37.75
Robert W. Crown SMCA,2003-02-18,13.070558801293373,-122.27751475548094,37.76728112752839,-122.25,37.75
Robert W. Crown SMCA,2003-02-19,12.716055795550346,-122.27751475548094,37.76728112752839,-122.25,37.75
Robert W. Crown SMCA,2003-02-20,12.444318987429142,-122.27751475548094,37.76728112752839,-122.25,37.75
Robert W. Crown SMCA,2003-02-21,12.298562586307526,-122.27751475548094,37.76728112752839,-122.25,37.75
Robert W. Crown SMCA,2003-02-22,12.334452353417873,-122.27751475548094,37.76728112752839,-122.25,37.75
Robert W. Crown SMCA,2003-02-23,12.358623012900352,-122.27751475548094,37.76728112752839,-122.25,37.75
Robert W. Crown SMCA,2003-02-24,12.440656766295433,-122.27751475548094,37.76728112752839,-122.25,37.75
Robert W. Crown SMCA,2003-02-25,12.662587366998196,-122.27751475548094,37.76728112752839,-122.25,37.75
Robert W. Crown SMCA,2003-02-26,12.387920781970024,-122.27751475548094,37.76728112752839,-122.25,37.75
Robert W. Crown SMCA,2003-02-27,12.221655942499638,-122.27751475548094,37.76728112752839,-122.25,37.75
Robert W. Crown SMCA,2003-02-28,12.204077281057835,-122.27751475548094,37.76728112752839,-122.25,37.75
Robert W. Crown SMCA,2003-03-01,12.220191054046154,-122.27751475548094,37.76728112752839,-122.25,37.75
Robert W. Crown SMCA,2003-03-02,12.324198134243488,-122.27751475548094,37.76728112752839,-122.25,37.75
Robert W. Crown SMCA,2003-03-03,12.43113499134779,-122.27751475548094,37.76728112752839,-122.25,37.75
Robert W. Crown SMCA,2003-03-04,12.416486106812954,-122.27751475548094,37.76728112752839,-122.25,37.75
Robert W. Crown SMCA,2003-03-05,12.442121654748917,-122.27751475548094,37.76728112752839,-122.25,37.75
Robert W. Crown SMCA,2003-03-06,12.535142071545124,-122.27751475548094,37.76728112752839,-122.25,37.75
Robert W. Crown SMCA,2003-03-07,12.628162488341331,-122.27751475548094,37.76728112752839,-122.25,37.75
Robert W. Crown SMCA,2003-03-08,12.732902012765408,-122.27751475548094,37.76728112752839,-122.25,37.75
Robert W. Crown SMCA,2003-03-09,13.054445028305054,-122.27751475548094,37.76728112752839,-122.25,37.75
Robert W. Crown SMCA,2003-03-10,13.416272476315498,-122.27751475548094,37.76728112752839,-122.25,37.75
Robert W. Crown SMCA,2003-03-11,13.647724851965904,-122.27751475548094,37.76728112752839,-122.25,37.75
Robert W. Crown SMCA,2003-03-12,13.812524802982807,-122.27751475548094,37.76728112752839,-122.25,37.75
Robert W. Crown SMCA,2003-03-13,13.884304337203503,-122.27751475548094,37.76728112752839,-122.25,37.75
Robert W. Crown SMCA,2003-03-14,13.774437703192234,-122.27751475548094,37.76728112752839,-122.25,37.75
Robert W. Crown SMCA,2003-03-15,13.862331010401249,-122.27751475548094,37.76728112752839,-122.25,37.75
Robert W. Crown SMCA,2003-03-16,14.057161174714565,-122.27751475548094,37.76728112752839,-122.25,37.75
Robert W. Crown SMCA,2003-03-17,13.92385632544756,-122.27751475548094,37.76728112752839,-122.25,37.75
Robert W. Crown SMCA,2003-03-18,13.710715055465698,-122.27751475548094,37.76728112752839,-122.25,37.75
Robert W. Crown SMCA,2003-03-19,13.616229750216007,-122.27751475548094,37.76728112752839,-122.25,37.75
Robert W. Crown SMCA,2003-03-20,13.622821748256683,-122.27751475548094,37.76728112752839,-122.25,37.75
Robert W. Crown SMCA,2003-03-21,13.590594202280045,-122.27751475548094,37.76728112752839,-122.25,37.75
Robert W. Crown SMCA,2003-03-22,13.783227033913136,-122.27751475548094,37.76728112752839,-122.25,37.75
Robert W. Crown SMCA,2003-03-23,13.837427906692028,-122.27751475548094,37.76728112752839,-122.25,37.75
Robert W. Crown SMCA,2003-03-24,13.66676840186119,-122.27751475548094,37.76728112752839,-122.25,37.75
Robert W. Crown SMCA,2003-03-25,13.608172863721848,-122.27751475548094,37.76728112752839,-122.25,37.75
Robert W. Crown SMCA,2003-03-26,13.734885714948177,-122.27751475548094,37.76728112752839,-122.25,37.75
Robert W. Crown SMCA,2003-03-27,13.510025337338448,-122.27751475548094,37.76728112752839,-122.25,37.75
Robert W. Crown SMCA,2003-03-28,13.121829897165298,-122.27751475548094,37.76728112752839,-122.25,37.75
Robert W. Crown SMCA,2003-03-29,13.119632564485073,-122.27751475548094,37.76728112752839,-122.25,37.75
Robert W. Crown SMCA,2003-03-30,13.547379992902279,-122.27751475548094,37.76728112752839,-122.25,37.75
Robert W. Crown SMCA,2003-03-31,13.898953221738338,-122.27751475548094,37.76728112752839,-122.25,37.75
Robert W. Crown SMCA,2003-04-01,13.831568352878094,-122.27751475548094,37.76728112752839,-122.25,37.75
Robert W. Crown SMCA,2003-04-02,13.207525871694088,-122.27751475548094,37.76728112752839,-122.25,37.75
Robert W. Crown SMCA,2003-04-03,12.86913663893938,-122.27751475548094,37.76728112752839,-122.25,37.75
Robert W. Crown SMCA,2003-04-04,12.734366901218891,-122.27751475548094,37.76728112752839,-122.25,37.75
Robert W. Crown SMCA,2003-04-05,12.491195417940617,-122.27751475548094,37.76728112752839,-122.25,37.75
Robert W. Crown SMCA,2003-04-06,12.262672819197178,-122.27751475548094,37.76728112752839,-122.25,37.75
Robert W. Crown SMCA,2003-04-07,12.314676359295845,-122.27751475548094,37.76728112752839,-122.25,37.75
Robert W. Crown SMCA,2003-04-08,12.673574030399323,-122.27751475548094,37.76728112752839,-122.25,37.75
Robert W. Crown SMCA,2003-04-09,13.104983679950237,-122.27751475548094,37.76728112752839,-122.25,37.75
Robert W. Crown SMCA,2003-04-10,13.41700492054224,-122.27751475548094,37.76728112752839,-122.25,37.75
Robert W. Crown SMCA,2003-04-11,13.668233290314674,-122.27751475548094,37.76728112752839,-122.25,37.75
Robert W. Crown SMCA,2003-04-12,13.712912388145924,-122.27751475548094,37.76728112752839,-122.25,37.75
Robert W. Crown SMCA,2003-04-13,13.480727568268776,-122.27751475548094,37.76728112752839,-122.25,37.75
Robert W. Crown SMCA,2003-04-14,13.573015540838242,-122.27751475548094,37.76728112752839,-122.25,37.75
Robert W. Crown SMCA,2003-04-15,13.672627955675125,-122.27751475548094,37.76728112752839,-122.25,37.75
Robert W. Crown SMCA,2003-04-16,13.518082223832607,-122.27751475548094,37.76728112752839,-122.25,37.75
Robert W. Crown SMCA,2003-04-17,13.512955114245415,-122.27751475548094,37.76728112752839,-122.25,37.75
Robert W. Crown SMCA,2003-04-18,13.17163610458374,-122.27751475548094,37.76728112752839,-122.25,37.75
Robert W. Crown SMCA,2003-04-19,13.02002014964819,-122.27751475548094,37.76728112752839,-122.25,37.75
Robert W. Crown SMCA,2003-04-20,13.119632564485073,-122.27751475548094,37.76728112752839,-122.25,37.75
Robert W. Crown SMCA,2003-04-21,13.192876987159252,-122.27751475548094,37.76728112752839,-122.25,37.75
Robert W. Crown SMCA,2003-04-22,13.091067239642143,-122.27751475548094,37.76728112752839,-122.25,37.75
Robert W. Crown SMCA,2003-04-23,13.041993476450443,-122.27751475548094,37.76728112752839,-122.25,37.75
Robert W. Crown SMCA,2003-04-24,13.173833437263966,-122.27751475548094,37.76728112752839,-122.25,37.75
Robert W. Crown SMCA,2003-04-25,13.344492942094803,-122.27751475548094,37.76728112752839,-122.25,37.75
Robert W. Crown SMCA,2003-04-26,13.389172039926052,-122.27751475548094,37.76728112752839,-122.25,37.75
Robert W. Crown SMCA,2003-04-27,13.623554192483425,-122.27751475548094,37.76728112752839,-122.25,37.75
Robert W. Crown SMCA,2003-04-28,13.788354143500328,-122.27751475548094,37.76728112752839,-122.25,37.75
Robert W. Crown SMCA,2003-04-29,13.726828828454018,-122.27751475548094,37.76728112752839,-122.25,37.75
Robert W. Crown SMCA,2003-04-30,13.739280380308628,-122.27751475548094,37.76728112752839,-122.25,37.75
Robert W. Crown SMCA,2003-05-01,14.069612726569176,-122.27751475548094,37.76728112752839,-122.25,37.75
Robert W. Crown SMCA,2003-05-02,14.43144017457962,-122.27751475548094,37.76728112752839,-122.25,37.75
Robert W. Crown SMCA,2003-05-03,14.611621454358101,-122.27751475548094,37.76728112752839,-122.25,37.75
Robert W. Crown SMCA,2003-05-04,14.835016943514347,-122.27751475548094,37.76728112752839,-122.25,37.75
Robert W. Crown SMCA,2003-05-05,14.569139689207077,-122.27751475548094,37.76728112752839,-122.25,37.75
Robert W. Crown SMCA,2003-05-06,14.451216168701649,-122.27751475548094,37.76728112752839,-122.25,37.75
Robert W. Crown SMCA,2003-05-07,14.542771697044373,-122.27751475548094,37.76728112752839,-122.25,37.75
Robert W. Crown SMCA,2003-05-08,14.553025916218758,-122.27751475548094,37.76728112752839,-122.25,37.75
Robert W. Crown SMCA,2003-05-09,14.470992162823677,-122.27751475548094,37.76728112752839,-122.25,37.75
Robert W. Crown SMCA,2003-05-10,14.471724607050419,-122.27751475548094,37.76728112752839,-122.25,37.75
Robert W. Crown SMCA,2003-05-11,14.618213452398777,-122.27751475548094,37.76728112752839,-122.25,37.75
Robert W. Crown SMCA,2003-05-12,14.840876497328281,-122.27751475548094,37.76728112752839,-122.25,37.75
Robert W. Crown SMCA,2003-05-13,15.156559959053993,-122.27751475548094,37.76728112752839,-122.25,37.75
Robert W. Crown SMCA,2003-05-14,15.513992741703987,-122.27751475548094,37.76728112752839,-122.25,37.75
Robert W. Crown SMCA,2003-05-15,15.480300307273865,-122.27751475548094,37.76728112752839,-122.25,37.75
Robert W. Crown SMCA,2003-05-16,15.254707485437393,-122.27751475548094,37.76728112752839,-122.25,37.75
Robert W. Crown SMCA,2003-05-17,14.891415148973465,-122.27751475548094,37.76728112752839,-122.25,37.75
Robert W. Crown SMCA,2003-05-18,14.457075722515583,-122.27751475548094,37.76728112752839,-122.25,37.75
Robert W. Crown SMCA,2003-05-19,14.237342454493046,-122.27751475548094,37.76728112752839,-122.25,37.75
Robert W. Crown SMCA,2003-05-20,14.303262434899807,-122.27751475548094,37.76728112752839,-122.25,37.75
Robert W. Crown SMCA,2003-05-21,14.422650843858719,-122.27751475548094,37.76728112752839,-122.25,37.75
Robert W. Crown SMCA,2003-05-22,14.585253462195396,-122.27751475548094,37.76728112752839,-122.25,37.75
Robert W. Crown SMCA,2003-05-23,14.742728970944881,-122.27751475548094,37.76728112752839,-122.25,37.75
Robert W. Crown SMCA,2003-05-24,14.960997350513935,-122.27751475548094,37.76728112752839,-122.25,37.75
Robert W. Crown SMCA,2003-05-25,15.244453266263008,-122.27751475548094,37.76728112752839,-122.25,37.75
Robert W. Crown SMCA,2003-05-26,15.685384690761566,-122.27751475548094,37.76728112752839,-122.25,37.75
Robert W. Crown SMCA,2003-05-27,16.032563254237175,-122.27751475548094,37.76728112752839,-122.25,37.75
Robert W. Crown SMCA,2003-05-28,16.22739341855049,-122.27751475548094,37.76728112752839,-122.25,37.75
Robert W. Crown SMCA,2003-05-29,16.192236095666885,-122.27751475548094,37.76728112752839,-122.25,37.75
Robert W. Crown SMCA,2003-05-30,16.14902188628912,-122.27751475548094,37.76728112752839,-122.25,37.75
Robert W. Crown SMCA,2003-05-31,16.044282361865044,-122.27751475548094,37.76728112752839,-122.25,37.75
Robert W. Crown SMCA,2003-06-01,15.912442401051521,-122.27751475548094,37.76728112752839,-122.25,37.75
Robert W. Crown SMCA,2003-06-02,15.758629113435745,-122.27751475548094,37.76728112752839,-122.25,37.75
Robert W. Crown SMCA,2003-06-03,15.751304671168327,-122.27751475548094,37.76728112752839,-122.25,37.75
Robert W. Crown SMCA,2003-06-04,16.15268410742283,-122.27751475548094,37.76728112752839,-122.25,37.75
Robert W. Crown SMCA,2003-06-05,16.61998352408409,-122.27751475548094,37.76728112752839,-122.25,37.75
Robert W. Crown SMCA,2003-06-06,16.612659081816673,-122.27751475548094,37.76728112752839,-122.25,37.75
Robert W. Crown SMCA,2003-06-07,16.532822661101818,-122.27751475548094,37.76728112752839,-122.25,37.75
Robert W. Crown SMCA,2003-06-08,16.671254619956017,-122.27751475548094,37.76728112752839,-122.25,37.75
Robert W. Crown SMCA,2003-06-09,16.94299142807722,-122.27751475548094,37.76728112752839,-122.25,37.75
Robert W. Crown SMCA,2003-06-10,17.088015384972095,-122.27751475548094,37.76728112752839,-122.25,37.75
Robert W. Crown SMCA,2003-06-11,17.04480117559433,-122.27751475548094,37.76728112752839,-122.25,37.75
Robert W. Crown SMCA,2003-06-12,16.67638172954321,-122.27751475548094,37.76728112752839,-122.25,37.75
Robert W. Crown SMCA,2003-06-13,16.66832484304905,-122.27751475548094,37.76728112752839,-122.25,37.75
Robert W. Crown SMCA,2003-06-14,16.759880371391773,-122.27751475548094,37.76728112752839,-122.25,37.75
Robert W. Crown SMCA,2003-06-15,16.650013737380505,-122.27751475548094,37.76728112752839,-122.25,37.75
Robert W. Crown SMCA,2003-06-16,16.514511555433273,-122.27751475548094,37.76728112752839,-122.25,37.75
Robert W. Crown SMCA,2003-06-17,16.4676351249218,-122.27751475548094,37.76728112752839,-122.25,37.75
Robert W. Crown SMCA,2003-06-18,16.39072848111391,-122.27751475548094,37.76728112752839,-122.25,37.75
Robert W. Crown SMCA,2003-06-19,16.17831965535879,-122.27751475548094,37.76728112752839,-122.25,37.75
Robert W. Crown SMCA,2003-06-20,15.957853943109512,-122.27751475548094,37.76728112752839,-122.25,37.75
Robert W. Crown SMCA,2003-06-21,15.884609520435333,-122.27751475548094,37.76728112752839,-122.25,37.75
Robert W. Crown SMCA,2003-06-22,15.75203711539507,-122.27751475548094,37.76728112752839,-122.25,37.75
Robert W. Crown SMCA,2003-06-23,15.57625050097704,-122.27751475548094,37.76728112752839,-122.25,37.75
Robert W. Crown SMCA,2003-06-24,15.356517232954502,-122.27751475548094,37.76728112752839,-122.25,37.75
Robert W. Crown SMCA,2003-06-25,15.346995458006859,-122.27751475548094,37.76728112752839,-122.25,37.75
Robert W. Crown SMCA,2003-06-26,15.672933138906956,-122.27751475548094,37.76728112752839,-122.25,37.75
Robert W. Crown SMCA,2003-06-27,16.19003876298666,-122.27751475548094,37.76728112752839,-122.25,37.75
Robert W. Crown SMCA,2003-06-28,16.71739860624075,-122.27751475548094,37.76728112752839,-122.25,37.75
Robert W. Crown SMCA,2003-06-29,17.091677606105804,-122.27751475548094,37.76728112752839,-122.25,37.75
Robert W. Crown SMCA,2003-06-30,17.303353987634182,-122.27751475548094,37.76728112752839,-122.25,37.75
Robert W. Crown SMCA,2003-07-01,17.37147130072117,-122.27751475548094,37.76728112752839,-122.25,37.75
Robert W. Crown SMCA,2003-07-02,17.13855403661728,-122.27751475548094,37.76728112752839,-122.25,37.75
Robert W. Crown SMCA,2003-07-03,17.107058934867382,-122.27751475548094,37.76728112752839,-122.25,37.75
Robert W. Crown SMCA,2003-07-04,17.079958498477936,-122.27751475548094,37.76728112752839,-122.25,37.75
Robert W. Crown SMCA,2003-07-05,16.97888119518757,-122.27751475548094,37.76728112752839,-122.25,37.75
Robert W. Crown SMCA,2003-07-06,16.849971011281013,-122.27751475548094,37.76728112752839,-122.25,37.75
Robert W. Crown SMCA,2003-07-07,16.759880371391773,-122.27751475548094,37.76728112752839,-122.25,37.75
Robert W. Crown SMCA,2003-07-08,16.726920381188393,-122.27751475548094,37.76728112752839,-122.25,37.75
Robert W. Crown SMCA,2003-07-09,16.726920381188393,-122.27751475548094,37.76728112752839,-122.25,37.75
Robert W. Crown SMCA,2003-07-10,16.743034154176712,-122.27751475548094,37.76728112752839,-122.25,37.75
Robert W. Crown SMCA,2003-07-11,16.727652825415134,-122.27751475548094,37.76728112752839,-122.25,37.75
Robert W. Crown SMCA,2003-07-12,16.722525715827942,-122.27751475548094,37.76728112752839,-122.25,37.75
Robert W. Crown SMCA,2003-07-13,16.806024357676506,-122.27751475548094,37.76728112752839,-122.25,37.75
Robert W. Crown SMCA,2003-07-14,16.78331858664751,-122.27751475548094,37.76728112752839,-122.25,37.75
Robert W. Crown SMCA,2003-07-15,16.734977267682552,-122.27751475548094,37.76728112752839,-122.25,37.75
Robert W. Crown SMCA,2003-07-16,16.665395066142082,-122.27751475548094,37.76728112752839,-122.25,37.75
Robert W. Crown SMCA,2003-07-17,16.679311506450176,-122.27751475548094,37.76728112752839,-122.25,37.75
Robert W. Crown SMCA,2003-07-18,16.818475909531116,-122.27751475548094,37.76728112752839,-122.25,37.75
Robert W. Crown SMCA,2003-07-19,16.981078527867794,-122.27751475548094,37.76728112752839,-122.25,37.75
Robert W. Crown SMCA,2003-07-20,17.14368114620447,-122.27751475548094,37.76728112752839,-122.25,37.75
Robert W. Crown SMCA,2003-07-21,17.4000366255641,-122.27751475548094,37.76728112752839,-122.25,37.75
Robert W. Crown SMCA,2003-07-22,17.69081698358059,-122.27751475548094,37.76728112752839,-122.25,37.75
Robert W. Crown SMCA,2003-07-23,17.851954713463783,-122.27751475548094,37.76728112752839,-122.25,37.75
Robert W. Crown SMCA,2003-07-24,17.967680901288986,-122.27751475548094,37.76728112752839,-122.25,37.75
Robert W. Crown SMCA,2003-07-25,18.040925323963165,-122.27751475548094,37.76728112752839,-122.25,37.75
Robert W. Crown SMCA,2003-07-26,18.129551075398922,-122.27751475548094,37.76728112752839,-122.25,37.75
Robert W. Crown SMCA,2003-07-27,18.40714743733406,-122.27751475548094,37.76728112752839,-122.25,37.75
Robert W. Crown SMCA,2003-07-28,18.683278910815716,-122.27751475548094,37.76728112752839,-122.25,37.75
Robert W. Crown SMCA,2003-07-29,18.694998018443584,-122.27751475548094,37.76728112752839,-122.25,37.75
Robert W. Crown SMCA,2003-07-30,18.715506456792355,-122.27751475548094,37.76728112752839,-122.25,37.75
Robert W. Crown SMCA,2003-07-31,18.93450728058815,-122.27751475548094,37.76728112752839,-122.25,37.75
Robert W. Crown SMCA,2003-08-01,19.14764855057001,-122.27751475548094,37.76728112752839,-122.25,37.75
Robert W. Crown SMCA,2003-08-02,19.158635213971138,-122.27751475548094,37.76728112752839,-122.25,37.75
Robert W. Crown SMCA,2003-08-03,19.119815669953823,-122.27751475548094,37.76728112752839,-122.25,37.75
Robert W. Crown SMCA,2003-08-04,19.113223671913147,-122.27751475548094,37.76728112752839,-122.25,37.75
Robert W. Crown SMCA,2003-08-05,19.176946319639683,-122.27751475548094,37.76728112752839,-122.25,37.75
Robert W. Crown SMCA,2003-08-06,19.41645558178425,-122.27751475548094,37.76728112752839,-122.25,37.75
Robert W. Crown SMCA,2003-08-07,19.657429732382298,-122.27751475548094,37.76728112752839,-122.25,37.75
Robert W. Crown SMCA,2003-08-08,19.74092837423086,-122.27751475548094,37.76728112752839,-122.25,37.75
Robert W. Crown SMCA,2003-08-09,19.762169256806374,-122.27751475548094,37.76728112752839,-122.25,37.75
Robert W. Crown SMCA,2003-08-10,19.669148840010166,-122.27751475548094,37.76728112752839,-122.25,37.75
Robert W. Crown SMCA,2003-08-11,19.700643941760063,-122.27751475548094,37.76728112752839,-122.25,37.75
Robert W. Crown SMCA,2003-08-12,19.632526628673077,-122.27751475548094,37.76728112752839,-122.25,37.75
Robert W. Crown SMCA,2003-08-13,19.52705466002226,-122.27751475548094,37.76728112752839,-122.25,37.75
Robert W. Crown SMCA,2003-08-14,19.46552934497595,-122.27751475548094,37.76728112752839,-122.25,37.75
Robert W. Crown SMCA,2003-08-15,19.431836910545826,-122.27751475548094,37.76728112752839,-122.25,37.75
Robert W. Crown SMCA,2003-08-16,19.360789820551872,-122.27751475548094,37.76728112752839,-122.25,37.75
Robert W. Crown SMCA,2003-08-17,19.326364941895008,-122.27751475548094,37.76728112752839,-122.25,37.75
Robert W. Crown SMCA,2003-08-18,19.280220955610275,-122.27751475548094,37.76728112752839,-122.25,37.75
Robert W. Crown SMCA,2003-08-19,19.25385296344757,-122.27751475548094,37.76728112752839,-122.25,37.75
Robert W. Crown SMCA,2003-08-20,19.311716057360172,-122.27751475548094,37.76728112752839,-122.25,37.75
Robert W. Crown SMCA,2003-08-21,19.718955047428608,-122.27751475548094,37.76728112752839,-122.25,37.75
Robert W. Crown SMCA,2003-08-22,20.167943358421326,-122.27751475548094,37.76728112752839,-122.25,37.75
Robert W. Crown SMCA,2003-08-23,20.29245887696743,-122.27751475548094,37.76728112752839,-122.25,37.75
Robert W. Crown SMCA,2003-08-24,20.318826869130135,-122.27751475548094,37.76728112752839,-122.25,37.75
Robert W. Crown SMCA,2003-08-25,20.266823329031467,-122.27751475548094,37.76728112752839,-122.25,37.75
Robert W. Crown SMCA,2003-08-26,19.938688315451145,-122.27751475548094,37.76728112752839,-122.25,37.75
Robert W. Crown SMCA,2003-08-27,19.787804804742336,-122.27751475548094,37.76728112752839,-122.25,37.75
Robert W. Crown SMCA,2003-08-28,19.59663686156273,-122.27751475548094,37.76728112752839,-122.25,37.75
Robert W. Crown SMCA,2003-08-29,19.330027163028717,-122.27751475548094,37.76728112752839,-122.25,37.75
Robert W. Crown SMCA,2003-08-30,19.04437391459942,-122.27751475548094,37.76728112752839,-122.25,37.75
Robert W. Crown SMCA,2003-08-31,18.812921538949013,-122.27751475548094,37.76728112752839,-122.25,37.75
Robert W. Crown SMCA,2003-09-01,18.66863002628088,-122.27751475548094,37.76728112752839,-122.25,37.75
Robert W. Crown SMCA,2003-09-02,18.834894865751266,-122.27751475548094,37.76728112752839,-122.25,37.75
Robert W. Crown SMCA,2003-09-03,19.21723075211048,-122.27751475548094,37.76728112752839,-122.25,37.75
Robert W. Crown SMCA,2003-09-04,19.48603778332472,-122.27751475548094,37.76728112752839,-122.25,37.75
Robert W. Crown SMCA,2003-09-05,19.579790644347668,-122.27751475548094,37.76728112752839,-122.25,37.75
Robert W. Crown SMCA,2003-09-06,19.59663686156273,-122.27751475548094,37.76728112752839,-122.25,37.75
Robert W. Crown SMCA,2003-09-07,19.484572894871235,-122.27751475548094,37.76728112752839,-122.25,37.75
Robert W. Crown SMCA,2003-09-08,18.90960417687893,-122.27751475548094,37.76728112752839,-122.25,37.75
Robert W. Crown SMCA,2003-09-09,18.466475419700146,-122.27751475548094,37.76728112752839,-122.25,37.75
Robert W. Crown SMCA,2003-09-10,18.245277263224125,-122.27751475548094,37.76728112752839,-122.25,37.75
Robert W. Crown SMCA,2003-09-11,18.049714654684067,-122.27751475548094,37.76728112752839,-122.25,37.75
Robert W. Crown SMCA,2003-09-12,17.958159126341343,-122.27751475548094,37.76728112752839,-122.25,37.75
Robert W. Crown SMCA,2003-09-13,17.83071383088827,-122.27751475548094,37.76728112752839,-122.25,37.75
Robert W. Crown SMCA,2003-09-14,18.010895110666752,-122.27751475548094,37.76728112752839,-122.25,37.75
Robert W. Crown SMCA,2003-09-15,18.273110143840313,-122.27751475548094,37.76728112752839,-122.25,37.75
Robert W. Crown SMCA,2003-09-16,17.901760920882225,-122.27751475548094,37.76728112752839,-122.25,37.75
Robert W. Crown SMCA,2003-09-17,17.452772609889507,-122.27751475548094,37.76728112752839,-122.25,37.75
Robert W. Crown SMCA,2003-09-18,17.26966155320406,-122.27751475548094,37.76728112752839,-122.25,37.75
Robert W. Crown SMCA,2003-09-19,17.315805539488792,-122.27751475548094,37.76728112752839,-122.25,37.75
Robert W. Crown SMCA,2003-09-20,17.385387741029263,-122.27751475548094,37.76728112752839,-122.25,37.75
Robert W. Crown SMCA,2003-09-21,17.460097052156925,-122.27751475548094,37.76728112752839,-122.25,37.75
Robert W. Crown SMCA,2003-09-22,17.802880950272083,-122.27751475548094,37.76728112752839,-122.25,37.75
Robert W. Crown SMCA,2003-09-23,18.254066593945026,-122.27751475548094,37.76728112752839,-122.25,37.75
Robert W. Crown SMCA,2003-09-24,18.569017611443996,-122.27751475548094,37.76728112752839,-122.25,37.75
Robert W. Crown SMCA,2003-09-25,18.630542926490307,-122.27751475548094,37.76728112752839,-122.25,37.75
Robert W. Crown SMCA,2003-09-26,18.434247873723507,-122.27751475548094,37.76728112752839,-122.25,37.75
Robert W. Crown SMCA,2003-09-27,18.200598165392876,-122.27751475548094,37.76728112752839,-122.25,37.75
Robert W. Crown SMCA,2003-09-28,18.131015963852406,-122.27751475548094,37.76728112752839,-122.25,37.75
Robert W. Crown SMCA,2003-09-29,18.073885314166546,-122.27751475548094,37.76728112752839,-122.25,37.75
Robert W. Crown SMCA,2003-09-30,18.09146397560835,-122.27751475548094,37.76728112752839,-122.25,37.75
Robert W. Crown SMCA,2003-10-01,18.0065004453063,-122.27751475548094,37.76728112752839,-122.25,37.75
Robert W. Crown SMCA,2003-10-02,17.753807187080383,-122.27751475548094,37.76728112752839,-122.25,37.75
Robert W. Crown SMCA,2003-10-03,17.367076635360718,-122.27751475548094,37.76728112752839,-122.25,37.75
Robert W. Crown SMCA,2003-10-04,17.041871398687363,-122.27751475548094,37.76728112752839,-122.25,37.75
Robert W. Crown SMCA,2003-10-05,16.888058111071587,-122.27751475548094,37.76728112752839,-122.25,37.75
Robert W. Crown SMCA,2003-10-06,16.674916841089725,-122.27751475548094,37.76728112752839,-122.25,37.75
Robert W. Crown SMCA,2003-10-07,16.458113349974155,-122.27751475548094,37.76728112752839,-122.25,37.75
Robert W. Crown SMCA,2003-10-08,16.29624317586422,-122.27751475548094,37.76728112752839,-122.25,37.75
Robert W. Crown SMCA,2003-10-09,16.1819818764925,-122.27751475548094,37.76728112752839,-122.25,37.75
Robert W. Crown SMCA,2003-10-10,15.823084205389023,-122.27751475548094,37.76728112752839,-122.25,37.75
Robert W. Crown SMCA,2003-10-11,15.428296767175198,-122.27751475548094,37.76728112752839,-122.25,37.75
Robert W. Crown SMCA,2003-10-12,15.252510152757168,-122.27751475548094,37.76728112752839,-122.25,37.75
Robert W. Crown SMCA,2003-10-13,15.017395555973053,-122.27751475548094,37.76728112752839,-122.25,37.75
Robert W. Crown SMCA,2003-10-14,14.809381395578384,-122.27751475548094,37.76728112752839,-122.25,37.75
Robert W. Crown SMCA,2003-10-15,14.685598321259022,-122.27751475548094,37.76728112752839,-122.25,37.75
Robert W. Crown SMCA,2003-10-16,14.743461415171623,-122.27751475548094,37.76728112752839,-122.25,37.75
Robert W. Crown SMCA,2003-10-17,14.937559135258198,-122.27751475548094,37.76728112752839,-122.25,37.75
Robert W. Crown SMCA,2003-10-18,15.090639978647232,-122.27751475548094,37.76728112752839,-122.25,37.75
Robert W. Crown SMCA,2003-10-19,15.20856349915266,-122.27751475548094,37.76728112752839,-122.25,37.75
Robert W. Crown SMCA,2003-10-20,15.316232800483704,-122.27751475548094,37.76728112752839,-122.25,37.75
Robert W. Crown SMCA,2003-10-21,15.295724362134933,-122.27751475548094,37.76728112752839,-122.25,37.75
Robert W. Crown SMCA,2003-10-22,15.324289686977863,-122.27751475548094,37.76728112752839,-122.25,37.75
Robert W. Crown SMCA,2003-10-23,15.259102150797844,-122.27751475548094,37.76728112752839,-122.25,37.75
Robert W. Crown SMCA,2003-10-24,15.002014227211475,-122.27751475548094,37.76728112752839,-122.25,37.75
Robert W. Crown SMCA,2003-10-25,14.93829157948494,-122.27751475548094,37.76728112752839,-122.25,37.75
Robert W. Crown SMCA,2003-10-26,15.092104867100716,-122.27751475548094,37.76728112752839,-122.25,37.75
Robert W. Crown SMCA,2003-10-27,15.318430133163929,-122.27751475548094,37.76728112752839,-122.25,37.75
Robert W. Crown SMCA,2003-10-28,15.444410540163517,-122.27751475548094,37.76728112752839,-122.25,37.75
Robert W. Crown SMCA,2003-10-29,15.458326980471611,-122.27751475548094,37.76728112752839,-122.25,37.75
Robert W. Crown SMCA,2003-10-30,14.924375139176846,-122.27751475548094,37.76728112752839,-122.25,37.75
Robert W. Crown SMCA,2003-10-31,14.515671260654926,-122.27751475548094,37.76728112752839,-122.25,37.75
Robert W. Crown SMCA,2003-11-01,14.241737119853497,-122.27751475548094,37.76728112752839,-122.25,37.75
Robert W. Crown SMCA,2003-11-02,13.97293008863926,-122.27751475548094,37.76728112752839,-122.25,37.75
Robert W. Crown SMCA,2003-11-03,13.689474172890186,-122.27751475548094,37.76728112752839,-122.25,37.75
Robert W. Crown SMCA,2003-11-04,13.381115153431892,-122.27751475548094,37.76728112752839,-122.25,37.75
Robert W. Crown SMCA,2003-11-05,13.269051186740398,-122.27751475548094,37.76728112752839,-122.25,37.75
Robert W. Crown SMCA,2003-11-06,13.381115153431892,-122.27751475548094,37.76728112752839,-122.25,37.75
Robert W. Crown SMCA,2003-11-07,13.41261025518179,-122.27751475548094,37.76728112752839,-122.25,37.75
Robert W. Crown SMCA,2003-11-08,13.529068887233734,-122.27751475548094,37.76728112752839,-122.25,37.75
Robert W. Crown SMCA,2003-11-09,13.575212873518467,-122.27751475548094,37.76728112752839,-122.25,37.75
Robert W. Crown SMCA,2003-11-10,13.74001282453537,-122.27751475548094,37.76728112752839,-122.25,37.75
Robert W. Crown SMCA,2003-11-11,13.843287460505962,-122.27751475548094,37.76728112752839,-122.25,37.75
Robert W. Crown SMCA,2003-11-12,13.736350603401661,-122.27751475548094,37.76728112752839,-122.25,37.75
Robert W. Crown SMCA,2003-11-13,13.844752348959446,-122.27751475548094,37.76728112752839,-122.25,37.75
Robert W. Crown SMCA,2003-11-14,14.002960301935673,-122.27751475548094,37.76728112752839,-122.25,37.75
Robert W. Crown SMCA,2003-11-15,13.851344347000122,-122.27751475548094,37.76728112752839,-122.25,37.75
Robert W. Crown SMCA,2003-11-16,13.794946141541004,-122.27751475548094,37.76728112752839,-122.25,37.75
Robert W. Crown SMCA,2003-11-17,13.818384356796741,-122.27751475548094,37.76728112752839,-122.25,37.75
Robert W. Crown SMCA,2003-11-18,13.734885714948177,-122.27751475548094,37.76728112752839,-122.25,37.75
Robert W. Crown SMCA,2003-11-19,13.924588769674301,-122.27751475548094,37.76728112752839,-122.25,37.75
Robert W. Crown SMCA,2003-11-20,13.96926786750555,-122.27751475548094,37.76728112752839,-122.25,37.75
Robert W. Crown SMCA,2003-11-21,13.582537315785885,-122.27751475548094,37.76728112752839,-122.25,37.75
Robert W. Crown SMCA,2003-11-22,13.087405018508434,-122.27751475548094,37.76728112752839,-122.25,37.75
Robert W. Crown SMCA,2003-11-23,12.603991828858852,-122.27751475548094,37.76728112752839,-122.25,37.75
Robert W. Crown SMCA,2003-11-24,12.636219374835491,-122.27751475548094,37.76728112752839,-122.25,37.75
Robert W. Crown SMCA,2003-11-25,12.257545709609985,-122.27751475548094,37.76728112752839,-122.25,37.75
Robert W. Crown SMCA,2003-11-26,12.089083537459373,-122.27751475548094,37.76728112752839,-122.25,37.75
Robert W. Crown SMCA,2003-11-27,11.968230240046978,-122.27751475548094,37.76728112752839,-122.25,37.75
Robert W. Crown SMCA,2003-11-28,11.961638242006302,-122.27751475548094,37.76728112752839,-122.25,37.75
Robert W. Crown SMCA,2003-11-29,11.900112926959991,-122.27751475548094,37.76728112752839,-122.25,37.75
Robert W. Crown SMCA,2003-11-30,11.877407155930996,-122.27751475548094,37.76728112752839,-122.25,37.75
Robert W. Crown SMCA,2003-12-01,11.91622669994831,-122.27751475548094,37.76728112752839,-122.25,37.75
Robert W. Crown SMCA,2003-12-02,12.043671995401382,-122.27751475548094,37.76728112752839,-122.25,37.75
Robert W. Crown SMCA,2003-12-03,12.242164380848408,-122.27751475548094,37.76728112752839,-122.25,37.75
Robert W. Crown SMCA,2003-12-04,12.44724876433611,-122.27751475548094,37.76728112752839,-122.25,37.75
Robert W. Crown SMCA,2003-12-05,12.405499443411827,-122.27751475548094,37.76728112752839,-122.25,37.75
Robert W. Crown SMCA,2003-12-06,12.452375873923302,-122.27751475548094,37.76728112752839,-122.25,37.75
Robert W. Crown SMCA,2003-12-07,12.54539629071951,-122.27751475548094,37.76728112752839,-122.25,37.75
Robert W. Crown SMCA,2003-12-08,12.491927862167358,-122.27751475548094,37.76728112752839,-122.25,37.75
Robert W. Crown SMCA,2003-12-09,12.568834505975246,-122.27751475548094,37.76728112752839,-122.25,37.75
Robert W. Crown SMCA,2003-12-10,12.385723449289799,-122.27751475548094,37.76728112752839,-122.25,37.75
Robert W. Crown SMCA,2003-12-11,12.22238838672638,-122.27751475548094,37.76728112752839,-122.25,37.75
Robert W. Crown SMCA,2003-12-12,12.098605312407017,-122.27751475548094,37.76728112752839,-122.25,37.75
Robert W. Crown SMCA,2003-12-13,12.041474662721157,-122.27751475548094,37.76728112752839,-122.25,37.75
Robert W. Crown SMCA,2003-12-14,11.944059580564499,-122.27751475548094,37.76728112752839,-122.25,37.75
Robert W. Crown SMCA,2003-12-15,11.750694304704666,-122.27751475548094,37.76728112752839,-122.25,37.75
Robert W. Crown SMCA,2003-12-16,11.77706229686737,-122.27751475548094,37.76728112752839,-122.25,37.75
Robert W. Crown SMCA,2003-12-17,11.847376942634583,-122.27751475548094,37.76728112752839,-122.25,37.75
Robert W. Crown SMCA,2003-12-18,11.885464042425156,-122.27751475548094,37.76728112752839,-122.25,37.75
Robert W. Crown SMCA,2003-12-19,11.64595478028059,-122.27751475548094,37.76728112752839,-122.25,37.75
Robert W. Crown SMCA,2003-12-20,11.37568286061287,-122.27751475548094,37.76728112752839,-122.25,37.75
Robert W. Crown SMCA,2003-12-21,11.42915128916502,-122.27751475548094,37.76728112752839,-122.25,37.75
Robert W. Crown SMCA,2003-12-22,11.583697021007538,-122.27751475548094,37.76728112752839,-122.25,37.75
Robert W. Crown SMCA,2003-12-23,11.492873936891556,-122.27751475548094,37.76728112752839,-122.25,37.75
Robert W. Crown SMCA,2003-12-24,11.463576167821884,-122.27751475548094,37.76728112752839,-122.25,37.75
Robert W. Crown SMCA,2003-12-25,11.474562831223011,-122.27751475548094,37.76728112752839,-122.25,37.75
Robert W. Crown SMCA,2003-12-26,11.114932715892792,-122.27751475548094,37.76728112752839,-122.25,37.75
Robert W. Crown SMCA,2003-12-27,10.834406577050686,-122.27751475548094,37.76728112752839,-122.25,37.75
Robert W. Crown SMCA,2003-12-28,10.872493676841259,-122.27751475548094,37.76728112752839,-122.25,37.75
Robert W. Crown SMCA,2003-12-29,10.718680389225483,-122.27751475548094,37.76728112752839,-122.25,37.75
Robert W. Crown SMCA,2003-12-30,10.588305316865444,-122.27751475548094,37.76728112752839,-122.25,37.75
Robert W. Crown SMCA,2003-12-31,10.654957741498947,-122.27751475548094,37.76728112752839,-122.25,37.75
Robert W. Crown SMCA,2004-01-01,10.6769310683012,-122.27751475548094,37.76728112752839,-122.25,37.75
Robert W. Crown SMCA,2004-01-02,10.536301776766777,-122.27751475548094,37.76728112752839,-122.25,37.75
Robert W. Crown SMCA,2004-01-03,10.37003693729639,-122.27751475548094,37.76728112752839,-122.25,37.75
Robert W. Crown SMCA,2004-01-04,10.188390769064426,-122.27751475548094,37.76728112752839,-122.25,37.75
Robert W. Crown SMCA,2004-01-05,10.162755221128464,-122.27751475548094,37.76728112752839,-122.25,37.75
Robert W. Crown SMCA,2004-01-06,10.279213853180408,-122.27751475548094,37.76728112752839,-122.25,37.75
Robert W. Crown SMCA,2004-01-07,10.186925880610943,-122.27751475548094,37.76728112752839,-122.25,37.75
Robert W. Crown SMCA,2004-01-08,10.249916084110737,-122.27751475548094,37.76728112752839,-122.25,37.75
Robert W. Crown SMCA,2004-01-09,10.45133824646473,-122.27751475548094,37.76728112752839,-122.25,37.75
Robert W. Crown SMCA,2004-01-10,10.628589749336243,-122.27751475548094,37.76728112752839,-122.25,37.75
Robert W. Crown SMCA,2004-01-11,10.828547023236752,-122.27751475548094,37.76728112752839,-122.25,37.75
Robert W. Crown SMCA,2004-01-12,10.944273211061954,-122.27751475548094,37.76728112752839,-122.25,37.75
Robert W. Crown SMCA,2004-01-13,11.10174871981144,-122.27751475548094,37.76728112752839,-122.25,37.75
Robert W. Crown SMCA,2004-01-14,11.296578884124756,-122.27751475548094,37.76728112752839,-122.25,37.75
Robert W. Crown SMCA,2004-01-15,11.42475662380457,-122.27751475548094,37.76728112752839,-122.25,37.75
Robert W. Crown SMCA,2004-01-16,11.553666807711124,-122.27751475548094,37.76728112752839,-122.25,37.75
Robert W. Crown SMCA,2004-01-17,11.711874760687351,-122.27751475548094,37.76728112752839,-122.25,37.75
Robert W. Crown SMCA,2004-01-18,11.930875584483147,-122.27751475548094,37.76728112752839,-122.25,37.75
Robert W. Crown SMCA,2004-01-19,12.000457786023617,-122.27751475548094,37.76728112752839,-122.25,37.75
Robert W. Crown SMCA,2004-01-20,11.875942267477512,-122.27751475548094,37.76728112752839,-122.25,37.75
Robert W. Crown SMCA,2004-01-21,11.790246292948723,-122.27751475548094,37.76728112752839,-122.25,37.75
Robert W. Crown SMCA,2004-01-22,11.954313799738884,-122.27751475548094,37.76728112752839,-122.25,37.75
Robert W. Crown SMCA,2004-01-23,12.075899541378021,-122.27751475548094,37.76728112752839,-122.25,37.75
Robert W. Crown SMCA,2004-01-24,11.944059580564499,-122.27751475548094,37.76728112752839,-122.25,37.75
Robert W. Crown SMCA,2004-01-25,11.589556574821472,-122.27751475548094,37.76728112752839,-122.25,37.75
Robert W. Crown SMCA,2004-01-26,11.383739747107029,-122.27751475548094,37.76728112752839,-122.25,37.75
Robert W. Crown SMCA,2004-01-27,11.3061006590724,-122.27751475548094,37.76728112752839,-122.25,37.75
Robert W. Crown SMCA,2004-01-28,11.24530778825283,-122.27751475548094,37.76728112752839,-122.25,37.75
Robert W. Crown SMCA,2004-01-29,11.344920203089714,-122.27751475548094,37.76728112752839,-122.25,37.75
Robert W. Crown SMCA,2004-01-30,11.460646390914917,-122.27751475548094,37.76728112752839,-122.25,37.75
Robert W. Crown SMCA,2004-01-31,11.405713073909283,-122.27751475548094,37.76728112752839,-122.25,37.75
Robert W. Crown SMCA,2004-02-01,11.393261522054672,-122.27751475548094,37.76728112752839,-122.25,37.75
Robert W. Crown SMCA,2004-02-02,11.425489068031311,-122.27751475548094,37.76728112752839,-122.25,37.75
Robert W. Crown SMCA,2004-02-03,11.346385091543198,-122.27751475548094,37.76728112752839,-122.25,37.75
Robert W. Crown SMCA,2004-02-04,11.24897000938654,-122.27751475548094,37.76728112752839,-122.25,37.75
Robert W. Crown SMCA,2004-02-05,11.172795809805393,-122.27751475548094,37.76728112752839,-122.25,37.75
Robert W. Crown SMCA,2004-02-06,11.334665983915329,-122.27751475548094,37.76728112752839,-122.25,37.75
Robert W. Crown SMCA,2004-02-07,11.303903326392174,-122.27751475548094,37.76728112752839,-122.25,37.75
Robert W. Crown SMCA,2004-02-08,11.063661620020866,-122.27751475548094,37.76728112752839,-122.25,37.75
Robert W. Crown SMCA,2004-02-09,10.986754976212978,-122.27751475548094,37.76728112752839,-122.25,37.75
Robert W. Crown SMCA,2004-02-10,11.0695211738348,-122.27751475548094,37.76728112752839,-122.25,37.75
Robert W. Crown SMCA,2004-02-11,11.48261971771717,-122.27751475548094,37.76728112752839,-122.25,37.75
Robert W. Crown SMCA,2004-02-12,11.991668455302715,-122.27751475548094,37.76728112752839,-122.25,37.75
Robert W. Crown SMCA,2004-02-13,11.859096050262451,-122.27751475548094,37.76728112752839,-122.25,37.75
Robert W. Crown SMCA,2004-02-14,11.638630338013172,-122.27751475548094,37.76728112752839,-122.25,37.75
Robert W. Crown SMCA,2004-02-15,11.783654294908047,-122.27751475548094,37.76728112752839,-122.25,37.75
Robert W. Crown SMCA,2004-02-16,11.735312975943089,-122.27751475548094,37.76728112752839,-122.25,37.75
Robert W. Crown SMCA,2004-02-17,11.78878140449524,-122.27751475548094,37.76728112752839,-122.25,37.75
Robert W. Crown SMCA,2004-02-18,11.928678251802921,-122.27751475548094,37.76728112752839,-122.25,37.75
Robert W. Crown SMCA,2004-02-19,11.987273789942265,-122.27751475548094,37.76728112752839,-122.25,37.75
Robert W. Crown SMCA,2004-02-20,11.88326670974493,-122.27751475548094,37.76728112752839,-122.25,37.75
Robert W. Crown SMCA,2004-02-21,12.06711021065712,-122.27751475548094,37.76728112752839,-122.25,37.75
Robert W. Crown SMCA,2004-02-22,12.341776795685291,-122.27751475548094,37.76728112752839,-122.25,37.75
Robert W. Crown SMCA,2004-02-23,12.568102061748505,-122.27751475548094,37.76728112752839,-122.25,37.75
Robert W. Crown SMCA,2004-02-24,12.695547357201576,-122.27751475548094,37.76728112752839,-122.25,37.75
Robert W. Crown SMCA,2004-02-25,12.509506523609161,-122.27751475548094,37.76728112752839,-122.25,37.75
Robert W. Crown SMCA,2004-02-26,12.446516320109367,-122.27751475548094,37.76728112752839,-122.25,37.75
Robert W. Crown SMCA,2004-02-27,12.415753662586212,-122.27751475548094,37.76728112752839,-122.25,37.75
Robert W. Crown SMCA,2004-02-28,12.371074564754963,-122.27751475548094,37.76728112752839,-122.25,37.75
Robert W. Crown SMCA,2004-02-29,12.354228347539902,-122.27751475548094,37.76728112752839,-122.25,37.75
Robert W. Crown SMCA,2004-03-01,12.532212294638157,-122.27751475548094,37.76728112752839,-122.25,37.75
Robert W. Crown SMCA,2004-03-02,12.422345660626888,-122.27751475548094,37.76728112752839,-122.25,37.75
Robert W. Crown SMCA,2004-03-03,12.390850558876991,-122.27751475548094,37.76728112752839,-122.25,37.75
Robert W. Crown SMCA,2004-03-04,12.277321703732014,-122.27751475548094,37.76728112752839,-122.25,37.75
Robert W. Crown SMCA,2004-03-05,12.160130627453327,-122.27751475548094,37.76728112752839,-122.25,37.75
Robert W. Crown SMCA,2004-03-06,12.176976844668388,-122.27751475548094,37.76728112752839,-122.25,37.75
Robert W. Crown SMCA,2004-03-07,12.327860355377197,-122.27751475548094,37.76728112752839,-122.25,37.75
Robert W. Crown SMCA,2004-03-08,12.52122563123703,-122.27751475548094,37.76728112752839,-122.25,37.75
Robert W. Crown SMCA,2004-03-09,12.673574030399323,-122.27751475548094,37.76728112752839,-122.25,37.75
Robert W. Crown SMCA,2004-03-10,12.667714476585388,-122.27751475548094,37.76728112752839,-122.25,37.75
Robert W. Crown SMCA,2004-03-11,12.865474417805672,-122.27751475548094,37.76728112752839,-122.25,37.75
Robert W. Crown SMCA,2004-03-12,13.093264572322369,-122.27751475548094,37.76728112752839,-122.25,37.75
Robert W. Crown SMCA,2004-03-13,13.276375629007816,-122.27751475548094,37.76728112752839,-122.25,37.75
Robert W. Crown SMCA,2004-03-14,13.5232093334198,-122.27751475548094,37.76728112752839,-122.25,37.75
Robert W. Crown SMCA,2004-03-15,13.786156810820103,-122.27751475548094,37.76728112752839,-122.25,37.75
Robert W. Crown SMCA,2004-03-16,14.00149541348219,-122.27751475548094,37.76728112752839,-122.25,37.75
Robert W. Crown SMCA,2004-03-17,14.220496237277985,-122.27751475548094,37.76728112752839,-122.25,37.75
Robert W. Crown SMCA,2004-03-18,14.400677517056465,-122.27751475548094,37.76728112752839,-122.25,37.75
Robert W. Crown SMCA,2004-03-19,14.503952153027058,-122.27751475548094,37.76728112752839,-122.25,37.75
Robert W. Crown SMCA,2004-03-20,14.695852540433407,-122.27751475548094,37.76728112752839,-122.25,37.75
Robert W. Crown SMCA,2004-03-21,15.08990753442049,-122.27751475548094,37.76728112752839,-122.25,37.75
Robert W. Crown SMCA,2004-03-22,15.137516409158707,-122.27751475548094,37.76728112752839,-122.25,37.75
Robert W. Crown SMCA,2004-03-23,14.780816070735455,-122.27751475548094,37.76728112752839,-122.25,37.75
Robert W. Crown SMCA,2004-03-24,14.793267622590065,-122.27751475548094,37.76728112752839,-122.25,37.75
Robert W. Crown SMCA,2004-03-25,15.0042115598917,-122.27751475548094,37.76728112752839,-122.25,37.75
Robert W. Crown SMCA,2004-03-26,14.807184062898159,-122.27751475548094,37.76728112752839,-122.25,37.75
Robert W. Crown SMCA,2004-03-27,14.612353898584843,-122.27751475548094,37.76728112752839,-122.25,37.75
Robert W. Crown SMCA,2004-03-28,14.569139689207077,-122.27751475548094,37.76728112752839,-122.25,37.75
Robert W. Crown SMCA,2004-03-29,14.894344925880432,-122.27751475548094,37.76728112752839,-122.25,37.75
Robert W. Crown SMCA,2004-03-30,15.083315536379814,-122.27751475548094,37.76728112752839,-122.25,37.75
Robert W. Crown SMCA,2004-03-31,14.57060457766056,-122.27751475548094,37.76728112752839,-122.25,37.75
Robert W. Crown SMCA,2004-04-01,14.084994055330753,-122.27751475548094,37.76728112752839,-122.25,37.75
Robert W. Crown SMCA,2004-04-02,13.69093906134367,-122.27751475548094,37.76728112752839,-122.25,37.75
Robert W. Crown SMCA,2004-04-03,13.586931981146336,-122.27751475548094,37.76728112752839,-122.25,37.75
Robert W. Crown SMCA,2004-04-04,13.651387073099613,-122.27751475548094,37.76728112752839,-122.25,37.75
Robert W. Crown SMCA,2004-04-05,13.513687558472157,-122.27751475548094,37.76728112752839,-122.25,37.75
Robert W. Crown SMCA,2004-04-06,13.288827180862427,-122.27751475548094,37.76728112752839,-122.25,37.75
Robert W. Crown SMCA,2004-04-07,13.121829897165298,-122.27751475548094,37.76728112752839,-122.25,37.75
Robert W. Crown SMCA,2004-04-08,13.08594013005495,-122.27751475548094,37.76728112752839,-122.25,37.75
Robert W. Crown SMCA,2004-04-09,13.050782807171345,-122.27751475548094,37.76728112752839,-122.25,37.75
Robert W. Crown SMCA,2004-04-10,13.13867611438036,-122.27751475548094,37.76728112752839,-122.25,37.75
Robert W. Crown SMCA,2004-04-11,13.536393329501152,-122.27751475548094,37.76728112752839,-122.25,37.75
Robert W. Crown SMCA,2004-04-12,13.832300797104836,-122.27751475548094,37.76728112752839,-122.25,37.75
Robert W. Crown SMCA,2004-04-13,13.761253707110882,-122.27751475548094,37.76728112752839,-122.25,37.75
Robert W. Crown SMCA,2004-04-14,13.840357683598995,-122.27751475548094,37.76728112752839,-122.25,37.75
Robert W. Crown SMCA,2004-04-15,13.90774255245924,-122.27751475548094,37.76728112752839,-122.25,37.75
Robert W. Crown SMCA,2004-04-16,14.074007391929626,-122.27751475548094,37.76728112752839,-122.25,37.75
Robert W. Crown SMCA,2004-04-17,14.260780669748783,-122.27751475548094,37.76728112752839,-122.25,37.75
Robert W. Crown SMCA,2004-04-18,14.139194928109646,-122.27751475548094,37.76728112752839,-122.25,37.75
Robert W. Crown SMCA,2004-04-19,14.027863405644894,-122.27751475548094,37.76728112752839,-122.25,37.75
Robert W. Crown SMCA,2004-04-20,13.800073251128197,-122.27751475548094,37.76728112752839,-122.25,37.75
Robert W. Crown SMCA,2004-04-21,13.836695462465286,-122.27751475548094,37.76728112752839,-122.25,37.75
Robert W. Crown SMCA,2004-04-22,13.70705283433199,-122.27751475548094,37.76728112752839,-122.25,37.75
Robert W. Crown SMCA,2004-04-23,13.844752348959446,-122.27751475548094,37.76728112752839,-122.25,37.75
Robert W. Crown SMCA,2004-04-24,14.039582513272762,-122.27751475548094,37.76728112752839,-122.25,37.75
Robert W. Crown SMCA,2004-04-25,14.323038429021835,-122.27751475548094,37.76728112752839,-122.25,37.75
Robert W. Crown SMCA,2004-04-26,14.86870937794447,-122.27751475548094,37.76728112752839,-122.25,37.75
Robert W. Crown SMCA,2004-04-27,15.429761655628681,-122.27751475548094,37.76728112752839,-122.25,37.75
Robert W. Crown SMCA,2004-04-28,15.488357193768024,-122.27751475548094,37.76728112752839,-122.25,37.75
Robert W. Crown SMCA,2004-04-29,15.442213207483292,-122.27751475548094,37.76728112752839,-122.25,37.75
Robert W. Crown SMCA,2004-04-30,15.814294874668121,-122.27751475548094,37.76728112752839,-122.25,37.75
Robert W. Crown SMCA,2004-05-01,16.27207251638174,-122.27751475548094,37.76728112752839,-122.25,37.75
Robert W. Crown SMCA,2004-05-02,16.411969363689423,-122.27751475548094,37.76728112752839,-122.25,37.75
Robert W. Crown SMCA,2004-05-03,16.25522629916668,-122.27751475548094,37.76728112752839,-122.25,37.75
Robert W. Crown SMCA,2004-05-04,16.307229839265347,-122.27751475548094,37.76728112752839,-122.25,37.75
Robert W. Crown SMCA,2004-05-05,16.351908937096596,-122.27751475548094,37.76728112752839,-122.25,37.75
Robert W. Crown SMCA,2004-05-06,16.540879547595978,-122.27751475548094,37.76728112752839,-122.25,37.75
Robert W. Crown SMCA,2004-05-07,16.792107917368412,-122.27751475548094,37.76728112752839,-122.25,37.75
Robert W. Crown SMCA,2004-05-08,16.956907868385315,-122.27751475548094,37.76728112752839,-122.25,37.75
Robert W. Crown SMCA,2004-05-09,16.92614521086216,-122.27751475548094,37.76728112752839,-122.25,37.75
Robert W. Crown SMCA,2004-05-10,16.082369461655617,-122.27751475548094,37.76728112752839,-122.25,37.75
Robert W. Crown SMCA,2004-05-11,15.52351451665163,-122.27751475548094,37.76728112752839,-122.25,37.75
Robert W. Crown SMCA,2004-05-12,15.074526205658913,-122.27751475548094,37.76728112752839,-122.25,37.75
Robert W. Crown SMCA,2004-05-13,14.92584002763033,-122.27751475548094,37.76728112752839,-122.25,37.75
Robert W. Crown SMCA,2004-05-14,14.8482009395957,-122.27751475548094,37.76728112752839,-122.25,37.75
Robert W. Crown SMCA,2004-05-15,14.810846284031868,-122.27751475548094,37.76728112752839,-122.25,37.75
Robert W. Crown SMCA,2004-05-16,14.727347642183304,-122.27751475548094,37.76728112752839,-122.25,37.75
Robert W. Crown SMCA,2004-05-17,14.698782317340374,-122.27751475548094,37.76728112752839,-122.25,37.75
Robert W. Crown SMCA,2004-05-18,14.783745847642422,-122.27751475548094,37.76728112752839,-122.25,37.75
Robert W. Crown SMCA,2004-05-19,14.873836487531662,-122.27751475548094,37.76728112752839,-122.25,37.75
Robert W. Crown SMCA,2004-05-20,14.97930845618248,-122.27751475548094,37.76728112752839,-122.25,37.75
Robert W. Crown SMCA,2004-05-21,15.111880861222744,-122.27751475548094,37.76728112752839,-122.25,37.75
Robert W. Crown SMCA,2004-05-22,15.269356369972229,-122.27751475548094,37.76728112752839,-122.25,37.75
Robert W. Crown SMCA,2004-05-23,15.375560782849789,-122.27751475548094,37.76728112752839,-122.25,37.75
Robert W. Crown SMCA,2004-05-24,15.485427416861057,-122.27751475548094,37.76728112752839,-122.25,37.75
Robert W. Crown SMCA,2004-05-25,15.680990025401115,-122.27751475548094,37.76728112752839,-122.25,37.75
Robert W. Crown SMCA,2004-05-26,16.045014806091785,-122.27751475548094,37.76728112752839,-122.25,37.75
Robert W. Crown SMCA,2004-05-27,16.293313398957253,-122.27751475548094,37.76728112752839,-122.25,37.75
Robert W. Crown SMCA,2004-05-28,16.49693289399147,-122.27751475548094,37.76728112752839,-122.25,37.75
Robert W. Crown SMCA,2004-05-29,16.332132942974567,-122.27751475548094,37.76728112752839,-122.25,37.75
Robert W. Crown SMCA,2004-05-30,16.12924589216709,-122.27751475548094,37.76728112752839,-122.25,37.75
Robert W. Crown SMCA,2004-05-31,16.05893124639988,-122.27751475548094,37.76728112752839,-122.25,37.75
Robert W. Crown SMCA,2004-06-01,15.9856868237257,-122.27751475548094,37.76728112752839,-122.25,37.75
Robert W. Crown SMCA,2004-06-02,15.873622857034206,-122.27751475548094,37.76728112752839,-122.25,37.75
Robert W. Crown SMCA,2004-06-03,15.761558890342712,-122.27751475548094,37.76728112752839,-122.25,37.75
Robert W. Crown SMCA,2004-06-04,15.74837489426136,-122.27751475548094,37.76728112752839,-122.25,37.75
Robert W. Crown SMCA,2004-06-05,15.785729549825191,-122.27751475548094,37.76728112752839,-122.25,37.75
Robert W. Crown SMCA,2004-06-06,15.730063788592815,-122.27751475548094,37.76728112752839,-122.25,37.75
Robert W. Crown SMCA,2004-06-07,15.57625050097704,-122.27751475548094,37.76728112752839,-122.25,37.75
Robert W. Crown SMCA,2004-06-08,15.336741238832474,-122.27751475548094,37.76728112752839,-122.25,37.75
Robert W. Crown SMCA,2004-06-09,15.169743955135345,-122.27751475548094,37.76728112752839,-122.25,37.75
Robert W. Crown SMCA,2004-06-10,15.174138620495796,-122.27751475548094,37.76728112752839,-122.25,37.75
Robert W. Crown SMCA,2004-06-11,15.155827514827251,-122.27751475548094,37.76728112752839,-122.25,37.75
Robert W. Crown SMCA,2004-06-12,15.09796442091465,-122.27751475548094,37.76728112752839,-122.25,37.75
Robert W. Crown SMCA,2004-06-13,15.133854188024998,-122.27751475548094,37.76728112752839,-122.25,37.75
Robert W. Crown SMCA,2004-06-14,15.201971501111984,-122.27751475548094,37.76728112752839,-122.25,37.75
Robert W. Crown SMCA,2004-06-15,15.215155497193336,-122.27751475548094,37.76728112752839,-122.25,37.75
Robert W. Crown SMCA,2004-06-16,15.311105690896511,-122.27751475548094,37.76728112752839,-122.25,37.75
Robert W. Crown SMCA,2004-06-17,15.76888333261013,-122.27751475548094,37.76728112752839,-122.25,37.75
Robert W. Crown SMCA,2004-06-18,16.344584494829178,-122.27751475548094,37.76728112752839,-122.25,37.75
Robert W. Crown SMCA,2004-06-19,16.422223582863808,-122.27751475548094,37.76728112752839,-122.25,37.75
Robert W. Crown SMCA,2004-06-20,16.57383953779936,-122.27751475548094,37.76728112752839,-122.25,37.75
Robert W. Crown SMCA,2004-06-21,16.45518357306719,-122.27751475548094,37.76728112752839,-122.25,37.75
Robert W. Crown SMCA,2004-06-22,16.293313398957253,-122.27751475548094,37.76728112752839,-122.25,37.75
Robert W. Crown SMCA,2004-06-23,16.2889187335968,-122.27751475548094,37.76728112752839,-122.25,37.75
Robert W. Crown SMCA,2004-06-24,16.425153359770775,-122.27751475548094,37.76728112752839,-122.25,37.75
Robert W. Crown SMCA,2004-06-25,16.548936434090137,-122.27751475548094,37.76728112752839,-122.25,37.75
Robert W. Crown SMCA,2004-06-26,16.737174600362778,-122.27751475548094,37.76728112752839,-122.25,37.75
Robert W. Crown SMCA,2004-06-27,16.863155007362366,-122.27751475548094,37.76728112752839,-122.25,37.75
Robert W. Crown SMCA,2004-06-28,16.8778038918972,-122.27751475548094,37.76728112752839,-122.25,37.75
Robert W. Crown SMCA,2004-06-29,17.11511582136154,-122.27751475548094,37.76728112752839,-122.25,37.75
Robert W. Crown SMCA,2004-06-30,17.51503036916256,-122.27751475548094,37.76728112752839,-122.25,37.75
Robert W. Crown SMCA,2004-07-01,17.759666740894318,-122.27751475548094,37.76728112752839,-122.25,37.75
Robert W. Crown SMCA,2004-07-02,17.52821436524391,-122.27751475548094,37.76728112752839,-122.25,37.75
Robert W. Crown SMCA,2004-07-03,17.460097052156925,-122.27751475548094,37.76728112752839,-122.25,37.75
Robert W. Crown SMCA,2004-07-04,17.39197973906994,-122.27751475548094,37.76728112752839,-122.25,37.75
Robert W. Crown SMCA,2004-07-05,17.357554860413074,-122.27751475548094,37.76728112752839,-122.25,37.75
Robert W. Crown SMCA,2004-07-06,17.608050785958767,-122.27751475548094,37.76728112752839,-122.25,37.75
Robert W. Crown SMCA,2004-07-07,17.857081823050976,-122.27751475548094,37.76728112752839,-122.25,37.75
Robert W. Crown SMCA,2004-07-08,17.798486284911633,-122.27751475548094,37.76728112752839,-122.25,37.75
Robert W. Crown SMCA,2004-07-09,17.98159734159708,-122.27751475548094,37.76728112752839,-122.25,37.75
Robert W. Crown SMCA,2004-07-10,18.025543995201588,-122.27751475548094,37.76728112752839,-122.25,37.75
Robert W. Crown SMCA,2004-07-11,17.653462328016758,-122.27751475548094,37.76728112752839,-122.25,37.75
Robert W. Crown SMCA,2004-07-12,17.524552144110203,-122.27751475548094,37.76728112752839,-122.25,37.75
Robert W. Crown SMCA,2004-07-13,17.44178594648838,-122.27751475548094,37.76728112752839,-122.25,37.75
Robert W. Crown SMCA,2004-07-14,17.447645500302315,-122.27751475548094,37.76728112752839,-122.25,37.75
Robert W. Crown SMCA,2004-07-15,17.561906799674034,-122.27751475548094,37.76728112752839,-122.25,37.75
Robert W. Crown SMCA,2004-07-16,17.8592791557312,-122.27751475548094,37.76728112752839,-122.25,37.75
Robert W. Crown SMCA,2004-07-17,18.18155461549759,-122.27751475548094,37.76728112752839,-122.25,37.75
Robert W. Crown SMCA,2004-07-18,18.49284341186285,-122.27751475548094,37.76728112752839,-122.25,37.75
Robert W. Crown SMCA,2004-07-19,18.757255777716637,-122.27751475548094,37.76728112752839,-122.25,37.75
Robert W. Crown SMCA,2004-07-20,18.92571794986725,-122.27751475548094,37.76728112752839,-122.25,37.75
Robert W. Crown SMCA,2004-07-21,18.771904662251472,-122.27751475548094,37.76728112752839,-122.25,37.75
Robert W. Crown SMCA,2004-07-22,18.66936247050762,-122.27751475548094,37.76728112752839,-122.25,37.75
Robert W. Crown SMCA,2004-07-23,18.61149937659502,-122.27751475548094,37.76728112752839,-122.25,37.75
Robert W. Crown SMCA,2004-07-24,18.606372267007828,-122.27751475548094,37.76728112752839,-122.25,37.75
Robert W. Crown SMCA,2004-07-25,18.731620229780674,-122.27751475548094,37.76728112752839,-122.25,37.75
Robert W. Crown SMCA,2004-07-26,18.642262034118176,-122.27751475548094,37.76728112752839,-122.25,37.75
Robert W. Crown SMCA,2004-07-27,18.487716302275658,-122.27751475548094,37.76728112752839,-122.25,37.75
Robert W. Crown SMCA,2004-07-28,18.450361646711826,-122.27751475548094,37.76728112752839,-122.25,37.75
Robert W. Crown SMCA,2004-07-29,18.604174934327602,-122.27751475548094,37.76728112752839,-122.25,37.75
Robert W. Crown SMCA,2004-07-30,18.5865962728858,-122.27751475548094,37.76728112752839,-122.25,37.75
Robert W. Crown SMCA,2004-07-31,18.4884487465024,-122.27751475548094,37.76728112752839,-122.25,37.75
Robert W. Crown SMCA,2004-08-01,18.433515429496765,-122.27751475548094,37.76728112752839,-122.25,37.75
Robert W. Crown SMCA,2004-08-02,18.479659415781498,-122.27751475548094,37.76728112752839,-122.25,37.75
Robert W. Crown SMCA,2004-08-03,18.514816738665104,-122.27751475548094,37.76728112752839,-122.25,37.75
Robert W. Crown SMCA,2004-08-04,18.52580340206623,-122.27751475548094,37.76728112752839,-122.25,37.75
Robert W. Crown SMCA,2004-08-05,18.383709222078323,-122.27751475548094,37.76728112752839,-122.25,37.75
Robert W. Crown SMCA,2004-08-06,18.326578572392464,-122.27751475548094,37.76728112752839,-122.25,37.75
Robert W. Crown SMCA,2004-08-07,18.40275277197361,-122.27751475548094,37.76728112752839,-122.25,37.75
Robert W. Crown SMCA,2004-08-08,18.32071901857853,-122.27751475548094,37.76728112752839,-122.25,37.75
Robert W. Crown SMCA,2004-08-09,18.35807367414236,-122.27751475548094,37.76728112752839,-122.25,37.75
Robert W. Crown SMCA,2004-08-10,18.32511368393898,-122.27751475548094,37.76728112752839,-122.25,37.75
Robert W. Crown SMCA,2004-08-11,18.232093267142773,-122.27751475548094,37.76728112752839,-122.25,37.75
Robert W. Crown SMCA,2004-08-12,18.2430799305439,-122.27751475548094,37.76728112752839,-122.25,37.75
Robert W. Crown SMCA,2004-08-13,18.299478136003017,-122.27751475548094,37.76728112752839,-122.25,37.75
Robert W. Crown SMCA,2004-08-14,18.360271006822586,-122.27751475548094,37.76728112752839,-122.25,37.75
Robert W. Crown SMCA,2004-08-15,18.29654835909605,-122.27751475548094,37.76728112752839,-122.25,37.75
Robert W. Crown SMCA,2004-08-16,18.387371443212032,-122.27751475548094,37.76728112752839,-122.25,37.75
Robert W. Crown SMCA,2004-08-17,18.50163274258375,-122.27751475548094,37.76728112752839,-122.25,37.75
Robert W. Crown SMCA,2004-08-18,18.544114507734776,-122.27751475548094,37.76728112752839,-122.25,37.75
Robert W. Crown SMCA,2004-08-19,18.4972380772233,-122.27751475548094,37.76728112752839,-122.25,37.75
Robert W. Crown SMCA,2004-08-20,18.52946562319994,-122.27751475548094,37.76728112752839,-122.25,37.75
Robert W. Crown SMCA,2004-08-21,18.77117221802473,-122.27751475548094,37.76728112752839,-122.25,37.75
Robert W. Crown SMCA,2004-08-22,18.965269938111305,-122.27751475548094,37.76728112752839,-122.25,37.75
Robert W. Crown SMCA,2004-08-23,18.948423720896244,-122.27751475548094,37.76728112752839,-122.25,37.75
Robert W. Crown SMCA,2004-08-24,18.948423720896244,-122.27751475548094,37.76728112752839,-122.25,37.75
Robert W. Crown SMCA,2004-08-25,18.896420180797577,-122.27751475548094,37.76728112752839,-122.25,37.75
Robert W. Crown SMCA,2004-08-26,18.640797145664692,-122.27751475548094,37.76728112752839,-122.25,37.75
Robert W. Crown SMCA,2004-08-27,18.229895934462547,-122.27751475548094,37.76728112752839,-122.25,37.75
Robert W. Crown SMCA,2004-08-28,18.095126196742058,-122.27751475548094,37.76728112752839,-122.25,37.75
Robert W. Crown SMCA,2004-08-29,18.219641715288162,-122.27751475548094,37.76728112752839,-122.25,37.75
Robert W. Crown SMCA,2004-08-30,18.445966981351376,-122.27751475548094,37.76728112752839,-122.25,37.75
Robert W. Crown SMCA,2004-08-31,18.499435409903526,-122.27751475548094,37.76728112752839,-122.25,37.75
Robert W. Crown SMCA,2004-09-01,18.506759852170944,-122.27751475548094,37.76728112752839,-122.25,37.75
Robert W. Crown SMCA,2004-09-02,18.24381237477064,-122.27751475548094,37.76728112752839,-122.25,37.75
Robert W. Crown SMCA,2004-09-03,17.93618579953909,-122.27751475548094,37.76728112752839,-122.25,37.75
Robert W. Crown SMCA,2004-09-04,17.828516498208046,-122.27751475548094,37.76728112752839,-122.25,37.75
Robert W. Crown SMCA,2004-09-05,17.94497513025999,-122.27751475548094,37.76728112752839,-122.25,37.75
Robert W. Crown SMCA,2004-09-06,18.16104617714882,-122.27751475548094,37.76728112752839,-122.25,37.75
Robert W. Crown SMCA,2004-09-07,18.366863004863262,-122.27751475548094,37.76728112752839,-122.25,37.75
Robert W. Crown SMCA,2004-09-08,18.532395400106907,-122.27751475548094,37.76728112752839,-122.25,37.75
Robert W. Crown SMCA,2004-09-09,18.634205147624016,-122.27751475548094,37.76728112752839,-122.25,37.75
Robert W. Crown SMCA,2004-09-10,18.622486039996147,-122.27751475548094,37.76728112752839,-122.25,37.75
Robert W. Crown SMCA,2004-09-11,18.69280068576336,-122.27751475548094,37.76728112752839,-122.25,37.75
Robert W. Crown SMCA,2004-09-12,18.77117221802473,-122.27751475548094,37.76728112752839,-122.25,37.75
Robert W. Crown SMCA,2004-09-13,18.769707329571247,-122.27751475548094,37.76728112752839,-122.25,37.75
Robert W. Crown SMCA,2004-09-14,18.62321848422289,-122.27751475548094,37.76728112752839,-122.25,37.75
Robert W. Crown SMCA,2004-09-15,18.454756312072277,-122.27751475548094,37.76728112752839,-122.25,37.75
Robert W. Crown SMCA,2004-09-16,18.38590655475855,-122.27751475548094,37.76728112752839,-122.25,37.75
Robert W. Crown SMCA,2004-09-17,18.317789241671562,-122.27751475548094,37.76728112752839,-122.25,37.75
Robert W. Crown SMCA,2004-09-18,18.241615042090416,-122.27751475548094,37.76728112752839,-122.25,37.75
Robert W. Crown SMCA,2004-09-19,18.073885314166546,-122.27751475548094,37.76728112752839,-122.25,37.75
Robert W. Crown SMCA,2004-09-20,17.85122226923704,-122.27751475548094,37.76728112752839,-122.25,37.75
Robert W. Crown SMCA,2004-09-21,17.6454054415226,-122.27751475548094,37.76728112752839,-122.25,37.75
Robert W. Crown SMCA,2004-09-22,17.55165258049965,-122.27751475548094,37.76728112752839,-122.25,37.75
Robert W. Crown SMCA,2004-09-23,17.620502337813377,-122.27751475548094,37.76728112752839,-122.25,37.75
Robert W. Crown SMCA,2004-09-24,17.71572008728981,-122.27751475548094,37.76728112752839,-122.25,37.75
Robert W. Crown SMCA,2004-09-25,17.775780513882637,-122.27751475548094,37.76728112752839,-122.25,37.75
Robert W. Crown SMCA,2004-09-26,17.676900543272495,-122.27751475548094,37.76728112752839,-122.25,37.75
Robert W. Crown SMCA,2004-09-27,17.599261455237865,-122.27751475548094,37.76728112752839,-122.25,37.75
Robert W. Crown SMCA,2004-09-28,17.545793026685715,-122.27751475548094,37.76728112752839,-122.25,37.75
Robert W. Crown SMCA,2004-09-29,17.597796566784382,-122.27751475548094,37.76728112752839,-122.25,37.75
Robert W. Crown SMCA,2004-09-30,17.496719263494015,-122.27751475548094,37.76728112752839,-122.25,37.75
Robert W. Crown SMCA,2004-10-01,17.483535267412663,-122.27751475548094,37.76728112752839,-122.25,37.75
Robert W. Crown SMCA,2004-10-02,17.79335917532444,-122.27751475548094,37.76728112752839,-122.25,37.75
Robert W. Crown SMCA,2004-10-03,18.05044709891081,-122.27751475548094,37.76728112752839,-122.25,37.75
Robert W. Crown SMCA,2004-10-04,17.94424268603325,-122.27751475548094,37.76728112752839,-122.25,37.75
Robert W. Crown SMCA,2004-10-05,17.516495257616043,-122.27751475548094,37.76728112752839,-122.25,37.75
Robert W. Crown SMCA,2004-10-06,17.42054506391287,-122.27751475548094,37.76728112752839,-122.25,37.75
Robert W. Crown SMCA,2004-10-07,17.444715723395348,-122.27751475548094,37.76728112752839,-122.25,37.75
Robert W. Crown SMCA,2004-10-08,17.573625907301903,-122.27751475548094,37.76728112752839,-122.25,37.75
Robert W. Crown SMCA,2004-10-09,17.632221445441246,-122.27751475548094,37.76728112752839,-122.25,37.75
Robert W. Crown SMCA,2004-10-10,17.254280224442482,-122.27751475548094,37.76728112752839,-122.25,37.75
Robert W. Crown SMCA,2004-10-11,16.9583727568388,-122.27751475548094,37.76728112752839,-122.25,37.75
Robert W. Crown SMCA,2004-10-12,16.920285657048225,-122.27751475548094,37.76728112752839,-122.25,37.75
Robert W. Crown SMCA,2004-10-13,17.1055940464139,-122.27751475548094,37.76728112752839,-122.25,37.75
Robert W. Crown SMCA,2004-10-14,17.296761989593506,-122.27751475548094,37.76728112752839,-122.25,37.75
Robert W. Crown SMCA,2004-10-15,17.41688284277916,-122.27751475548094,37.76728112752839,-122.25,37.75
Robert W. Crown SMCA,2004-10-16,17.380993075668812,-122.27751475548094,37.76728112752839,-122.25,37.75
Robert W. Crown SMCA,2004-10-17,17.10998871177435,-122.27751475548094,37.76728112752839,-122.25,37.75
Robert W. Crown SMCA,2004-10-18,16.916623435914516,-122.27751475548094,37.76728112752839,-122.25,37.75
Robert W. Crown SMCA,2004-10-19,16.461775571107864,-122.27751475548094,37.76728112752839,-122.25,37.75
Robert W. Crown SMCA,2004-10-20,15.997405931353569,-122.27751475548094,37.76728112752839,-122.25,37.75
Robert W. Crown SMCA,2004-10-21,16.03109836578369,-122.27751475548094,37.76728112752839,-122.25,37.75
Robert W. Crown SMCA,2004-10-22,15.969573050737381,-122.27751475548094,37.76728112752839,-122.25,37.75
Robert W. Crown SMCA,2004-10-23,15.976165048778057,-122.27751475548094,37.76728112752839,-122.25,37.75
Robert W. Crown SMCA,2004-10-24,15.753502003848553,-122.27751475548094,37.76728112752839,-122.25,37.75
Robert W. Crown SMCA,2004-10-25,15.432691432535648,-122.27751475548094,37.76728112752839,-122.25,37.75
Robert W. Crown SMCA,2004-10-26,15.256904818117619,-122.27751475548094,37.76728112752839,-122.25,37.75
Robert W. Crown SMCA,2004-10-27,15.329416796565056,-122.27751475548094,37.76728112752839,-122.25,37.75
Robert W. Crown SMCA,2004-10-28,15.297189250588417,-122.27751475548094,37.76728112752839,-122.25,37.75
Robert W. Crown SMCA,2004-10-29,15.153630182147026,-122.27751475548094,37.76728112752839,-122.25,37.75
Robert W. Crown SMCA,2004-10-30,15.296456806361675,-122.27751475548094,37.76728112752839,-122.25,37.75
Robert W. Crown SMCA,2004-10-31,14.892147593200207,-122.27751475548094,37.76728112752839,-122.25,37.75
Robert W. Crown SMCA,2004-11-01,14.627002783119678,-122.27751475548094,37.76728112752839,-122.25,37.75
Robert W. Crown SMCA,2004-11-02,14.707571648061275,-122.27751475548094,37.76728112752839,-122.25,37.75
Robert W. Crown SMCA,2004-11-03,14.692190319299698,-122.27751475548094,37.76728112752839,-122.25,37.75
Robert W. Crown SMCA,2004-11-04,14.18167669326067,-122.27751475548094,37.76728112752839,-122.25,37.75
Robert W. Crown SMCA,2004-11-05,14.121616266667843,-122.27751475548094,37.76728112752839,-122.25,37.75
Robert W. Crown SMCA,2004-11-06,14.27982421964407,-122.27751475548094,37.76728112752839,-122.25,37.75
Robert W. Crown SMCA,2004-11-07,14.41093173623085,-122.27751475548094,37.76728112752839,-122.25,37.75
Robert W. Crown SMCA,2004-11-08,14.454145945608616,-122.27751475548094,37.76728112752839,-122.25,37.75
Robert W. Crown SMCA,2004-11-09,14.429975286126137,-122.27751475548094,37.76728112752839,-122.25,37.75
Robert W. Crown SMCA,2004-11-10,14.273964665830135,-122.27751475548094,37.76728112752839,-122.25,37.75
Robert W. Crown SMCA,2004-11-11,14.325968205928802,-122.27751475548094,37.76728112752839,-122.25,37.75
Robert W. Crown SMCA,2004-11-12,14.465865053236485,-122.27751475548094,37.76728112752839,-122.25,37.75
Robert W. Crown SMCA,2004-11-13,14.425580620765686,-122.27751475548094,37.76728112752839,-122.25,37.75
Robert W. Crown SMCA,2004-11-14,14.370647303760052,-122.27751475548094,37.76728112752839,-122.25,37.75
Robert W. Crown SMCA,2004-11-15,14.54203925281763,-122.27751475548094,37.76728112752839,-122.25,37.75
Robert W. Crown SMCA,2004-11-16,14.7500534132123,-122.27751475548094,37.76728112752839,-122.25,37.75
Robert W. Crown SMCA,2004-11-17,14.8569902703166,-122.27751475548094,37.76728112752839,-122.25,37.75
Robert W. Crown SMCA,2004-11-18,14.971984013915062,-122.27751475548094,37.76728112752839,-122.25,37.75
Robert W. Crown SMCA,2004-11-19,14.562547691166401,-122.27751475548094,37.76728112752839,-122.25,37.75
Robert W. Crown SMCA,2004-11-20,14.1611682549119,-122.27751475548094,37.76728112752839,-122.25,37.75
Robert W. Crown SMCA,2004-11-21,13.84621723741293,-122.27751475548094,37.76728112752839,-122.25,37.75
Robert W. Crown SMCA,2004-11-22,13.550309769809246,-122.27751475548094,37.76728112752839,-122.25,37.75
Robert W. Crown SMCA,2004-11-23,13.4741355702281,-122.27751475548094,37.76728112752839,-122.25,37.75
Robert W. Crown SMCA,2004-11-24,13.435316026210785,-122.27751475548094,37.76728112752839,-122.25,37.75
Robert W. Crown SMCA,2004-11-25,13.490981787443161,-122.27751475548094,37.76728112752839,-122.25,37.75
Robert W. Crown SMCA,2004-11-26,13.477797791361809,-122.27751475548094,37.76728112752839,-122.25,37.75
Robert W. Crown SMCA,2004-11-27,13.48658712208271,-122.27751475548094,37.76728112752839,-122.25,37.75
Robert W. Crown SMCA,2004-11-28,13.034669034183025,-122.27751475548094,37.76728112752839,-122.25,37.75
Robert W. Crown SMCA,2004-11-29,12.519760742783546,-122.27751475548094,37.76728112752839,-122.25,37.75
Robert W. Crown SMCA,2004-11-30,12.527085185050964,-122.27751475548094,37.76728112752839,-122.25,37.75
Robert W. Crown SMCA,2004-12-01,12.382793672382832,-122.27751475548094,37.76728112752839,-122.25,37.75
Robert W. Crown SMCA,2004-12-02,12.053926214575768,-122.27751475548094,37.76728112752839,-122.25,37.75
Robert W. Crown SMCA,2004-12-03,11.961638242006302,-122.27751475548094,37.76728112752839,-122.25,37.75
Robert W. Crown SMCA,2004-12-04,12.10373242199421,-122.27751475548094,37.76728112752839,-122.25,37.75
Robert W. Crown SMCA,2004-12-05,12.176976844668388,-122.27751475548094,37.76728112752839,-122.25,37.75
Robert W. Crown SMCA,2004-12-06,12.219458609819412,-122.27751475548094,37.76728112752839,-122.25,37.75
Robert W. Crown SMCA,2004-12-07,12.033417776226997,-122.27751475548094,37.76728112752839,-122.25,37.75
Robert W. Crown SMCA,2004-12-08,12.086153760552406,-122.27751475548094,37.76728112752839,-122.25,37.75
Robert W. Crown SMCA,2004-12-09,12.174047067761421,-122.27751475548094,37.76728112752839,-122.25,37.75
Robert W. Crown SMCA,2004-12-10,12.228247940540314,-122.27751475548094,37.76728112752839,-122.25,37.75
Robert W. Crown SMCA,2004-12-11,12.292703032493591,-122.27751475548094,37.76728112752839,-122.25,37.75
Robert W. Crown SMCA,2004-12-12,12.310281693935394,-122.27751475548094,37.76728112752839,-122.25,37.75
Robert W. Crown SMCA,2004-12-13,12.27585681527853,-122.27751475548094,37.76728112752839,-122.25,37.75
Robert W. Crown SMCA,2004-12-14,12.330057688057423,-122.27751475548094,37.76728112752839,-122.25,37.75
Robert W. Crown SMCA,2004-12-15,12.39011811465025,-122.27751475548094,37.76728112752839,-122.25,37.75
Robert W. Crown SMCA,2004-12-16,12.538071848452091,-122.27751475548094,37.76728112752839,-122.25,37.75
Robert W. Crown SMCA,2004-12-17,12.715323351323605,-122.27751475548094,37.76728112752839,-122.25,37.75
Robert W. Crown SMCA,2004-12-18,12.89330729842186,-122.27751475548094,37.76728112752839,-122.25,37.75
Robert W. Crown SMCA,2004-12-19,13.078615687787533,-122.27751475548094,37.76728112752839,-122.25,37.75
Robert W. Crown SMCA,2004-12-20,13.014893040060997,-122.27751475548094,37.76728112752839,-122.25,37.75
Robert W. Crown SMCA,2004-12-21,12.612048715353012,-122.27751475548094,37.76728112752839,-122.25,37.75
Robert W. Crown SMCA,2004-12-22,12.535874515771866,-122.27751475548094,37.76728112752839,-122.25,37.75
Robert W. Crown SMCA,2004-12-23,12.497787415981293,-122.27751475548094,37.76728112752839,-122.25,37.75
Robert W. Crown SMCA,2004-12-24,12.617908269166946,-122.27751475548094,37.76728112752839,-122.25,37.75
Robert W. Crown SMCA,2004-12-25,12.90136418491602,-122.27751475548094,37.76728112752839,-122.25,37.75
Robert W. Crown SMCA,2004-12-26,12.84423353523016,-122.27751475548094,37.76728112752839,-122.25,37.75
Robert W. Crown SMCA,2004-12-27,12.626697599887848,-122.27751475548094,37.76728112752839,-122.25,37.75
Robert W. Crown SMCA,2004-12-28,12.636951819062233,-122.27751475548094,37.76728112752839,-122.25,37.75
Robert W. Crown SMCA,2004-12-29,12.751213118433952,-122.27751475548094,37.76728112752839,-122.25,37.75
Robert W. Crown SMCA,2004-12-30,12.46775720268488,-122.27751475548094,37.76728112752839,-122.25,37.75
Robert W. Crown SMCA,2004-12-31,12.299295030534267,-122.27751475548094,37.76728112752839,-122.25,37.75
Robert W. Crown SMCA,2005-01-01,12.22678305208683,-122.27751475548094,37.76728112752839,-122.25,37.75
Robert W. Crown SMCA,2005-01-02,12.215063944458961,-122.27751475548094,37.76728112752839,-122.25,37.75
Robert W. Crown SMCA,2005-01-03,12.313211470842361,-122.27751475548094,37.76728112752839,-122.25,37.75
Robert W. Crown SMCA,2005-01-04,12.503646969795227,-122.27751475548094,37.76728112752839,-122.25,37.75
Robert W. Crown SMCA,2005-01-05,12.5417340695858,-122.27751475548094,37.76728112752839,-122.25,37.75
Robert W. Crown SMCA,2005-01-06,12.58275094628334,-122.27751475548094,37.76728112752839,-122.25,37.75
Robert W. Crown SMCA,2005-01-07,12.326395466923714,-122.27751475548094,37.76728112752839,-122.25,37.75
Robert W. Crown SMCA,2005-01-08,12.056855991482735,-122.27751475548094,37.76728112752839,-122.25,37.75
Robert W. Crown SMCA,2005-01-09,12.011444449424744,-122.27751475548094,37.76728112752839,-122.25,37.75
Robert W. Crown SMCA,2005-01-10,12.122043527662754,-122.27751475548094,37.76728112752839,-122.25,37.75
Robert W. Crown SMCA,2005-01-11,12.09201331436634,-122.27751475548094,37.76728112752839,-122.25,37.75
Robert W. Crown SMCA,2005-01-12,11.945524469017982,-122.27751475548094,37.76728112752839,-122.25,37.75
Robert W. Crown SMCA,2005-01-13,11.905240036547184,-122.27751475548094,37.76728112752839,-122.25,37.75
Robert W. Crown SMCA,2005-01-14,11.968230240046978,-122.27751475548094,37.76728112752839,-122.25,37.75
Robert W. Crown SMCA,2005-01-15,12.215796388685703,-122.27751475548094,37.76728112752839,-122.25,37.75
Robert W. Crown SMCA,2005-01-16,12.33738213032484,-122.27751475548094,37.76728112752839,-122.25,37.75
Robert W. Crown SMCA,2005-01-17,12.465559870004654,-122.27751475548094,37.76728112752839,-122.25,37.75
Robert W. Crown SMCA,2005-01-18,12.595934942364693,-122.27751475548094,37.76728112752839,-122.25,37.75
Robert W. Crown SMCA,2005-01-19,12.812005989253521,-122.27751475548094,37.76728112752839,-122.25,37.75
Robert W. Crown SMCA,2005-01-20,13.04052858799696,-122.27751475548094,37.76728112752839,-122.25,37.75
Robert W. Crown SMCA,2005-01-21,13.19580676406622,-122.27751475548094,37.76728112752839,-122.25,37.75
Robert W. Crown SMCA,2005-01-22,13.336436055600643,-122.27751475548094,37.76728112752839,-122.25,37.75
Robert W. Crown SMCA,2005-01-23,13.23682364076376,-122.27751475548094,37.76728112752839,-122.25,37.75
Robert W. Crown SMCA,2005-01-24,13.129154339432716,-122.27751475548094,37.76728112752839,-122.25,37.75
Robert W. Crown SMCA,2005-01-25,13.04052858799696,-122.27751475548094,37.76728112752839,-122.25,37.75
Robert W. Crown SMCA,2005-01-26,12.968016609549522,-122.27751475548094,37.76728112752839,-122.25,37.75
Robert W. Crown SMCA,2005-01-27,13.086672574281693,-122.27751475548094,37.76728112752839,-122.25,37.75
Robert W. Crown SMCA,2005-01-28,12.896969519555569,-122.27751475548094,37.76728112752839,-122.25,37.75
Robert W. Crown SMCA,2005-01-29,12.739494010806084,-122.27751475548094,37.76728112752839,-122.25,37.75
Robert W. Crown SMCA,2005-01-30,12.64427626132965,-122.27751475548094,37.76728112752839,-122.25,37.75
Robert W. Crown SMCA,2005-01-31,12.558580286800861,-122.27751475548094,37.76728112752839,-122.25,37.75
Robert W. Crown SMCA,2005-02-01,12.503646969795227,-122.27751475548094,37.76728112752839,-122.25,37.75
Robert W. Crown SMCA,2005-02-02,12.677968695759773,-122.27751475548094,37.76728112752839,-122.25,37.75
Robert W. Crown SMCA,2005-02-03,13.05737480521202,-122.27751475548094,37.76728112752839,-122.25,37.75
Robert W. Crown SMCA,2005-02-04,13.351084940135479,-122.27751475548094,37.76728112752839,-122.25,37.75
Robert W. Crown SMCA,2005-02-05,13.174565881490707,-122.27751475548094,37.76728112752839,-122.25,37.75
Robert W. Crown SMCA,2005-02-06,12.66844692081213,-122.27751475548094,37.76728112752839,-122.25,37.75
Robert W. Crown SMCA,2005-02-07,12.493392750620842,-122.27751475548094,37.76728112752839,-122.25,37.75
Robert W. Crown SMCA,2005-02-08,12.577623836696148,-122.27751475548094,37.76728112752839,-122.25,37.75
Robert W. Crown SMCA,2005-02-09,12.798089548945427,-122.27751475548094,37.76728112752839,-122.25,37.75
Robert W. Crown SMCA,2005-02-10,13.095461905002594,-122.27751475548094,37.76728112752839,-122.25,37.75
Robert W. Crown SMCA,2005-02-11,13.320322282612324,-122.27751475548094,37.76728112752839,-122.25,37.75
Robert W. Crown SMCA,2005-02-12,13.394299149513245,-122.27751475548094,37.76728112752839,-122.25,37.75
Robert W. Crown SMCA,2005-02-13,13.39649648219347,-122.27751475548094,37.76728112752839,-122.25,37.75
Robert W. Crown SMCA,2005-02-14,13.223639644682407,-122.27751475548094,37.76728112752839,-122.25,37.75
Robert W. Crown SMCA,2005-02-15,13.025879703462124,-122.27751475548094,37.76728112752839,-122.25,37.75
Robert W. Crown SMCA,2005-02-16,12.96288949996233,-122.27751475548094,37.76728112752839,-122.25,37.75
Robert W. Crown SMCA,2005-02-17,13.116702787578106,-122.27751475548094,37.76728112752839,-122.25,37.75
Robert W. Crown SMCA,2005-02-18,13.279305405914783,-122.27751475548094,37.76728112752839,-122.25,37.75
Robert W. Crown SMCA,2005-02-19,13.430921360850334,-122.27751475548094,37.76728112752839,-122.25,37.75
Robert W. Crown SMCA,2005-02-20,13.526139110326767,-122.27751475548094,37.76728112752839,-122.25,37.75
Robert W. Crown SMCA,2005-02-21,13.448500022292137,-122.27751475548094,37.76728112752839,-122.25,37.75
Robert W. Crown SMCA,2005-02-22,13.69093906134367,-122.27751475548094,37.76728112752839,-122.25,37.75
Robert W. Crown SMCA,2005-02-23,13.994903415441513,-122.27751475548094,37.76728112752839,-122.25,37.75
Robert W. Crown SMCA,2005-02-24,14.20218513160944,-122.27751475548094,37.76728112752839,-122.25,37.75
Robert W. Crown SMCA,2005-02-25,14.34940642118454,-122.27751475548094,37.76728112752839,-122.25,37.75
Robert W. Crown SMCA,2005-02-26,14.49296548962593,-122.27751475548094,37.76728112752839,-122.25,37.75
Robert W. Crown SMCA,2005-02-27,14.248329117894173,-122.27751475548094,37.76728112752839,-122.25,37.75
Robert W. Crown SMCA,2005-02-28,13.92825099080801,-122.27751475548094,37.76728112752839,-122.25,37.75
Robert W. Crown SMCA,2005-03-01,14.047639399766922,-122.27751475548094,37.76728112752839,-122.25,37.75
Robert W. Crown SMCA,2005-03-02,14.016876742243767,-122.27751475548094,37.76728112752839,-122.25,37.75
Robert W. Crown SMCA,2005-03-03,14.273232221603394,-122.27751475548094,37.76728112752839,-122.25,37.75
Robert W. Crown SMCA,2005-03-04,14.355998419225216,-122.27751475548094,37.76728112752839,-122.25,37.75
Robert W. Crown SMCA,2005-03-05,14.135532706975937,-122.27751475548094,37.76728112752839,-122.25,37.75
Robert W. Crown SMCA,2005-03-06,14.252723783254623,-122.27751475548094,37.76728112752839,-122.25,37.75
Robert W. Crown SMCA,2005-03-07,14.413129068911076,-122.27751475548094,37.76728112752839,-122.25,37.75
Robert W. Crown SMCA,2005-03-08,14.595507681369781,-122.27751475548094,37.76728112752839,-122.25,37.75
Robert W. Crown SMCA,2005-03-09,14.810846284031868,-122.27751475548094,37.76728112752839,-122.25,37.75
Robert W. Crown SMCA,2005-03-10,14.953672908246517,-122.27751475548094,37.76728112752839,-122.25,37.75
Robert W. Crown SMCA,2005-03-11,15.060609765350819,-122.27751475548094,37.76728112752839,-122.25,37.75
Robert W. Crown SMCA,2005-03-12,15.399731442332268,-122.27751475548094,37.76728112752839,-122.25,37.75
Robert W. Crown SMCA,2005-03-13,15.894131295382977,-122.27751475548094,37.76728112752839,-122.25,37.75
Robert W. Crown SMCA,2005-03-14,16.130710780620575,-122.27751475548094,37.76728112752839,-122.25,37.75
Robert W. Crown SMCA,2005-03-15,16.274269849061966,-122.27751475548094,37.76728112752839,-122.25,37.75
Robert W. Crown SMCA,2005-03-16,16.58629108965397,-122.27751475548094,37.76728112752839,-122.25,37.75
Robert W. Crown SMCA,2005-03-17,16.65660573542118,-122.27751475548094,37.76728112752839,-122.25,37.75
Robert W. Crown SMCA,2005-03-18,16.458113349974155,-122.27751475548094,37.76728112752839,-122.25,37.75
Robert W. Crown SMCA,2005-03-19,15.823084205389023,-122.27751475548094,37.76728112752839,-122.25,37.75
Robert W. Crown SMCA,2005-03-20,15.432691432535648,-122.27751475548094,37.76728112752839,-122.25,37.75
Robert W. Crown SMCA,2005-03-21,15.312570579349995,-122.27751475548094,37.76728112752839,-122.25,37.75
Robert W. Crown SMCA,2005-03-22,15.127262189984322,-122.27751475548094,37.76728112752839,-122.25,37.75
Robert W. Crown SMCA,2005-03-23,14.784478291869164,-122.27751475548094,37.76728112752839,-122.25,37.75
Robert W. Crown SMCA,2005-03-24,14.622608117759228,-122.27751475548094,37.76728112752839,-122.25,37.75
Robert W. Crown SMCA,2005-03-25,14.62334056198597,-122.27751475548094,37.76728112752839,-122.25,37.75
Robert W. Crown SMCA,2005-03-26,14.676076546311378,-122.27751475548094,37.76728112752839,-122.25,37.75
Robert W. Crown SMCA,2005-03-27,14.835016943514347,-122.27751475548094,37.76728112752839,-122.25,37.75
Robert W. Crown SMCA,2005-03-28,14.688528098165989,-122.27751475548094,37.76728112752839,-122.25,37.75
Robert W. Crown SMCA,2005-03-29,14.571337021887302,-122.27751475548094,37.76728112752839,-122.25,37.75
Robert W. Crown SMCA,2005-03-30,14.392620630562305,-122.27751475548094,37.76728112752839,-122.25,37.75
Robert W. Crown SMCA,2005-03-31,14.272499777376652,-122.27751475548094,37.76728112752839,-122.25,37.75
Robert W. Crown SMCA,2005-04-01,14.546433918178082,-122.27751475548094,37.76728112752839,-122.25,37.75
Robert W. Crown SMCA,2005-04-02,14.6028321236372,-122.27751475548094,37.76728112752839,-122.25,37.75
Robert W. Crown SMCA,2005-04-03,14.487105935811996,-122.27751475548094,37.76728112752839,-122.25,37.75
Robert W. Crown SMCA,2005-04-04,14.232215344905853,-122.27751475548094,37.76728112752839,-122.25,37.75
Robert W. Crown SMCA,2005-04-05,14.342814423143864,-122.27751475548094,37.76728112752839,-122.25,37.75
Robert W. Crown SMCA,2005-04-06,14.786675624549389,-122.27751475548094,37.76728112752839,-122.25,37.75
Robert W. Crown SMCA,2005-04-07,14.791802734136581,-122.27751475548094,37.76728112752839,-122.25,37.75
Robert W. Crown SMCA,2005-04-08,14.323770873248577,-122.27751475548094,37.76728112752839,-122.25,37.75
Robert W. Crown SMCA,2005-04-09,13.942899875342846,-122.27751475548094,37.76728112752839,-122.25,37.75
Robert W. Crown SMCA,2005-04-10,13.635273300111294,-122.27751475548094,37.76728112752839,-122.25,37.75
Robert W. Crown SMCA,2005-04-11,13.583269760012627,-122.27751475548094,37.76728112752839,-122.25,37.75
Robert W. Crown SMCA,2005-04-12,13.586931981146336,-122.27751475548094,37.76728112752839,-122.25,37.75
Robert W. Crown SMCA,2005-04-13,13.471205793321133,-122.27751475548094,37.76728112752839,-122.25,37.75
Robert W. Crown SMCA,2005-04-14,13.128421895205975,-122.27751475548094,37.76728112752839,-122.25,37.75
Robert W. Crown SMCA,2005-04-15,12.837641537189484,-122.27751475548094,37.76728112752839,-122.25,37.75
Robert W. Crown SMCA,2005-04-16,12.821527764201164,-122.27751475548094,37.76728112752839,-122.25,37.75
Robert W. Crown SMCA,2005-04-17,12.888180188834667,-122.27751475548094,37.76728112752839,-122.25,37.75
Robert W. Crown SMCA,2005-04-18,12.743156231939793,-122.27751475548094,37.76728112752839,-122.25,37.75
Robert W. Crown SMCA,2005-04-19,12.417218551039696,-122.27751475548094,37.76728112752839,-122.25,37.75
Robert W. Crown SMCA,2005-04-20,12.36155278980732,-122.27751475548094,37.76728112752839,-122.25,37.75
Robert W. Crown SMCA,2005-04-21,12.587145611643791,-122.27751475548094,37.76728112752839,-122.25,37.75
Robert W. Crown SMCA,2005-04-22,12.940183728933334,-122.27751475548094,37.76728112752839,-122.25,37.75
Robert W. Crown SMCA,2005-04-23,13.320322282612324,-122.27751475548094,37.76728112752839,-122.25,37.75
Robert W. Crown SMCA,2005-04-24,13.55177465826273,-122.27751475548094,37.76728112752839,-122.25,37.75
Robert W. Crown SMCA,2005-04-25,13.832300797104836,-122.27751475548094,37.76728112752839,-122.25,37.75
Robert W. Crown SMCA,2005-04-26,14.169957585632801,-122.27751475548094,37.76728112752839,-122.25,37.75
Robert W. Crown SMCA,2005-04-27,14.378704190254211,-122.27751475548094,37.76728112752839,-122.25,37.75
Robert W. Crown SMCA,2005-04-28,14.495162822306156,-122.27751475548094,37.76728112752839,-122.25,37.75
Robert W. Crown SMCA,2005-04-29,14.88555559515953,-122.27751475548094,37.76728112752839,-122.25,37.75
Robert W. Crown SMCA,2005-04-30,15.21662038564682,-122.27751475548094,37.76728112752839,-122.25,37.75
Robert W. Crown SMCA,2005-05-01,15.603350937366486,-122.27751475548094,37.76728112752839,-122.25,37.75
Robert W. Crown SMCA,2005-05-02,16.068453021347523,-122.27751475548094,37.76728112752839,-122.25,37.75
Robert W. Crown SMCA,2005-05-03,16.362895600497723,-122.27751475548094,37.76728112752839,-122.25,37.75
Robert W. Crown SMCA,2005-05-04,16.62730796635151,-122.27751475548094,37.76728112752839,-122.25,37.75
Robert W. Crown SMCA,2005-05-05,16.7305826023221,-122.27751475548094,37.76728112752839,-122.25,37.75
Robert W. Crown SMCA,2005-05-06,16.910763882100582,-122.27751475548094,37.76728112752839,-122.25,37.75
Robert W. Crown SMCA,2005-05-07,16.989135414361954,-122.27751475548094,37.76728112752839,-122.25,37.75
Robert W. Crown SMCA,2005-05-08,17.137821592390537,-122.27751475548094,37.76728112752839,-122.25,37.75
Robert W. Crown SMCA,2005-05-09,16.96276742219925,-122.27751475548094,37.76728112752839,-122.25,37.75
Robert W. Crown SMCA,2005-05-10,16.666859954595566,-122.27751475548094,37.76728112752839,-122.25,37.75
Robert W. Crown SMCA,2005-05-11,16.57383953779936,-122.27751475548094,37.76728112752839,-122.25,37.75
Robert W. Crown SMCA,2005-05-12,16.47569201141596,-122.27751475548094,37.76728112752839,-122.25,37.75
Robert W. Crown SMCA,2005-05-13,16.477156899869442,-122.27751475548094,37.76728112752839,-122.25,37.75
Robert W. Crown SMCA,2005-05-14,16.61998352408409,-122.27751475548094,37.76728112752839,-122.25,37.75
Robert W. Crown SMCA,2005-05-15,16.843379013240337,-122.27751475548094,37.76728112752839,-122.25,37.75
Robert W. Crown SMCA,2005-05-16,16.95471053570509,-122.27751475548094,37.76728112752839,-122.25,37.75
Robert W. Crown SMCA,2005-05-17,16.855830565094948,-122.27751475548094,37.76728112752839,-122.25,37.75
Robert W. Crown SMCA,2005-05-18,16.75914792716503,-122.27751475548094,37.76728112752839,-122.25,37.75
Robert W. Crown SMCA,2005-05-19,16.777459032833576,-122.27751475548094,37.76728112752839,-122.25,37.75
Robert W. Crown SMCA,2005-05-20,17.052125617861748,-122.27751475548094,37.76728112752839,-122.25,37.75
Robert W. Crown SMCA,2005-05-21,17.04040651023388,-122.27751475548094,37.76728112752839,-122.25,37.75
Robert W. Crown SMCA,2005-05-22,16.978148750960827,-122.27751475548094,37.76728112752839,-122.25,37.75
Robert W. Crown SMCA,2005-05-23,16.792840361595154,-122.27751475548094,37.76728112752839,-122.25,37.75
Robert W. Crown SMCA,2005-05-24,16.4676351249218,-122.27751475548094,37.76728112752839,-122.25,37.75
Robert W. Crown SMCA,2005-05-25,16.414166696369648,-122.27751475548094,37.76728112752839,-122.25,37.75
Robert W. Crown SMCA,2005-05-26,16.687368392944336,-122.27751475548094,37.76728112752839,-122.25,37.75
Robert W. Crown SMCA,2005-05-27,16.83605457097292,-122.27751475548094,37.76728112752839,-122.25,37.75
Robert W. Crown SMCA,2005-05-28,16.752555929124355,-122.27751475548094,37.76728112752839,-122.25,37.75
Robert W. Crown SMCA,2005-05-29,16.71813105046749,-122.27751475548094,37.76728112752839,-122.25,37.75
Robert W. Crown SMCA,2005-05-30,16.667592398822308,-122.27751475548094,37.76728112752839,-122.25,37.75
Robert W. Crown SMCA,2005-05-31,16.519638665020466,-122.27751475548094,37.76728112752839,-122.25,37.75
Robert W. Crown SMCA,2005-06-01,16.291116066277027,-122.27751475548094,37.76728112752839,-122.25,37.75
Robert W. Crown SMCA,2005-06-02,15.897793516516685,-122.27751475548094,37.76728112752839,-122.25,37.75
Robert W. Crown SMCA,2005-06-03,15.489089637994766,-122.27751475548094,37.76728112752839,-122.25,37.75
Robert W. Crown SMCA,2005-06-04,15.127262189984322,-122.27751475548094,37.76728112752839,-122.25,37.75
Robert W. Crown SMCA,2005-06-05,14.813776060938835,-122.27751475548094,37.76728112752839,-122.25,37.75
Robert W. Crown SMCA,2005-06-06,14.513473927974701,-122.27751475548094,37.76728112752839,-122.25,37.75
Robert W. Crown SMCA,2005-06-07,14.334025092422962,-122.27751475548094,37.76728112752839,-122.25,37.75
Robert W. Crown SMCA,2005-06-08,14.344279311597347,-122.27751475548094,37.76728112752839,-122.25,37.75
Robert W. Crown SMCA,2005-06-09,14.503952153027058,-122.27751475548094,37.76728112752839,-122.25,37.75
Robert W. Crown SMCA,2005-06-10,14.52958770096302,-122.27751475548094,37.76728112752839,-122.25,37.75
Robert W. Crown SMCA,2005-06-11,14.48417615890503,-122.27751475548094,37.76728112752839,-122.25,37.75
Robert W. Crown SMCA,2005-06-12,14.313516654074192,-122.27751475548094,37.76728112752839,-122.25,37.75
Robert W. Crown SMCA,2005-06-13,14.245399340987206,-122.27751475548094,37.76728112752839,-122.25,37.75
Robert W. Crown SMCA,2005-06-14,14.234412677586079,-122.27751475548094,37.76728112752839,-122.25,37.75
Robert W. Crown SMCA,2005-06-15,14.175817139446735,-122.27751475548094,37.76728112752839,-122.25,37.75
Robert W. Crown SMCA,2005-06-16,14.408001959323883,-122.27751475548094,37.76728112752839,-122.25,37.75
Robert W. Crown SMCA,2005-06-17,14.690725430846214,-122.27751475548094,37.76728112752839,-122.25,37.75
Robert W. Crown SMCA,2005-06-18,15.043763548135757,-122.27751475548094,37.76728112752839,-122.25,37.75
Robert W. Crown SMCA,2005-06-19,15.44953764975071,-122.27751475548094,37.76728112752839,-122.25,37.75
Robert W. Crown SMCA,2005-06-20,15.841395311057568,-122.27751475548094,37.76728112752839,-122.25,37.75
Robert W. Crown SMCA,2005-06-21,16.12118900567293,-122.27751475548094,37.76728112752839,-122.25,37.75
Robert W. Crown SMCA,2005-06-22,16.370952486991882,-122.27751475548094,37.76728112752839,-122.25,37.75
Robert W. Crown SMCA,2005-06-23,16.25522629916668,-122.27751475548094,37.76728112752839,-122.25,37.75
Robert W. Crown SMCA,2005-06-24,16.40610980987549,-122.27751475548094,37.76728112752839,-122.25,37.75
Robert W. Crown SMCA,2005-06-25,16.588488422334194,-122.27751475548094,37.76728112752839,-122.25,37.75
Robert W. Crown SMCA,2005-06-26,16.6727195084095,-122.27751475548094,37.76728112752839,-122.25,37.75
Robert W. Crown SMCA,2005-06-27,16.737174600362778,-122.27751475548094,37.76728112752839,-122.25,37.75
Robert W. Crown SMCA,2005-06-28,16.843379013240337,-122.27751475548094,37.76728112752839,-122.25,37.75
Robert W. Crown SMCA,2005-06-29,16.93053987622261,-122.27751475548094,37.76728112752839,-122.25,37.75
Robert W. Crown SMCA,2005-06-30,17.099734492599964,-122.27751475548094,37.76728112752839,-122.25,37.75
Robert W. Crown SMCA,2005-07-01,17.324594870209694,-122.27751475548094,37.76728112752839,-122.25,37.75
Robert W. Crown SMCA,2005-07-02,17.41248817741871,-122.27751475548094,37.76728112752839,-122.25,37.75
Robert W. Crown SMCA,2005-07-03,17.423474840819836,-122.27751475548094,37.76728112752839,-122.25,37.75
Robert W. Crown SMCA,2005-07-04,17.45423749834299,-122.27751475548094,37.76728112752839,-122.25,37.75
Robert W. Crown SMCA,2005-07-05,17.477675713598728,-122.27751475548094,37.76728112752839,-122.25,37.75
Robert W. Crown SMCA,2005-07-06,17.57216101884842,-122.27751475548094,37.76728112752839,-122.25,37.75
Robert W. Crown SMCA,2005-07-07,17.606585897505283,-122.27751475548094,37.76728112752839,-122.25,37.75
Robert W. Crown SMCA,2005-07-08,17.684224985539913,-122.27751475548094,37.76728112752839,-122.25,37.75
Robert W. Crown SMCA,2005-07-09,17.87905514985323,-122.27751475548094,37.76728112752839,-122.25,37.75
Robert W. Crown SMCA,2005-07-10,18.159581288695335,-122.27751475548094,37.76728112752839,-122.25,37.75
Robert W. Crown SMCA,2005-07-11,18.44376964867115,-122.27751475548094,37.76728112752839,-122.25,37.75
Robert W. Crown SMCA,2005-07-12,18.494308300316334,-122.27751475548094,37.76728112752839,-122.25,37.75
Robert W. Crown SMCA,2005-07-13,18.522873625159264,-122.27751475548094,37.76728112752839,-122.25,37.75
Robert W. Crown SMCA,2005-07-14,18.51335185021162,-122.27751475548094,37.76728112752839,-122.25,37.75
Robert W. Crown SMCA,2005-07-15,18.555833615362644,-122.27751475548094,37.76728112752839,-122.25,37.75
Robert W. Crown SMCA,2005-07-16,18.567552722990513,-122.27751475548094,37.76728112752839,-122.25,37.75
Robert W. Crown SMCA,2005-07-17,18.601977601647377,-122.27751475548094,37.76728112752839,-122.25,37.75
Robert W. Crown SMCA,2005-07-18,18.703054904937744,-122.27751475548094,37.76728112752839,-122.25,37.75
Robert W. Crown SMCA,2005-07-19,18.768242441117764,-122.27751475548094,37.76728112752839,-122.25,37.75
Robert W. Crown SMCA,2005-07-20,18.792413100600243,-122.27751475548094,37.76728112752839,-122.25,37.75
Robert W. Crown SMCA,2005-07-21,19.104434341192245,-122.27751475548094,37.76728112752839,-122.25,37.75
Robert W. Crown SMCA,2005-07-22,19.451612904667854,-122.27751475548094,37.76728112752839,-122.25,37.75
Robert W. Crown SMCA,2005-07-23,19.234809413552284,-122.27751475548094,37.76728112752839,-122.25,37.75
Robert W. Crown SMCA,2005-07-24,19.108829006552696,-122.27751475548094,37.76728112752839,-122.25,37.75
Robert W. Crown SMCA,2005-07-25,19.018738366663456,-122.27751475548094,37.76728112752839,-122.25,37.75
Robert W. Crown SMCA,2005-07-26,18.863460190594196,-122.27751475548094,37.76728112752839,-122.25,37.75
Robert W. Crown SMCA,2005-07-27,18.88543351739645,-122.27751475548094,37.76728112752839,-122.25,37.75
Robert W. Crown SMCA,2005-07-28,19.060487687587738,-122.27751475548094,37.76728112752839,-122.25,37.75
Robert W. Crown SMCA,2005-07-29,19.23773919045925,-122.27751475548094,37.76728112752839,-122.25,37.75
Robert W. Crown SMCA,2005-07-30,19.33075960725546,-122.27751475548094,37.76728112752839,-122.25,37.75
Robert W. Crown SMCA,2005-07-31,19.262642294168472,-122.27751475548094,37.76728112752839,-122.25,37.75
Robert W. Crown SMCA,2005-08-01,18.789483323693275,-122.27751475548094,37.76728112752839,-122.25,37.75
Robert W. Crown SMCA,2005-08-02,18.44303720444441,-122.27751475548094,37.76728112752839,-122.25,37.75
Robert W. Crown SMCA,2005-08-03,18.246009707450867,-122.27751475548094,37.76728112752839,-122.25,37.75
Robert W. Crown SMCA,2005-08-04,18.34562212228775,-122.27751475548094,37.76728112752839,-122.25,37.75
Robert W. Crown SMCA,2005-08-05,18.52140873670578,-122.27751475548094,37.76728112752839,-122.25,37.75
Robert W. Crown SMCA,2005-08-06,18.516281627118587,-122.27751475548094,37.76728112752839,-122.25,37.75
Robert W. Crown SMCA,2005-08-07,18.19473861157894,-122.27751475548094,37.76728112752839,-122.25,37.75
Robert W. Crown SMCA,2005-08-08,18.072420425713062,-122.27751475548094,37.76728112752839,-122.25,37.75
Robert W. Crown SMCA,2005-08-09,18.019684441387653,-122.27751475548094,37.76728112752839,-122.25,37.75
Robert W. Crown SMCA,2005-08-10,17.988921783864498,-122.27751475548094,37.76728112752839,-122.25,37.75
Robert W. Crown SMCA,2005-08-11,17.988921783864498,-122.27751475548094,37.76728112752839,-122.25,37.75
Robert W. Crown SMCA,2005-08-12,17.961821347475052,-122.27751475548094,37.76728112752839,-122.25,37.75
Robert W. Crown SMCA,2005-08-13,17.92373424768448,-122.27751475548094,37.76728112752839,-122.25,37.75
Robert W. Crown SMCA,2005-08-14,17.87905514985323,-122.27751475548094,37.76728112752839,-122.25,37.75
Robert W. Crown SMCA,2005-08-15,17.929593801498413,-122.27751475548094,37.76728112752839,-122.25,37.75
Robert W. Crown SMCA,2005-08-16,18.172765284776688,-122.27751475548094,37.76728112752839,-122.25,37.75
Robert W. Crown SMCA,2005-08-17,18.22257149219513,-122.27751475548094,37.76728112752839,-122.25,37.75
Robert W. Crown SMCA,2005-08-18,18.114902190864086,-122.27751475548094,37.76728112752839,-122.25,37.75
Robert W. Crown SMCA,2005-08-19,18.117831967771053,-122.27751475548094,37.76728112752839,-122.25,37.75
Robert W. Crown SMCA,2005-08-20,18.278237253427505,-122.27751475548094,37.76728112752839,-122.25,37.75
Robert W. Crown SMCA,2005-08-21,18.298013247549534,-122.27751475548094,37.76728112752839,-122.25,37.75
Robert W. Crown SMCA,2005-08-22,17.950834684073925,-122.27751475548094,37.76728112752839,-122.25,37.75
Robert W. Crown SMCA,2005-08-23,17.802880950272083,-122.27751475548094,37.76728112752839,-122.25,37.75
Robert W. Crown SMCA,2005-08-24,17.701071202754974,-122.27751475548094,37.76728112752839,-122.25,37.75
Robert W. Crown SMCA,2005-08-25,17.832178719341755,-122.27751475548094,37.76728112752839,-122.25,37.75
Robert W. Crown SMCA,2005-08-26,18.209387496113777,-122.27751475548094,37.76728112752839,-122.25,37.75
Robert W. Crown SMCA,2005-08-27,18.388836331665516,-122.27751475548094,37.76728112752839,-122.25,37.75
Robert W. Crown SMCA,2005-08-28,18.34195990115404,-122.27751475548094,37.76728112752839,-122.25,37.75
Robert W. Crown SMCA,2005-08-29,18.0467848777771,-122.27751475548094,37.76728112752839,-122.25,37.75
Robert W. Crown SMCA,2005-08-30,17.90029603242874,-122.27751475548094,37.76728112752839,-122.25,37.75
Robert W. Crown SMCA,2005-08-31,17.76918851584196,-122.27751475548094,37.76728112752839,-122.25,37.75
Robert W. Crown SMCA,2005-09-01,17.832178719341755,-122.27751475548094,37.76728112752839,-122.25,37.75
Robert W. Crown SMCA,2005-09-02,17.898098699748516,-122.27751475548094,37.76728112752839,-122.25,37.75
Robert W. Crown SMCA,2005-09-03,17.902493365108967,-122.27751475548094,37.76728112752839,-122.25,37.75
Robert W. Crown SMCA,2005-09-04,17.86294137686491,-122.27751475548094,37.76728112752839,-122.25,37.75
Robert W. Crown SMCA,2005-09-05,17.840235605835915,-122.27751475548094,37.76728112752839,-122.25,37.75
Robert W. Crown SMCA,2005-09-06,17.82192450016737,-122.27751475548094,37.76728112752839,-122.25,37.75
Robert W. Crown SMCA,2005-09-07,17.75600451976061,-122.27751475548094,37.76728112752839,-122.25,37.75
Robert W. Crown SMCA,2005-09-08,17.717917419970036,-122.27751475548094,37.76728112752839,-122.25,37.75
Robert W. Crown SMCA,2005-09-09,17.8102053925395,-122.27751475548094,37.76728112752839,-122.25,37.75
Robert W. Crown SMCA,2005-09-10,17.701803646981716,-122.27751475548094,37.76728112752839,-122.25,37.75
Robert W. Crown SMCA,2005-09-11,17.587542347609997,-122.27751475548094,37.76728112752839,-122.25,37.75
Robert W. Crown SMCA,2005-09-12,17.574358351528645,-122.27751475548094,37.76728112752839,-122.25,37.75
Robert W. Crown SMCA,2005-09-13,17.52308725565672,-122.27751475548094,37.76728112752839,-122.25,37.75
Robert W. Crown SMCA,2005-09-14,17.426404617726803,-122.27751475548094,37.76728112752839,-122.25,37.75
Robert W. Crown SMCA,2005-09-15,17.375133521854877,-122.27751475548094,37.76728112752839,-122.25,37.75
Robert W. Crown SMCA,2005-09-16,17.34363842010498,-122.27751475548094,37.76728112752839,-122.25,37.75
Robert W. Crown SMCA,2005-09-17,17.369273968040943,-122.27751475548094,37.76728112752839,-122.25,37.75
Robert W. Crown SMCA,2005-09-18,17.299691766500473,-122.27751475548094,37.76728112752839,-122.25,37.75
Robert W. Crown SMCA,2005-09-19,17.24109622836113,-122.27751475548094,37.76728112752839,-122.25,37.75
Robert W. Crown SMCA,2005-09-20,17.304086431860924,-122.27751475548094,37.76728112752839,-122.25,37.75
Robert W. Crown SMCA,2005-09-21,17.477675713598728,-122.27751475548094,37.76728112752839,-122.25,37.75
Robert W. Crown SMCA,2005-09-22,17.408825956285,-122.27751475548094,37.76728112752839,-122.25,37.75
Robert W. Crown SMCA,2005-09-23,17.2037415727973,-122.27751475548094,37.76728112752839,-122.25,37.75
Robert W. Crown SMCA,2005-09-24,16.858027897775173,-122.27751475548094,37.76728112752839,-122.25,37.75
Robert W. Crown SMCA,2005-09-25,16.61558885872364,-122.27751475548094,37.76728112752839,-122.25,37.75
Robert W. Crown SMCA,2005-09-26,16.829462572932243,-122.27751475548094,37.76728112752839,-122.25,37.75
Robert W. Crown SMCA,2005-09-27,17.258674889802933,-122.27751475548094,37.76728112752839,-122.25,37.75
Robert W. Crown SMCA,2005-09-28,17.022095404565334,-122.27751475548094,37.76728112752839,-122.25,37.75
Robert W. Crown SMCA,2005-09-29,16.554795987904072,-122.27751475548094,37.76728112752839,-122.25,37.75
Robert W. Crown SMCA,2005-09-30,16.553331099450588,-122.27751475548094,37.76728112752839,-122.25,37.75
Robert W. Crown SMCA,2005-10-01,16.608996860682964,-122.27751475548094,37.76728112752839,-122.25,37.75
Robert W. Crown SMCA,2005-10-02,16.543076880276203,-122.27751475548094,37.76728112752839,-122.25,37.75
Robert W. Crown SMCA,2005-10-03,16.38193915039301,-122.27751475548094,37.76728112752839,-122.25,37.75
Robert W. Crown SMCA,2005-10-04,16.138035222887993,-122.27751475548094,37.76728112752839,-122.25,37.75
Robert W. Crown SMCA,2005-10-05,15.82161931693554,-122.27751475548094,37.76728112752839,-122.25,37.75
Robert W. Crown SMCA,2005-10-06,15.687582023441792,-122.27751475548094,37.76728112752839,-122.25,37.75
Robert W. Crown SMCA,2005-10-07,15.627521596848965,-122.27751475548094,37.76728112752839,-122.25,37.75
Robert W. Crown SMCA,2005-10-08,15.485427416861057,-122.27751475548094,37.76728112752839,-122.25,37.75
Robert W. Crown SMCA,2005-10-09,15.35139012336731,-122.27751475548094,37.76728112752839,-122.25,37.75
Robert W. Crown SMCA,2005-10-10,15.280343033373356,-122.27751475548094,37.76728112752839,-122.25,37.75
Robert W. Crown SMCA,2005-10-11,15.247383043169975,-122.27751475548094,37.76728112752839,-122.25,37.75
Robert W. Crown SMCA,2005-10-12,15.141911074519157,-122.27751475548094,37.76728112752839,-122.25,37.75
Robert W. Crown SMCA,2005-10-13,15.094302199780941,-122.27751475548094,37.76728112752839,-122.25,37.75
Robert W. Crown SMCA,2005-10-14,15.294991917908192,-122.27751475548094,37.76728112752839,-122.25,37.75
Robert W. Crown SMCA,2005-10-15,15.445142984390259,-122.27751475548094,37.76728112752839,-122.25,37.75
Robert W. Crown SMCA,2005-10-16,15.1514328494668,-122.27751475548094,37.76728112752839,-122.25,37.75
Robert W. Crown SMCA,2005-10-17,15.075258649885654,-122.27751475548094,37.76728112752839,-122.25,37.75
Robert W. Crown SMCA,2005-10-18,15.290597252547741,-122.27751475548094,37.76728112752839,-122.25,37.75
Robert W. Crown SMCA,2005-10-19,15.568926058709621,-122.27751475548094,37.76728112752839,-122.25,37.75
Robert W. Crown SMCA,2005-10-20,15.583574943244457,-122.27751475548094,37.76728112752839,-122.25,37.75
Robert W. Crown SMCA,2005-10-21,15.444410540163517,-122.27751475548094,37.76728112752839,-122.25,37.75
Robert W. Crown SMCA,2005-10-22,15.287667475640774,-122.27751475548094,37.76728112752839,-122.25,37.75
Robert W. Crown SMCA,2005-10-23,15.13898129761219,-122.27751475548094,37.76728112752839,-122.25,37.75
Robert W. Crown SMCA,2005-10-24,15.048158213496208,-122.27751475548094,37.76728112752839,-122.25,37.75
Robert W. Crown SMCA,2005-10-25,15.032044440507889,-122.27751475548094,37.76728112752839,-122.25,37.75
Robert W. Crown SMCA,2005-10-26,14.982970677316189,-122.27751475548094,37.76728112752839,-122.25,37.75
Robert W. Crown SMCA,2005-10-27,14.985900454223156,-122.27751475548094,37.76728112752839,-122.25,37.75
Robert W. Crown SMCA,2005-10-28,14.933896914124489,-122.27751475548094,37.76728112752839,-122.25,37.75
Robert W. Crown SMCA,2005-10-29,14.96319468319416,-122.27751475548094,37.76728112752839,-122.25,37.75
Robert W. Crown SMCA,2005-10-30,15.070863984525204,-122.27751475548094,37.76728112752839,-122.25,37.75
Robert W. Crown SMCA,2005-10-31,15.161687068641186,-122.27751475548094,37.76728112752839,-122.25,37.75
Robert W. Crown SMCA,2005-11-01,15.229804381728172,-122.27751475548094,37.76728112752839,-122.25,37.75
Robert W. Crown SMCA,2005-11-02,15.22467727214098,-122.27751475548094,37.76728112752839,-122.25,37.75
Robert W. Crown SMCA,2005-11-03,15.058412432670593,-122.27751475548094,37.76728112752839,-122.25,37.75
Robert W. Crown SMCA,2005-11-04,14.747123636305332,-122.27751475548094,37.76728112752839,-122.25,37.75
Robert W. Crown SMCA,2005-11-05,14.61967834085226,-122.27751475548094,37.76728112752839,-122.25,37.75
Robert W. Crown SMCA,2005-11-06,14.617481008172035,-122.27751475548094,37.76728112752839,-122.25,37.75
Robert W. Crown SMCA,2005-11-07,14.659962773323059,-122.27751475548094,37.76728112752839,-122.25,37.75
Robert W. Crown SMCA,2005-11-08,14.657032996416092,-122.27751475548094,37.76728112752839,-122.25,37.75
Robert W. Crown SMCA,2005-11-09,14.515671260654926,-122.27751475548094,37.76728112752839,-122.25,37.75
Robert W. Crown SMCA,2005-11-10,14.531052589416504,-122.27751475548094,37.76728112752839,-122.25,37.75
Robert W. Crown SMCA,2005-11-11,14.553025916218758,-122.27751475548094,37.76728112752839,-122.25,37.75
Robert W. Crown SMCA,2005-11-12,14.162633143365383,-122.27751475548094,37.76728112752839,-122.25,37.75
Robert W. Crown SMCA,2005-11-13,13.71144749969244,-122.27751475548094,37.76728112752839,-122.25,37.75
Robert W. Crown SMCA,2005-11-14,13.642597742378712,-122.27751475548094,37.76728112752839,-122.25,37.75
Robert W. Crown SMCA,2005-11-15,13.440443135797977,-122.27751475548094,37.76728112752839,-122.25,37.75
Robert W. Crown SMCA,2005-11-16,13.386974707245827,-122.27751475548094,37.76728112752839,-122.25,37.75
Robert W. Crown SMCA,2005-11-17,13.609637752175331,-122.27751475548094,37.76728112752839,-122.25,37.75
Robert W. Crown SMCA,2005-11-18,13.813257247209549,-122.27751475548094,37.76728112752839,-122.25,37.75
Robert W. Crown SMCA,2005-11-19,13.990508750081062,-122.27751475548094,37.76728112752839,-122.25,37.75
Robert W. Crown SMCA,2005-11-20,14.064485616981983,-122.27751475548094,37.76728112752839,-122.25,37.75
Robert W. Crown SMCA,2005-11-21,14.109897159039974,-122.27751475548094,37.76728112752839,-122.25,37.75
Robert W. Crown SMCA,2005-11-22,14.138462483882904,-122.27751475548094,37.76728112752839,-122.25,37.75
Robert W. Crown SMCA,2005-11-23,14.163365587592125,-122.27751475548094,37.76728112752839,-122.25,37.75
Robert W. Crown SMCA,2005-11-24,14.14505448192358,-122.27751475548094,37.76728112752839,-122.25,37.75
Robert W. Crown SMCA,2005-11-25,14.040314957499504,-122.27751475548094,37.76728112752839,-122.25,37.75
Robert W. Crown SMCA,2005-11-26,13.381847597658634,-122.27751475548094,37.76728112752839,-122.25,37.75
Robert W. Crown SMCA,2005-11-27,12.865474417805672,-122.27751475548094,37.76728112752839,-122.25,37.75
Robert W. Crown SMCA,2005-11-28,12.813470877707005,-122.27751475548094,37.76728112752839,-122.25,37.75
Robert W. Crown SMCA,2005-11-29,12.705801576375961,-122.27751475548094,37.76728112752839,-122.25,37.75
Robert W. Crown SMCA,2005-11-30,12.669911809265614,-122.27751475548094,37.76728112752839,-122.25,37.75
Robert W. Crown SMCA,2005-12-01,12.651600703597069,-122.27751475548094,37.76728112752839,-122.25,37.75
Robert W. Crown SMCA,2005-12-02,12.569566950201988,-122.27751475548094,37.76728112752839,-122.25,37.75
Robert W. Crown SMCA,2005-12-03,12.326395466923714,-122.27751475548094,37.76728112752839,-122.25,37.75
Robert W. Crown SMCA,2005-12-04,11.992400899529457,-122.27751475548094,37.76728112752839,-122.25,37.75
Robert W. Crown SMCA,2005-12-05,11.840784944593906,-122.27751475548094,37.76728112752839,-122.25,37.75
Robert W. Crown SMCA,2005-12-06,11.801965400576591,-122.27751475548094,37.76728112752839,-122.25,37.75
Robert W. Crown SMCA,2005-12-07,11.838587611913681,-122.27751475548094,37.76728112752839,-122.25,37.75
Robert W. Crown SMCA,2005-12-08,11.91622669994831,-122.27751475548094,37.76728112752839,-122.25,37.75
Robert W. Crown SMCA,2005-12-09,11.963835574686527,-122.27751475548094,37.76728112752839,-122.25,37.75
Robert W. Crown SMCA,2005-12-10,12.067842654883862,-122.27751475548094,37.76728112752839,-122.25,37.75
Robert W. Crown SMCA,2005-12-11,12.13669241219759,-122.27751475548094,37.76728112752839,-122.25,37.75
Robert W. Crown SMCA,2005-12-12,12.082491539418697,-122.27751475548094,37.76728112752839,-122.25,37.75
Robert W. Crown SMCA,2005-12-13,12.031220443546772,-122.27751475548094,37.76728112752839,-122.25,37.75
Robert W. Crown SMCA,2005-12-14,12.10373242199421,-122.27751475548094,37.76728112752839,-122.25,37.75
Robert W. Crown SMCA,2005-12-15,12.235572382807732,-122.27751475548094,37.76728112752839,-122.25,37.75
Robert W. Crown SMCA,2005-12-16,12.307351917028427,-122.27751475548094,37.76728112752839,-122.25,37.75
Robert W. Crown SMCA,2005-12-17,12.256080821156502,-122.27751475548094,37.76728112752839,-122.25,37.75
Robert W. Crown SMCA,2005-12-18,11.856166273355484,-122.27751475548094,37.76728112752839,-122.25,37.75
Robert W. Crown SMCA,2005-12-19,11.921353809535503,-122.27751475548094,37.76728112752839,-122.25,37.75
Robert W. Crown SMCA,2005-12-20,12.074434652924538,-122.27751475548094,37.76728112752839,-122.25,37.75
Robert W. Crown SMCA,2005-12-21,12.192358173429966,-122.27751475548094,37.76728112752839,-122.25,37.75
Robert W. Crown SMCA,2005-12-22,12.314676359295845,-122.27751475548094,37.76728112752839,-122.25,37.75
Robert W. Crown SMCA,2005-12-23,12.463362537324429,-122.27751475548094,37.76728112752839,-122.25,37.75
Robert W. Crown SMCA,2005-12-24,12.61131627112627,-122.27751475548094,37.76728112752839,-122.25,37.75
Robert W. Crown SMCA,2005-12-25,12.765129558742046,-122.27751475548094,37.76728112752839,-122.25,37.75
Robert W. Crown SMCA,2005-12-26,12.871333971619606,-122.27751475548094,37.76728112752839,-122.25,37.75
Robert W. Crown SMCA,2005-12-27,12.91381573677063,-122.27751475548094,37.76728112752839,-122.25,37.75
Robert W. Crown SMCA,2005-12-28,12.951170392334461,-122.27751475548094,37.76728112752839,-122.25,37.75
Robert W. Crown SMCA,2005-12-29,13.009033486247063,-122.27751475548094,37.76728112752839,-122.25,37.75
Robert W. Crown SMCA,2005-12-30,12.959959723055363,-122.27751475548094,37.76728112752839,-122.25,37.75
Robert W. Crown SMCA,2005-12-31,12.944578394293785,-122.27751475548094,37.76728112752839,-122.25,37.75
Robert W. Crown SMCA,2006-01-01,13.002441488206387,-122.27751475548094,37.76728112752839,-122.25,37.75
Robert W. Crown SMCA,2006-01-02,12.90136418491602,-122.27751475548094,37.76728112752839,-122.25,37.75
Robert W. Crown SMCA,2006-01-03,12.712393574416637,-122.27751475548094,37.76728112752839,-122.25,37.75
Robert W. Crown SMCA,2006-01-04,12.671376697719097,-122.27751475548094,37.76728112752839,-122.25,37.75
Robert W. Crown SMCA,2006-01-05,12.77465133368969,-122.27751475548094,37.76728112752839,-122.25,37.75
Robert W. Crown SMCA,2006-01-06,12.902096629142761,-122.27751475548094,37.76728112752839,-122.25,37.75
Robert W. Crown SMCA,2006-01-07,12.913083292543888,-122.27751475548094,37.76728112752839,-122.25,37.75
Robert W. Crown SMCA,2006-01-08,12.571031838655472,-122.27751475548094,37.76728112752839,-122.25,37.75
Robert W. Crown SMCA,2006-01-09,12.499252304434776,-122.27751475548094,37.76728112752839,-122.25,37.75
Robert W. Crown SMCA,2006-01-10,12.609851382672787,-122.27751475548094,37.76728112752839,-122.25,37.75
Robert W. Crown SMCA,2006-01-11,12.657460257411003,-122.27751475548094,37.76728112752839,-122.25,37.75
Robert W. Crown SMCA,2006-01-12,12.642078928649426,-122.27751475548094,37.76728112752839,-122.25,37.75
Robert W. Crown SMCA,2006-01-13,12.784173108637333,-122.27751475548094,37.76728112752839,-122.25,37.75
Robert W. Crown SMCA,2006-01-14,12.682363361120224,-122.27751475548094,37.76728112752839,-122.25,37.75
Robert W. Crown SMCA,2006-01-15,12.28830836713314,-122.27751475548094,37.76728112752839,-122.25,37.75
Robert W. Crown SMCA,2006-01-16,12.192358173429966,-122.27751475548094,37.76728112752839,-122.25,37.75
Robert W. Crown SMCA,2006-01-17,12.248023934662342,-122.27751475548094,37.76728112752839,-122.25,37.75
Robert W. Crown SMCA,2006-01-18,12.178441733121872,-122.27751475548094,37.76728112752839,-122.25,37.75
Robert W. Crown SMCA,2006-01-19,12.024628445506096,-122.27751475548094,37.76728112752839,-122.25,37.75
Robert W. Crown SMCA,2006-01-20,11.971892461180687,-122.27751475548094,37.76728112752839,-122.25,37.75
Robert W. Crown SMCA,2006-01-21,12.018768891692162,-122.27751475548094,37.76728112752839,-122.25,37.75
Robert W. Crown SMCA,2006-01-22,12.002655118703842,-122.27751475548094,37.76728112752839,-122.25,37.75
Robert W. Crown SMCA,2006-01-23,11.972624905407429,-122.27751475548094,37.76728112752839,-122.25,37.75
Robert W. Crown SMCA,2006-01-24,12.209936834871769,-122.27751475548094,37.76728112752839,-122.25,37.75
Robert W. Crown SMCA,2006-01-25,12.543931402266026,-122.27751475548094,37.76728112752839,-122.25,37.75
Robert W. Crown SMCA,2006-01-26,12.560045175254345,-122.27751475548094,37.76728112752839,-122.25,37.75
Robert W. Crown SMCA,2006-01-27,12.295632809400558,-122.27751475548094,37.76728112752839,-122.25,37.75
Robert W. Crown SMCA,2006-01-28,12.171849735081196,-122.27751475548094,37.76728112752839,-122.25,37.75
Robert W. Crown SMCA,2006-01-29,12.216528832912445,-122.27751475548094,37.76728112752839,-122.25,37.75
Robert W. Crown SMCA,2006-01-30,12.345439016819,-122.27751475548094,37.76728112752839,-122.25,37.75
Robert W. Crown SMCA,2006-01-31,12.340311907231808,-122.27751475548094,37.76728112752839,-122.25,37.75
Robert W. Crown SMCA,2006-02-01,12.40696433186531,-122.27751475548094,37.76728112752839,-122.25,37.75
Robert W. Crown SMCA,2006-02-02,12.478743866086006,-122.27751475548094,37.76728112752839,-122.25,37.75
Robert W. Crown SMCA,2006-02-03,12.629627376794815,-122.27751475548094,37.76728112752839,-122.25,37.75
Robert W. Crown SMCA,2006-02-04,12.817865543067455,-122.27751475548094,37.76728112752839,-122.25,37.75
Robert W. Crown SMCA,2006-02-05,12.613513603806496,-122.27751475548094,37.76728112752839,-122.25,37.75
Robert W. Crown SMCA,2006-02-06,12.698477134108543,-122.27751475548094,37.76728112752839,-122.25,37.75
Robert W. Crown SMCA,2006-02-07,12.98779260367155,-122.27751475548094,37.76728112752839,-122.25,37.75
Robert W. Crown SMCA,2006-02-08,13.205328539013863,-122.27751475548094,37.76728112752839,-122.25,37.75
Robert W. Crown SMCA,2006-02-09,13.279305405914783,-122.27751475548094,37.76728112752839,-122.25,37.75
Robert W. Crown SMCA,2006-02-10,13.49903867393732,-122.27751475548094,37.76728112752839,-122.25,37.75
Robert W. Crown SMCA,2006-02-11,13.63747063279152,-122.27751475548094,37.76728112752839,-122.25,37.75
Robert W. Crown SMCA,2006-02-12,13.609637752175331,-122.27751475548094,37.76728112752839,-122.25,37.75
Robert W. Crown SMCA,2006-02-13,13.372325822710991,-122.27751475548094,37.76728112752839,-122.25,37.75
Robert W. Crown SMCA,2006-02-14,12.97534105181694,-122.27751475548094,37.76728112752839,-122.25,37.75
Robert W. Crown SMCA,2006-02-15,12.544663846492767,-122.27751475548094,37.76728112752839,-122.25,37.75
Robert W. Crown SMCA,2006-02-16,12.029023110866547,-122.27751475548094,37.76728112752839,-122.25,37.75
Robert W. Crown SMCA,2006-02-17,12.059785768389702,-122.27751475548094,37.76728112752839,-122.25,37.75
Robert W. Crown SMCA,2006-02-18,12.221655942499638,-122.27751475548094,37.76728112752839,-122.25,37.75
Robert W. Crown SMCA,2006-02-19,12.32932524383068,-122.27751475548094,37.76728112752839,-122.25,37.75
Robert W. Crown SMCA,2006-02-20,12.355693235993385,-122.27751475548094,37.76728112752839,-122.25,37.75
Robert W. Crown SMCA,2006-02-21,11.922818697988987,-122.27751475548094,37.76728112752839,-122.25,37.75
Robert W. Crown SMCA,2006-02-22,11.24530778825283,-122.27751475548094,37.76728112752839,-122.25,37.75
Robert W. Crown SMCA,2006-02-23,11.48628193885088,-122.27751475548094,37.76728112752839,-122.25,37.75
Robert W. Crown SMCA,2006-02-24,11.821008950471878,-122.27751475548094,37.76728112752839,-122.25,37.75
Robert W. Crown SMCA,2006-02-25,12.10812708735466,-122.27751475548094,37.76728112752839,-122.25,37.75
Robert W. Crown SMCA,2006-02-26,12.055391103029251,-122.27751475548094,37.76728112752839,-122.25,37.75
Robert W. Crown SMCA,2006-02-27,11.766808077692986,-122.27751475548094,37.76728112752839,-122.25,37.75
Robert W. Crown SMCA,2006-02-28,11.82613606005907,-122.27751475548094,37.76728112752839,-122.25,37.75
Robert W. Crown SMCA,2006-03-01,12.007782228291035,-122.27751475548094,37.76728112752839,-122.25,37.75
Robert W. Crown SMCA,2006-03-02,11.949186690151691,-122.27751475548094,37.76728112752839,-122.25,37.75
Robert W. Crown SMCA,2006-03-03,11.88326670974493,-122.27751475548094,37.76728112752839,-122.25,37.75
Robert W. Crown SMCA,2006-03-04,11.763878300786018,-122.27751475548094,37.76728112752839,-122.25,37.75
Robert W. Crown SMCA,2006-03-05,11.530961036682129,-122.27751475548094,37.76728112752839,-122.25,37.75
Robert W. Crown SMCA,2006-03-06,11.481154829263687,-122.27751475548094,37.76728112752839,-122.25,37.75
Robert W. Crown SMCA,2006-03-07,11.608600124716759,-122.27751475548094,37.76728112752839,-122.25,37.75
Robert W. Crown SMCA,2006-03-08,11.565385915338993,-122.27751475548094,37.76728112752839,-122.25,37.75
Robert W. Crown SMCA,2006-03-09,11.523636594414711,-122.27751475548094,37.76728112752839,-122.25,37.75
Robert W. Crown SMCA,2006-03-10,11.287789553403854,-122.27751475548094,37.76728112752839,-122.25,37.75
Robert W. Crown SMCA,2006-03-11,11.08563494682312,-122.27751475548094,37.76728112752839,-122.25,37.75
Robert W. Crown SMCA,2006-03-12,11.010193191468716,-122.27751475548094,37.76728112752839,-122.25,37.75
Robert W. Crown SMCA,2006-03-13,11.049745179712772,-122.27751475548094,37.76728112752839,-122.25,37.75
Robert W. Crown SMCA,2006-03-14,11.079042948782444,-122.27751475548094,37.76728112752839,-122.25,37.75
Robert W. Crown SMCA,2006-03-15,11.122989602386951,-122.27751475548094,37.76728112752839,-122.25,37.75
Robert W. Crown SMCA,2006-03-16,11.355906866490841,-122.27751475548094,37.76728112752839,-122.25,37.75
Robert W. Crown SMCA,2006-03-17,11.548539698123932,-122.27751475548094,37.76728112752839,-122.25,37.75
Robert W. Crown SMCA,2006-03-18,11.613727234303951,-122.27751475548094,37.76728112752839,-122.25,37.75
Robert W. Crown SMCA,2006-03-19,11.533890813589096,-122.27751475548094,37.76728112752839,-122.25,37.75
Robert W. Crown SMCA,2006-03-20,11.599810793995857,-122.27751475548094,37.76728112752839,-122.25,37.75
Robert W. Crown SMCA,2006-03-21,11.646687224507332,-122.27751475548094,37.76728112752839,-122.25,37.75
Robert W. Crown SMCA,2006-03-22,11.975554682314396,-122.27751475548094,37.76728112752839,-122.25,37.75
Robert W. Crown SMCA,2006-03-23,12.30002747476101,-122.27751475548094,37.76728112752839,-122.25,37.75
Robert W. Crown SMCA,2006-03-24,12.486800752580166,-122.27751475548094,37.76728112752839,-122.25,37.75
Robert W. Crown SMCA,2006-03-25,12.665517143905163,-122.27751475548094,37.76728112752839,-122.25,37.75
Robert W. Crown SMCA,2006-03-26,12.522690519690514,-122.27751475548094,37.76728112752839,-122.25,37.75
Robert W. Crown SMCA,2006-03-27,12.641346484422684,-122.27751475548094,37.76728112752839,-122.25,37.75
Robert W. Crown SMCA,2006-03-28,12.575426504015923,-122.27751475548094,37.76728112752839,-122.25,37.75
Robert W. Crown SMCA,2006-03-29,12.617908269166946,-122.27751475548094,37.76728112752839,-122.25,37.75
Robert W. Crown SMCA,2006-03-30,12.847163312137127,-122.27751475548094,37.76728112752839,-122.25,37.75
Robert W. Crown SMCA,2006-03-31,12.916745513677597,-122.27751475548094,37.76728112752839,-122.25,37.75
Robert W. Crown SMCA,2006-04-01,12.772454001009464,-122.27751475548094,37.76728112752839,-122.25,37.75
Robert W. Crown SMCA,2006-04-02,12.659657590091228,-122.27751475548094,37.76728112752839,-122.25,37.75
Robert W. Crown SMCA,2006-04-03,12.352031014859676,-122.27751475548094,37.76728112752839,-122.25,37.75
Robert W. Crown SMCA,2006-04-04,12.531479850411415,-122.27751475548094,37.76728112752839,-122.25,37.75
Robert W. Crown SMCA,2006-04-05,12.674306474626064,-122.27751475548094,37.76728112752839,-122.25,37.75
Robert W. Crown SMCA,2006-04-06,12.665517143905163,-122.27751475548094,37.76728112752839,-122.25,37.75
Robert W. Crown SMCA,2006-04-07,13.000976599752903,-122.27751475548094,37.76728112752839,-122.25,37.75
Robert W. Crown SMCA,2006-04-08,13.02002014964819,-122.27751475548094,37.76728112752839,-122.25,37.75
Robert W. Crown SMCA,2006-04-09,13.287362292408943,-122.27751475548094,37.76728112752839,-122.25,37.75
Robert W. Crown SMCA,2006-04-10,13.53566088527441,-122.27751475548094,37.76728112752839,-122.25,37.75
Robert W. Crown SMCA,2006-04-11,13.504898227751255,-122.27751475548094,37.76728112752839,-122.25,37.75
Robert W. Crown SMCA,2006-04-12,13.381115153431892,-122.27751475548094,37.76728112752839,-122.25,37.75
Robert W. Crown SMCA,2006-04-13,13.600115977227688,-122.27751475548094,37.76728112752839,-122.25,37.75
Robert W. Crown SMCA,2006-04-14,13.975859865546227,-122.27751475548094,37.76728112752839,-122.25,37.75
Robert W. Crown SMCA,2006-04-15,14.002227857708931,-122.27751475548094,37.76728112752839,-122.25,37.75
Robert W. Crown SMCA,2006-04-16,13.81398969143629,-122.27751475548094,37.76728112752839,-122.25,37.75
Robert W. Crown SMCA,2006-04-17,13.71584216505289,-122.27751475548094,37.76728112752839,-122.25,37.75
Robert W. Crown SMCA,2006-04-18,13.685079507529736,-122.27751475548094,37.76728112752839,-122.25,37.75
Robert W. Crown SMCA,2006-04-19,13.7195043861866,-122.27751475548094,37.76728112752839,-122.25,37.75
Robert W. Crown SMCA,2006-04-20,13.87917722761631,-122.27751475548094,37.76728112752839,-122.25,37.75
Robert W. Crown SMCA,2006-04-21,14.039582513272762,-122.27751475548094,37.76728112752839,-122.25,37.75
Robert W. Crown SMCA,2006-04-22,14.036652736365795,-122.27751475548094,37.76728112752839,-122.25,37.75
Robert W. Crown SMCA,2006-04-23,14.160435810685158,-122.27751475548094,37.76728112752839,-122.25,37.75
Robert W. Crown SMCA,2006-04-24,14.507614374160767,-122.27751475548094,37.76728112752839,-122.25,37.75
Robert W. Crown SMCA,2006-04-25,14.788872957229614,-122.27751475548094,37.76728112752839,-122.25,37.75
Robert W. Crown SMCA,2006-04-26,14.711966313421726,-122.27751475548094,37.76728112752839,-122.25,37.75
Robert W. Crown SMCA,2006-04-27,14.681203655898571,-122.27751475548094,37.76728112752839,-122.25,37.75
Robert W. Crown SMCA,2006-04-28,14.895077370107174,-122.27751475548094,37.76728112752839,-122.25,37.75
Robert W. Crown SMCA,2006-04-29,15.137516409158707,-122.27751475548094,37.76728112752839,-122.25,37.75
Robert W. Crown SMCA,2006-04-30,15.207098610699177,-122.27751475548094,37.76728112752839,-122.25,37.75
Robert W. Crown SMCA,2006-05-01,15.240058600902557,-122.27751475548094,37.76728112752839,-122.25,37.75
Robert W. Crown SMCA,2006-05-02,15.230536825954914,-122.27751475548094,37.76728112752839,-122.25,37.75
Robert W. Crown SMCA,2006-05-03,15.336008794605732,-122.27751475548094,37.76728112752839,-122.25,37.75
Robert W. Crown SMCA,2006-05-04,15.622394487261772,-122.27751475548094,37.76728112752839,-122.25,37.75
Robert W. Crown SMCA,2006-05-05,16.09115879237652,-122.27751475548094,37.76728112752839,-122.25,37.75
Robert W. Crown SMCA,2006-05-06,15.994476154446602,-122.27751475548094,37.76728112752839,-122.25,37.75
Robert W. Crown SMCA,2006-05-07,15.856044195592403,-122.27751475548094,37.76728112752839,-122.25,37.75
Robert W. Crown SMCA,2006-05-08,15.817224651575089,-122.27751475548094,37.76728112752839,-122.25,37.75
Robert W. Crown SMCA,2006-05-09,15.656086921691895,-122.27751475548094,37.76728112752839,-122.25,37.75
Robert W. Crown SMCA,2006-05-10,15.5930967181921,-122.27751475548094,37.76728112752839,-122.25,37.75
Robert W. Crown SMCA,2006-05-11,15.67879269272089,-122.27751475548094,37.76728112752839,-122.25,37.75
Robert W. Crown SMCA,2006-05-12,15.720542013645172,-122.27751475548094,37.76728112752839,-122.25,37.75
Robert W. Crown SMCA,2006-05-13,15.697103798389435,-122.27751475548094,37.76728112752839,-122.25,37.75
Robert W. Crown SMCA,2006-05-14,15.757896669209003,-122.27751475548094,37.76728112752839,-122.25,37.75
Robert W. Crown SMCA,2006-05-15,16.1819818764925,-122.27751475548094,37.76728112752839,-122.25,37.75
Robert W. Crown SMCA,2006-05-16,16.75109104067087,-122.27751475548094,37.76728112752839,-122.25,37.75
Robert W. Crown SMCA,2006-05-17,16.73790704458952,-122.27751475548094,37.76728112752839,-122.25,37.75
Robert W. Crown SMCA,2006-05-18,16.563585318624973,-122.27751475548094,37.76728112752839,-122.25,37.75
Robert W. Crown SMCA,2006-05-19,16.715201273560524,-122.27751475548094,37.76728112752839,-122.25,37.75
Robert W. Crown SMCA,2006-05-20,16.939329206943512,-122.27751475548094,37.76728112752839,-122.25,37.75
Robert W. Crown SMCA,2006-05-21,16.972289197146893,-122.27751475548094,37.76728112752839,-122.25,37.75
Robert W. Crown SMCA,2006-05-22,16.91735588014126,-122.27751475548094,37.76728112752839,-122.25,37.75
Robert W. Crown SMCA,2006-05-23,16.830195017158985,-122.27751475548094,37.76728112752839,-122.25,37.75
Robert W. Crown SMCA,2006-05-24,16.84850612282753,-122.27751475548094,37.76728112752839,-122.25,37.75
Robert W. Crown SMCA,2006-05-25,17.01257362961769,-122.27751475548094,37.76728112752839,-122.25,37.75
Robert W. Crown SMCA,2006-05-26,16.396588034927845,-122.27751475548094,37.76728112752839,-122.25,37.75
Robert W. Crown SMCA,2006-05-27,15.962248608469963,-122.27751475548094,37.76728112752839,-122.25,37.75
Robert W. Crown SMCA,2006-05-28,15.587969608604908,-122.27751475548094,37.76728112752839,-122.25,37.75
Robert W. Crown SMCA,2006-05-29,15.378490559756756,-122.27751475548094,37.76728112752839,-122.25,37.75
Robert W. Crown SMCA,2006-05-30,15.31916257739067,-122.27751475548094,37.76728112752839,-122.25,37.75
Robert W. Crown SMCA,2006-05-31,15.387279890477657,-122.27751475548094,37.76728112752839,-122.25,37.75
Robert W. Crown SMCA,2006-06-01,15.60921049118042,-122.27751475548094,37.76728112752839,-122.25,37.75
Robert W. Crown SMCA,2006-06-02,15.94027528166771,-122.27751475548094,37.76728112752839,-122.25,37.75
Robert W. Crown SMCA,2006-06-03,16.187108986079693,-122.27751475548094,37.76728112752839,-122.25,37.75
Robert W. Crown SMCA,2006-06-04,16.26401562988758,-122.27751475548094,37.76728112752839,-122.25,37.75
Robert W. Crown SMCA,2006-06-05,16.346781827509403,-122.27751475548094,37.76728112752839,-122.25,37.75
Robert W. Crown SMCA,2006-06-06,16.34092227369547,-122.27751475548094,37.76728112752839,-122.25,37.75
Robert W. Crown SMCA,2006-06-07,16.321878723800182,-122.27751475548094,37.76728112752839,-122.25,37.75
Robert W. Crown SMCA,2006-06-08,16.180516988039017,-122.27751475548094,37.76728112752839,-122.25,37.75
Robert W. Crown SMCA,2006-06-09,15.951994389295578,-122.27751475548094,37.76728112752839,-122.25,37.75
Robert W. Crown SMCA,2006-06-10,15.795983768999577,-122.27751475548094,37.76728112752839,-122.25,37.75
Robert W. Crown SMCA,2006-06-11,15.730796232819557,-122.27751475548094,37.76728112752839,-122.25,37.75
Robert W. Crown SMCA,2006-06-12,15.902920626103878,-122.27751475548094,37.76728112752839,-122.25,37.75
Robert W. Crown SMCA,2006-06-13,16.307229839265347,-122.27751475548094,37.76728112752839,-122.25,37.75
Robert W. Crown SMCA,2006-06-14,16.593615531921387,-122.27751475548094,37.76728112752839,-122.25,37.75
Robert W. Crown SMCA,2006-06-15,16.575304426252842,-122.27751475548094,37.76728112752839,-122.25,37.75
Robert W. Crown SMCA,2006-06-16,16.280861847102642,-122.27751475548094,37.76728112752839,-122.25,37.75
Robert W. Crown SMCA,2006-06-17,16.248634301126003,-122.27751475548094,37.76728112752839,-122.25,37.75
Robert W. Crown SMCA,2006-06-18,16.138767667114735,-122.27751475548094,37.76728112752839,-122.25,37.75
Robert W. Crown SMCA,2006-06-19,15.955656610429287,-122.27751475548094,37.76728112752839,-122.25,37.75
Robert W. Crown SMCA,2006-06-20,15.787926882505417,-122.27751475548094,37.76728112752839,-122.25,37.75
Robert W. Crown SMCA,2006-06-21,15.678060248494148,-122.27751475548094,37.76728112752839,-122.25,37.75
Robert W. Crown SMCA,2006-06-22,15.684652246534824,-122.27751475548094,37.76728112752839,-122.25,37.75
Robert W. Crown SMCA,2006-06-23,15.83407086879015,-122.27751475548094,37.76728112752839,-122.25,37.75
Robert W. Crown SMCA,2006-06-24,16.27573473751545,-122.27751475548094,37.76728112752839,-122.25,37.75
Robert W. Crown SMCA,2006-06-25,16.804559469223022,-122.27751475548094,37.76728112752839,-122.25,37.75
Robert W. Crown SMCA,2006-06-26,17.140751369297504,-122.27751475548094,37.76728112752839,-122.25,37.75
Robert W. Crown SMCA,2006-06-27,17.393444627523422,-122.27751475548094,37.76728112752839,-122.25,37.75
Robert W. Crown SMCA,2006-06-28,17.591204568743706,-122.27751475548094,37.76728112752839,-122.25,37.75
Robert W. Crown SMCA,2006-06-29,17.772118292748928,-122.27751475548094,37.76728112752839,-122.25,37.75
Robert W. Crown SMCA,2006-06-30,17.958159126341343,-122.27751475548094,37.76728112752839,-122.25,37.75
Robert W. Crown SMCA,2006-07-01,17.569231241941452,-122.27751475548094,37.76728112752839,-122.25,37.75
Robert W. Crown SMCA,2006-07-02,17.297494433820248,-122.27751475548094,37.76728112752839,-122.25,37.75
Robert W. Crown SMCA,2006-07-03,17.193487353622913,-122.27751475548094,37.76728112752839,-122.25,37.75
Robert W. Crown SMCA,2006-07-04,17.05285806208849,-122.27751475548094,37.76728112752839,-122.25,37.75
Robert W. Crown SMCA,2006-07-05,16.851435899734497,-122.27751475548094,37.76728112752839,-122.25,37.75
Robert W. Crown SMCA,2006-07-06,16.677846617996693,-122.27751475548094,37.76728112752839,-122.25,37.75
Robert W. Crown SMCA,2006-07-07,16.605334639549255,-122.27751475548094,37.76728112752839,-122.25,37.75
Robert W. Crown SMCA,2006-07-08,16.63536485284567,-122.27751475548094,37.76728112752839,-122.25,37.75
Robert W. Crown SMCA,2006-07-09,16.68077639490366,-122.27751475548094,37.76728112752839,-122.25,37.75
Robert W. Crown SMCA,2006-07-10,16.731315046548843,-122.27751475548094,37.76728112752839,-122.25,37.75
Robert W. Crown SMCA,2006-07-11,16.763542592525482,-122.27751475548094,37.76728112752839,-122.25,37.75
Robert W. Crown SMCA,2006-07-12,16.882198557257652,-122.27751475548094,37.76728112752839,-122.25,37.75
Robert W. Crown SMCA,2006-07-13,17.133426927030087,-122.27751475548094,37.76728112752839,-122.25,37.75
Robert W. Crown SMCA,2006-07-14,17.282845549285412,-122.27751475548094,37.76728112752839,-122.25,37.75
Robert W. Crown SMCA,2006-07-15,17.406628623604774,-122.27751475548094,37.76728112752839,-122.25,37.75
Robert W. Crown SMCA,2006-07-16,17.450575277209282,-122.27751475548094,37.76728112752839,-122.25,37.75
Robert W. Crown SMCA,2006-07-17,17.47401349246502,-122.27751475548094,37.76728112752839,-122.25,37.75
Robert W. Crown SMCA,2006-07-18,17.581682793796062,-122.27751475548094,37.76728112752839,-122.25,37.75
Robert W. Crown SMCA,2006-07-19,17.81752983480692,-122.27751475548094,37.76728112752839,-122.25,37.75
Robert W. Crown SMCA,2006-07-20,18.171300396323204,-122.27751475548094,37.76728112752839,-122.25,37.75
Robert W. Crown SMCA,2006-07-21,18.596118047833443,-122.27751475548094,37.76728112752839,-122.25,37.75
Robert W. Crown SMCA,2006-07-22,18.90154729038477,-122.27751475548094,37.76728112752839,-122.25,37.75
Robert W. Crown SMCA,2006-07-23,19.037781916558743,-122.27751475548094,37.76728112752839,-122.25,37.75
Robert W. Crown SMCA,2006-07-24,19.165959656238556,-122.27751475548094,37.76728112752839,-122.25,37.75
Robert W. Crown SMCA,2006-07-25,19.33954893797636,-122.27751475548094,37.76728112752839,-122.25,37.75
Robert W. Crown SMCA,2006-07-26,19.41718802601099,-122.27751475548094,37.76728112752839,-122.25,37.75
Robert W. Crown SMCA,2006-07-27,19.427442245185375,-122.27751475548094,37.76728112752839,-122.25,37.75
Robert W. Crown SMCA,2006-07-28,19.47798089683056,-122.27751475548094,37.76728112752839,-122.25,37.75
Robert W. Crown SMCA,2006-07-29,19.56074709445238,-122.27751475548094,37.76728112752839,-122.25,37.75
Robert W. Crown SMCA,2006-07-30,19.651570178568363,-122.27751475548094,37.76728112752839,-122.25,37.75
Robert W. Crown SMCA,2006-07-31,19.230414748191833,-122.27751475548094,37.76728112752839,-122.25,37.75
Robert W. Crown SMCA,2006-08-01,18.747734002768993,-122.27751475548094,37.76728112752839,-122.25,37.75
Robert W. Crown SMCA,2006-08-02,18.39835810661316,-122.27751475548094,37.76728112752839,-122.25,37.75
Robert W. Crown SMCA,2006-08-03,18.208655051887035,-122.27751475548094,37.76728112752839,-122.25,37.75
Robert W. Crown SMCA,2006-08-04,18.12515641003847,-122.27751475548094,37.76728112752839,-122.25,37.75
Robert W. Crown SMCA,2006-08-05,18.45548875629902,-122.27751475548094,37.76728112752839,-122.25,37.75
Robert W. Crown SMCA,2006-08-06,19.006286814808846,-122.27751475548094,37.76728112752839,-122.25,37.75
Robert W. Crown SMCA,2006-08-07,19.2333445250988,-122.27751475548094,37.76728112752839,-122.25,37.75
Robert W. Crown SMCA,2006-08-08,19.41279336065054,-122.27751475548094,37.76728112752839,-122.25,37.75
Robert W. Crown SMCA,2006-08-09,19.272896513342857,-122.27751475548094,37.76728112752839,-122.25,37.75
Robert W. Crown SMCA,2006-08-10,18.833429977297783,-122.27751475548094,37.76728112752839,-122.25,37.75
Robert W. Crown SMCA,2006-08-11,18.727958008646965,-122.27751475548094,37.76728112752839,-122.25,37.75
Robert W. Crown SMCA,2006-08-12,18.493575856089592,-122.27751475548094,37.76728112752839,-122.25,37.75
Robert W. Crown SMCA,2006-08-13,18.319986574351788,-122.27751475548094,37.76728112752839,-122.25,37.75
Robert W. Crown SMCA,2006-08-14,18.522141180932522,-122.27751475548094,37.76728112752839,-122.25,37.75
Robert W. Crown SMCA,2006-08-15,18.76311533153057,-122.27751475548094,37.76728112752839,-122.25,37.75
Robert W. Crown SMCA,2006-08-16,18.448896758258343,-122.27751475548094,37.76728112752839,-122.25,37.75
Robert W. Crown SMCA,2006-08-17,18.28849147260189,-122.27751475548094,37.76728112752839,-122.25,37.75
Robert W. Crown SMCA,2006-08-18,18.261391036212444,-122.27751475548094,37.76728112752839,-122.25,37.75
Robert W. Crown SMCA,2006-08-19,18.30533768981695,-122.27751475548094,37.76728112752839,-122.25,37.75
Robert W. Crown SMCA,2006-08-20,18.37784966826439,-122.27751475548094,37.76728112752839,-122.25,37.75
Robert W. Crown SMCA,2006-08-21,18.438642539083958,-122.27751475548094,37.76728112752839,-122.25,37.75
Robert W. Crown SMCA,2006-08-22,18.396160773932934,-122.27751475548094,37.76728112752839,-122.25,37.75
Robert W. Crown SMCA,2006-08-23,18.348551899194717,-122.27751475548094,37.76728112752839,-122.25,37.75
Robert W. Crown SMCA,2006-08-24,18.265053257346153,-122.27751475548094,37.76728112752839,-122.25,37.75
Robert W. Crown SMCA,2006-08-25,18.18228705972433,-122.27751475548094,37.76728112752839,-122.25,37.75
Robert W. Crown SMCA,2006-08-26,18.187414169311523,-122.27751475548094,37.76728112752839,-122.25,37.75
Robert W. Crown SMCA,2006-08-27,18.440839871764183,-122.27751475548094,37.76728112752839,-122.25,37.75
Robert W. Crown SMCA,2006-08-28,18.68034913390875,-122.27751475548094,37.76728112752839,-122.25,37.75
Robert W. Crown SMCA,2006-08-29,18.45255897939205,-122.27751475548094,37.76728112752839,-122.25,37.75
Robert W. Crown SMCA,2006-08-30,18.184484392404556,-122.27751475548094,37.76728112752839,-122.25,37.75
Robert W. Crown SMCA,2006-08-31,17.999908447265625,-122.27751475548094,37.76728112752839,-122.25,37.75
Robert W. Crown SMCA,2006-09-01,17.963286235928535,-122.27751475548094,37.76728112752839,-122.25,37.75
Robert W. Crown SMCA,2006-09-02,18.16617328673601,-122.27751475548094,37.76728112752839,-122.25,37.75
Robert W. Crown SMCA,2006-09-03,18.114902190864086,-122.27751475548094,37.76728112752839,-122.25,37.75
Robert W. Crown SMCA,2006-09-04,17.954496905207634,-122.27751475548094,37.76728112752839,-122.25,37.75
Robert W. Crown SMCA,2006-09-05,17.857814267277718,-122.27751475548094,37.76728112752839,-122.25,37.75
Robert W. Crown SMCA,2006-09-06,17.775780513882637,-122.27751475548094,37.76728112752839,-122.25,37.75
Robert W. Crown SMCA,2006-09-07,17.52308725565672,-122.27751475548094,37.76728112752839,-122.25,37.75
Robert W. Crown SMCA,2006-09-08,17.227912232279778,-122.27751475548094,37.76728112752839,-122.25,37.75
Robert W. Crown SMCA,2006-09-09,16.966429643332958,-122.27751475548094,37.76728112752839,-122.25,37.75
Robert W. Crown SMCA,2006-09-10,16.71739860624075,-122.27751475548094,37.76728112752839,-122.25,37.75
Robert W. Crown SMCA,2006-09-11,16.507187113165855,-122.27751475548094,37.76728112752839,-122.25,37.75
Robert W. Crown SMCA,2006-09-12,16.37388226389885,-122.27751475548094,37.76728112752839,-122.25,37.75
Robert W. Crown SMCA,2006-09-13,16.298440508544445,-122.27751475548094,37.76728112752839,-122.25,37.75
Robert W. Crown SMCA,2006-09-14,16.236182749271393,-122.27751475548094,37.76728112752839,-122.25,37.75
Robert W. Crown SMCA,2006-09-15,16.036957919597626,-122.27751475548094,37.76728112752839,-122.25,37.75
Robert W. Crown SMCA,2006-09-16,15.900723293423653,-122.27751475548094,37.76728112752839,-122.25,37.75
Robert W. Crown SMCA,2006-09-17,15.79744865745306,-122.27751475548094,37.76728112752839,-122.25,37.75
Robert W. Crown SMCA,2006-09-18,15.824549093842506,-122.27751475548094,37.76728112752839,-122.25,37.75
Robert W. Crown SMCA,2006-09-19,15.904385514557362,-122.27751475548094,37.76728112752839,-122.25,37.75
Robert W. Crown SMCA,2006-09-20,15.806970432400703,-122.27751475548094,37.76728112752839,-122.25,37.75
Robert W. Crown SMCA,2006-09-21,15.661946475505829,-122.27751475548094,37.76728112752839,-122.25,37.75
Robert W. Crown SMCA,2006-09-22,15.47444075345993,-122.27751475548094,37.76728112752839,-122.25,37.75
Robert W. Crown SMCA,2006-09-23,15.423169657588005,-122.27751475548094,37.76728112752839,-122.25,37.75
Robert W. Crown SMCA,2006-09-24,15.722739346325397,-122.27751475548094,37.76728112752839,-122.25,37.75
Robert W. Crown SMCA,2006-09-25,15.915372177958488,-122.27751475548094,37.76728112752839,-122.25,37.75
Robert W. Crown SMCA,2006-09-26,15.994476154446602,-122.27751475548094,37.76728112752839,-122.25,37.75
Robert W. Crown SMCA,2006-09-27,16.119724117219448,-122.27751475548094,37.76728112752839,-122.25,37.75
Robert W. Crown SMCA,2006-09-28,16.16513565927744,-122.27751475548094,37.76728112752839,-122.25,37.75
Robert W. Crown SMCA,2006-09-29,16.192236095666885,-122.27751475548094,37.76728112752839,-122.25,37.75
Robert W. Crown SMCA,2006-09-30,16.228858307003975,-122.27751475548094,37.76728112752839,-122.25,37.75
Robert W. Crown SMCA,2006-10-01,16.16513565927744,-122.27751475548094,37.76728112752839,-122.25,37.75
Robert W. Crown SMCA,2006-10-02,16.16586810350418,-122.27751475548094,37.76728112752839,-122.25,37.75
Robert W. Crown SMCA,2006-10-03,16.225196085870266,-122.27751475548094,37.76728112752839,-122.25,37.75
Robert W. Crown SMCA,2006-10-04,16.23471786081791,-122.27751475548094,37.76728112752839,-122.25,37.75
Robert W. Crown SMCA,2006-10-05,16.22739341855049,-122.27751475548094,37.76728112752839,-122.25,37.75
Robert W. Crown SMCA,2006-10-06,16.2310556396842,-122.27751475548094,37.76728112752839,-122.25,37.75
Robert W. Crown SMCA,2006-10-07,15.767418444156647,-122.27751475548094,37.76728112752839,-122.25,37.75
Robert W. Crown SMCA,2006-10-08,15.627521596848965,-122.27751475548094,37.76728112752839,-122.25,37.75
Robert W. Crown SMCA,2006-10-09,15.62971892952919,-122.27751475548094,37.76728112752839,-122.25,37.75
Robert W. Crown SMCA,2006-10-10,15.837000645697117,-122.27751475548094,37.76728112752839,-122.25,37.75
Robert W. Crown SMCA,2006-10-11,16.11606189608574,-122.27751475548094,37.76728112752839,-122.25,37.75
Robert W. Crown SMCA,2006-10-12,16.29990539699793,-122.27751475548094,37.76728112752839,-122.25,37.75
Robert W. Crown SMCA,2006-10-13,16.441267132759094,-122.27751475548094,37.76728112752839,-122.25,37.75
Robert W. Crown SMCA,2006-10-14,16.510849334299564,-122.27751475548094,37.76728112752839,-122.25,37.75
Robert W. Crown SMCA,2006-10-15,16.36582537740469,-122.27751475548094,37.76728112752839,-122.25,37.75
Robert W. Crown SMCA,2006-10-16,15.987151712179184,-122.27751475548094,37.76728112752839,-122.25,37.75
Robert W. Crown SMCA,2006-10-17,15.83040864765644,-122.27751475548094,37.76728112752839,-122.25,37.75
Robert W. Crown SMCA,2006-10-18,15.667073585093021,-122.27751475548094,37.76728112752839,-122.25,37.75
Robert W. Crown SMCA,2006-10-19,15.62166204303503,-122.27751475548094,37.76728112752839,-122.25,37.75
Robert W. Crown SMCA,2006-10-20,15.65022736787796,-122.27751475548094,37.76728112752839,-122.25,37.75
Robert W. Crown SMCA,2006-10-21,15.700766019523144,-122.27751475548094,37.76728112752839,-122.25,37.75
Robert W. Crown SMCA,2006-10-22,15.92416150867939,-122.27751475548094,37.76728112752839,-122.25,37.75
Robert W. Crown SMCA,2006-10-23,16.22299875319004,-122.27751475548094,37.76728112752839,-122.25,37.75
Robert W. Crown SMCA,2006-10-24,15.898525960743427,-122.27751475548094,37.76728112752839,-122.25,37.75
Robert W. Crown SMCA,2006-10-25,15.577715389430523,-122.27751475548094,37.76728112752839,-122.25,37.75
Robert W. Crown SMCA,2006-10-26,15.395336776971817,-122.27751475548094,37.76728112752839,-122.25,37.75
Robert W. Crown SMCA,2006-10-27,15.556474506855011,-122.27751475548094,37.76728112752839,-122.25,37.75
Robert W. Crown SMCA,2006-10-28,15.882412187755108,-122.27751475548094,37.76728112752839,-122.25,37.75
Robert W. Crown SMCA,2006-10-29,16.097750790417194,-122.27751475548094,37.76728112752839,-122.25,37.75
Robert W. Crown SMCA,2006-10-30,15.659016698598862,-122.27751475548094,37.76728112752839,-122.25,37.75
Robert W. Crown SMCA,2006-10-31,15.415845215320587,-122.27751475548094,37.76728112752839,-122.25,37.75
Robert W. Crown SMCA,2006-11-01,15.549150064587593,-122.27751475548094,37.76728112752839,-122.25,37.75
Robert W. Crown SMCA,2006-11-02,15.546952731907368,-122.27751475548094,37.76728112752839,-122.25,37.75
Robert W. Crown SMCA,2006-11-03,15.53596606850624,-122.27751475548094,37.76728112752839,-122.25,37.75
Robert W. Crown SMCA,2006-11-04,15.632648706436157,-122.27751475548094,37.76728112752839,-122.25,37.75
Robert W. Crown SMCA,2006-11-05,15.757896669209003,-122.27751475548094,37.76728112752839,-122.25,37.75
Robert W. Crown SMCA,2006-11-06,15.876552633941174,-122.27751475548094,37.76728112752839,-122.25,37.75
Robert W. Crown SMCA,2006-11-07,15.980559714138508,-122.27751475548094,37.76728112752839,-122.25,37.75
Robert W. Crown SMCA,2006-11-08,16.03109836578369,-122.27751475548094,37.76728112752839,-122.25,37.75
Robert W. Crown SMCA,2006-11-09,15.616534933447838,-122.27751475548094,37.76728112752839,-122.25,37.75
Robert W. Crown SMCA,2006-11-10,15.255439929664135,-122.27751475548094,37.76728112752839,-122.25,37.75
Robert W. Crown SMCA,2006-11-11,15.078920871019363,-122.27751475548094,37.76728112752839,-122.25,37.75
Robert W. Crown SMCA,2006-11-12,14.657032996416092,-122.27751475548094,37.76728112752839,-122.25,37.75
Robert W. Crown SMCA,2006-11-13,14.475386828184128,-122.27751475548094,37.76728112752839,-122.25,37.75
Robert W. Crown SMCA,2006-11-14,14.330362871289253,-122.27751475548094,37.76728112752839,-122.25,37.75
Robert W. Crown SMCA,2006-11-15,14.23880734294653,-122.27751475548094,37.76728112752839,-122.25,37.75
Robert W. Crown SMCA,2006-11-16,14.342814423143864,-122.27751475548094,37.76728112752839,-122.25,37.75
Robert W. Crown SMCA,2006-11-17,14.487838380038738,-122.27751475548094,37.76728112752839,-122.25,37.75
Robert W. Crown SMCA,2006-11-18,14.638721890747547,-122.27751475548094,37.76728112752839,-122.25,37.75
Robert W. Crown SMCA,2006-11-19,14.779351182281971,-122.27751475548094,37.76728112752839,-122.25,37.75
Robert W. Crown SMCA,2006-11-20,14.806451618671417,-122.27751475548094,37.76728112752839,-122.25,37.75
Robert W. Crown SMCA,2006-11-21,14.867244489490986,-122.27751475548094,37.76728112752839,-122.25,37.75
Robert W. Crown SMCA,2006-11-22,14.903866700828075,-122.27751475548094,37.76728112752839,-122.25,37.75
Robert W. Crown SMCA,2006-11-23,14.34134953469038,-122.27751475548094,37.76728112752839,-122.25,37.75
Robert W. Crown SMCA,2006-11-24,13.729026161134243,-122.27751475548094,37.76728112752839,-122.25,37.75
Robert W. Crown SMCA,2006-11-25,13.312997840344906,-122.27751475548094,37.76728112752839,-122.25,37.75
Robert W. Crown SMCA,2006-11-26,13.027344591915607,-122.27751475548094,37.76728112752839,-122.25,37.75
Robert W. Crown SMCA,2006-11-27,12.702871799468994,-122.27751475548094,37.76728112752839,-122.25,37.75
Robert W. Crown SMCA,2006-11-28,12.252418600022793,-122.27751475548094,37.76728112752839,-122.25,37.75
Robert W. Crown SMCA,2006-11-29,11.702352985739708,-122.27751475548094,37.76728112752839,-122.25,37.75
Robert W. Crown SMCA,2006-11-30,11.455519281327724,-122.27751475548094,37.76728112752839,-122.25,37.75
Robert W. Crown SMCA,2006-12-01,11.42109440267086,-122.27751475548094,37.76728112752839,-122.25,37.75
Robert W. Crown SMCA,2006-12-02,11.295846439898014,-122.27751475548094,37.76728112752839,-122.25,37.75
Robert W. Crown SMCA,2006-12-03,11.459913946688175,-122.27751475548094,37.76728112752839,-122.25,37.75
Robert W. Crown SMCA,2006-12-04,11.7565538585186,-122.27751475548094,37.76728112752839,-122.25,37.75
Robert W. Crown SMCA,2006-12-05,11.926480919122696,-122.27751475548094,37.76728112752839,-122.25,37.75
Robert W. Crown SMCA,2006-12-06,12.113986641168594,-122.27751475548094,37.76728112752839,-122.25,37.75
Robert W. Crown SMCA,2006-12-07,12.267067484557629,-122.27751475548094,37.76728112752839,-122.25,37.75
Robert W. Crown SMCA,2006-12-08,12.041474662721157,-122.27751475548094,37.76728112752839,-122.25,37.75
Robert W. Crown SMCA,2006-12-09,11.615192122757435,-122.27751475548094,37.76728112752839,-122.25,37.75
Robert W. Crown SMCA,2006-12-10,11.534623257815838,-122.27751475548094,37.76728112752839,-122.25,37.75
Robert W. Crown SMCA,2006-12-11,11.608600124716759,-122.27751475548094,37.76728112752839,-122.25,37.75
Robert W. Crown SMCA,2006-12-12,11.653279222548008,-122.27751475548094,37.76728112752839,-122.25,37.75
Robert W. Crown SMCA,2006-12-13,11.732383199036121,-122.27751475548094,37.76728112752839,-122.25,37.75
Robert W. Crown SMCA,2006-12-14,11.875942267477512,-122.27751475548094,37.76728112752839,-122.25,37.75
Robert W. Crown SMCA,2006-12-15,12.027558222413063,-122.27751475548094,37.76728112752839,-122.25,37.75
Robert W. Crown SMCA,2006-12-16,11.882534265518188,-122.27751475548094,37.76728112752839,-122.25,37.75
Robert W. Crown SMCA,2006-12-17,11.504593044519424,-122.27751475548094,37.76728112752839,-122.25,37.75
Robert W. Crown SMCA,2006-12-18,11.197698913514614,-122.27751475548094,37.76728112752839,-122.25,37.75
Robert W. Crown SMCA,2006-12-19,11.080507837235928,-122.27751475548094,37.76728112752839,-122.25,37.75
Robert W. Crown SMCA,2006-12-20,11.213080242276192,-122.27751475548094,37.76728112752839,-122.25,37.75
Robert W. Crown SMCA,2006-12-21,11.3061006590724,-122.27751475548094,37.76728112752839,-122.25,37.75
Robert W. Crown SMCA,2006-12-22,11.180852696299553,-122.27751475548094,37.76728112752839,-122.25,37.75
Robert W. Crown SMCA,2006-12-23,11.265083782374859,-122.27751475548094,37.76728112752839,-122.25,37.75
Robert W. Crown SMCA,2006-12-24,11.459913946688175,-122.27751475548094,37.76728112752839,-122.25,37.75
Robert W. Crown SMCA,2006-12-25,11.493606381118298,-122.27751475548094,37.76728112752839,-122.25,37.75
Robert W. Crown SMCA,2006-12-26,11.50312815606594,-122.27751475548094,37.76728112752839,-122.25,37.75
Robert W. Crown SMCA,2006-12-27,11.516312152147293,-122.27751475548094,37.76728112752839,-122.25,37.75
Robert W. Crown SMCA,2006-12-28,11.17572558671236,-122.27751475548094,37.76728112752839,-122.25,37.75
Robert W. Crown SMCA,2006-12-29,10.977233201265335,-122.27751475548094,37.76728112752839,-122.25,37.75
Robert W. Crown SMCA,2006-12-30,11.015320301055908,-122.27751475548094,37.76728112752839,-122.25,37.75
Robert W. Crown SMCA,2006-12-31,11.063661620020866,-122.27751475548094,37.76728112752839,-122.25,37.75
Robert W. Crown SMCA,2007-01-01,11.092226944863796,-122.27751475548094,37.76728112752839,-122.25,37.75
Robert W. Crown SMCA,2007-01-02,11.149357594549656,-122.27751475548094,37.76728112752839,-122.25,37.75
Robert W. Crown SMCA,2007-01-03,11.268746003508568,-122.27751475548094,37.76728112752839,-122.25,37.75
Robert W. Crown SMCA,2007-01-04,11.301705993711948,-122.27751475548094,37.76728112752839,-122.25,37.75
Robert W. Crown SMCA,2007-01-05,10.879818119108677,-122.27751475548094,37.76728112752839,-122.25,37.75
Robert W. Crown SMCA,2007-01-06,10.419843144714832,-122.27751475548094,37.76728112752839,-122.25,37.75
Robert W. Crown SMCA,2007-01-07,10.262367635965347,-122.27751475548094,37.76728112752839,-122.25,37.75
Robert W. Crown SMCA,2007-01-08,10.188390769064426,-122.27751475548094,37.76728112752839,-122.25,37.75
Robert W. Crown SMCA,2007-01-09,10.248451195657253,-122.27751475548094,37.76728112752839,-122.25,37.75
Robert W. Crown SMCA,2007-01-10,10.274086743593216,-122.27751475548094,37.76728112752839,-122.25,37.75
Robert W. Crown SMCA,2007-01-11,9.937894843518734,-122.27751475548094,37.76728112752839,-122.25,37.75
Robert W. Crown SMCA,2007-01-12,9.476454980671406,-122.27751475548094,37.76728112752839,-122.25,37.75
Robert W. Crown SMCA,2007-01-13,8.955687135457993,-122.27751475548094,37.76728112752839,-122.25,37.75
Robert W. Crown SMCA,2007-01-14,8.659779667854309,-122.27751475548094,37.76728112752839,-122.25,37.75
Robert W. Crown SMCA,2007-01-15,8.640736117959023,-122.27751475548094,37.76728112752839,-122.25,37.75
Robert W. Crown SMCA,2007-01-16,8.865596495568752,-122.27751475548094,37.76728112752839,-122.25,37.75
Robert W. Crown SMCA,2007-01-17,8.523545041680336,-122.27751475548094,37.76728112752839,-122.25,37.75
Robert W. Crown SMCA,2007-01-18,8.350688204169273,-122.27751475548094,37.76728112752839,-122.25,37.75
Robert W. Crown SMCA,2007-01-19,8.403424188494682,-122.27751475548094,37.76728112752839,-122.25,37.75
Robert W. Crown SMCA,2007-01-20,8.467146836221218,-122.27751475548094,37.76728112752839,-122.25,37.75
Robert W. Crown SMCA,2007-01-21,8.498641937971115,-122.27751475548094,37.76728112752839,-122.25,37.75
Robert W. Crown SMCA,2007-01-22,8.604113906621933,-122.27751475548094,37.76728112752839,-122.25,37.75
Robert W. Crown SMCA,2007-01-23,8.902218706905842,-122.27751475548094,37.76728112752839,-122.25,37.75
Robert W. Crown SMCA,2007-01-24,9.2940763682127,-122.27751475548094,37.76728112752839,-122.25,37.75
Robert W. Crown SMCA,2007-01-25,9.554826512932777,-122.27751475548094,37.76728112752839,-122.25,37.75
Robert W. Crown SMCA,2007-01-26,9.783349111676216,-122.27751475548094,37.76728112752839,-122.25,37.75
Robert W. Crown SMCA,2007-01-27,9.91592151671648,-122.27751475548094,37.76728112752839,-122.25,37.75
Robert W. Crown SMCA,2007-01-28,10.137119673192501,-122.27751475548094,37.76728112752839,-122.25,37.75
Robert W. Crown SMCA,2007-01-29,10.369304493069649,-122.27751475548094,37.76728112752839,-122.25,37.75
Robert W. Crown SMCA,2007-01-30,10.554612882435322,-122.27751475548094,37.76728112752839,-122.25,37.75
Robert W. Crown SMCA,2007-01-31,10.661549739539623,-122.27751475548094,37.76728112752839,-122.25,37.75
Robert W. Crown SMCA,2007-02-01,10.771416373550892,-122.27751475548094,37.76728112752839,-122.25,37.75
Robert W. Crown SMCA,2007-02-02,10.903256334364414,-122.27751475548094,37.76728112752839,-122.25,37.75
Robert W. Crown SMCA,2007-02-03,11.188909582793713,-122.27751475548094,37.76728112752839,-122.25,37.75
Robert W. Crown SMCA,2007-02-04,11.459913946688175,-122.27751475548094,37.76728112752839,-122.25,37.75
Robert W. Crown SMCA,2007-02-05,11.706747651100159,-122.27751475548094,37.76728112752839,-122.25,37.75
Robert W. Crown SMCA,2007-02-06,11.708212539553642,-122.27751475548094,37.76728112752839,-122.25,37.75
Robert W. Crown SMCA,2007-02-07,11.483352161943913,-122.27751475548094,37.76728112752839,-122.25,37.75
Robert W. Crown SMCA,2007-02-08,11.360301531851292,-122.27751475548094,37.76728112752839,-122.25,37.75
Robert W. Crown SMCA,2007-02-09,11.319284655153751,-122.27751475548094,37.76728112752839,-122.25,37.75
Robert W. Crown SMCA,2007-02-10,11.391796633601189,-122.27751475548094,37.76728112752839,-122.25,37.75
Robert W. Crown SMCA,2007-02-11,11.517044596374035,-122.27751475548094,37.76728112752839,-122.25,37.75
Robert W. Crown SMCA,2007-02-12,11.685506768524647,-122.27751475548094,37.76728112752839,-122.25,37.75
Robert W. Crown SMCA,2007-02-13,11.649617001414299,-122.27751475548094,37.76728112752839,-122.25,37.75
Robert W. Crown SMCA,2007-02-14,11.487014383077621,-122.27751475548094,37.76728112752839,-122.25,37.75
Robert W. Crown SMCA,2007-02-15,11.532425925135612,-122.27751475548094,37.76728112752839,-122.25,37.75
Robert W. Crown SMCA,2007-02-16,11.643757447600365,-122.27751475548094,37.76728112752839,-122.25,37.75
Robert W. Crown SMCA,2007-02-17,11.838587611913681,-122.27751475548094,37.76728112752839,-122.25,37.75
Robert W. Crown SMCA,2007-02-18,11.943327136337757,-122.27751475548094,37.76728112752839,-122.25,37.75
Robert W. Crown SMCA,2007-02-19,11.736777864396572,-122.27751475548094,37.76728112752839,-122.25,37.75
Robert W. Crown SMCA,2007-02-20,11.611529901623726,-122.27751475548094,37.76728112752839,-122.25,37.75
Robert W. Crown SMCA,2007-02-21,11.714072093367577,-122.27751475548094,37.76728112752839,-122.25,37.75
Robert W. Crown SMCA,2007-02-22,11.776329852640629,-122.27751475548094,37.76728112752839,-122.25,37.75
Robert W. Crown SMCA,2007-02-23,11.530228592455387,-122.27751475548094,37.76728112752839,-122.25,37.75
Robert W. Crown SMCA,2007-02-24,11.515579707920551,-122.27751475548094,37.76728112752839,-122.25,37.75
Robert W. Crown SMCA,2007-02-25,11.51924192905426,-122.27751475548094,37.76728112752839,-122.25,37.75
Robert W. Crown SMCA,2007-02-26,11.424024179577827,-122.27751475548094,37.76728112752839,-122.25,37.75
Robert W. Crown SMCA,2007-02-27,11.288521997630596,-122.27751475548094,37.76728112752839,-122.25,37.75
Robert W. Crown SMCA,2007-02-28,11.038758516311646,-122.27751475548094,37.76728112752839,-122.25,37.75
Robert W. Crown SMCA,2007-03-01,10.839533686637878,-122.27751475548094,37.76728112752839,-122.25,37.75
Robert W. Crown SMCA,2007-03-02,10.816095471382141,-122.27751475548094,37.76728112752839,-122.25,37.75
Robert W. Crown SMCA,2007-03-03,10.937681213021278,-122.27751475548094,37.76728112752839,-122.25,37.75
Robert W. Crown SMCA,2007-03-04,11.278267778456211,-122.27751475548094,37.76728112752839,-122.25,37.75
Robert W. Crown SMCA,2007-03-05,11.751426748931408,-122.27751475548094,37.76728112752839,-122.25,37.75
Robert W. Crown SMCA,2007-03-06,12.191625729203224,-122.27751475548094,37.76728112752839,-122.25,37.75
Robert W. Crown SMCA,2007-03-07,12.466292314231396,-122.27751475548094,37.76728112752839,-122.25,37.75
Robert W. Crown SMCA,2007-03-08,12.621570490300655,-122.27751475548094,37.76728112752839,-122.25,37.75
Robert W. Crown SMCA,2007-03-09,12.912350848317146,-122.27751475548094,37.76728112752839,-122.25,37.75
Robert W. Crown SMCA,2007-03-10,13.173100993037224,-122.27751475548094,37.76728112752839,-122.25,37.75
Robert W. Crown SMCA,2007-03-11,13.403088480234146,-122.27751475548094,37.76728112752839,-122.25,37.75
Robert W. Crown SMCA,2007-03-12,13.644062630832195,-122.27751475548094,37.76728112752839,-122.25,37.75
Robert W. Crown SMCA,2007-03-13,13.745139934122562,-122.27751475548094,37.76728112752839,-122.25,37.75
Robert W. Crown SMCA,2007-03-14,13.626483969390392,-122.27751475548094,37.76728112752839,-122.25,37.75
Robert W. Crown SMCA,2007-03-15,13.570085763931274,-122.27751475548094,37.76728112752839,-122.25,37.75
Robert W. Crown SMCA,2007-03-16,13.62575152516365,-122.27751475548094,37.76728112752839,-122.25,37.75
Robert W. Crown SMCA,2007-03-17,13.780297257006168,-122.27751475548094,37.76728112752839,-122.25,37.75
Robert W. Crown SMCA,2007-03-18,13.827906131744385,-122.27751475548094,37.76728112752839,-122.25,37.75
Robert W. Crown SMCA,2007-03-19,13.927518546581268,-122.27751475548094,37.76728112752839,-122.25,37.75
Robert W. Crown SMCA,2007-03-20,14.095248274505138,-122.27751475548094,37.76728112752839,-122.25,37.75
Robert W. Crown SMCA,2007-03-21,13.730491049587727,-122.27751475548094,37.76728112752839,-122.25,37.75
Robert W. Crown SMCA,2007-03-22,13.4250618070364,-122.27751475548094,37.76728112752839,-122.25,37.75
Robert W. Crown SMCA,2007-03-23,13.367198713123798,-122.27751475548094,37.76728112752839,-122.25,37.75
Robert W. Crown SMCA,2007-03-24,13.384777374565601,-122.27751475548094,37.76728112752839,-122.25,37.75
Robert W. Crown SMCA,2007-03-25,13.487319566309452,-122.27751475548094,37.76728112752839,-122.25,37.75
Robert W. Crown SMCA,2007-03-26,13.683614619076252,-122.27751475548094,37.76728112752839,-122.25,37.75
Robert W. Crown SMCA,2007-03-27,13.381115153431892,-122.27751475548094,37.76728112752839,-122.25,37.75
Robert W. Crown SMCA,2007-03-28,12.613513603806496,-122.27751475548094,37.76728112752839,-122.25,37.75
Robert W. Crown SMCA,2007-03-29,12.315408803522587,-122.27751475548094,37.76728112752839,-122.25,37.75
Robert W. Crown SMCA,2007-03-30,12.346903905272484,-122.27751475548094,37.76728112752839,-122.25,37.75
Robert W. Crown SMCA,2007-03-31,12.452375873923302,-122.27751475548094,37.76728112752839,-122.25,37.75
Robert W. Crown SMCA,2007-04-01,12.457502983510494,-122.27751475548094,37.76728112752839,-122.25,37.75
Robert W. Crown SMCA,2007-04-02,12.376934118568897,-122.27751475548094,37.76728112752839,-122.25,37.75
Robert W. Crown SMCA,2007-04-03,12.305154584348202,-122.27751475548094,37.76728112752839,-122.25,37.75
Robert W. Crown SMCA,2007-04-04,12.51683096587658,-122.27751475548094,37.76728112752839,-122.25,37.75
Robert W. Crown SMCA,2007-04-05,12.74608600884676,-122.27751475548094,37.76728112752839,-122.25,37.75
Robert W. Crown SMCA,2007-04-06,12.836176648736,-122.27751475548094,37.76728112752839,-122.25,37.75
Robert W. Crown SMCA,2007-04-07,12.945310838520527,-122.27751475548094,37.76728112752839,-122.25,37.75
Robert W. Crown SMCA,2007-04-08,13.034669034183025,-122.27751475548094,37.76728112752839,-122.25,37.75
Robert W. Crown SMCA,2007-04-09,13.13501389324665,-122.27751475548094,37.76728112752839,-122.25,37.75
Robert W. Crown SMCA,2007-04-10,12.842036202549934,-122.27751475548094,37.76728112752839,-122.25,37.75
Robert W. Crown SMCA,2007-04-11,12.801019325852394,-122.27751475548094,37.76728112752839,-122.25,37.75
Robert W. Crown SMCA,2007-04-12,12.608386494219303,-122.27751475548094,37.76728112752839,-122.25,37.75
Robert W. Crown SMCA,2007-04-13,12.338847018778324,-122.27751475548094,37.76728112752839,-122.25,37.75
Robert W. Crown SMCA,2007-04-14,12.504379414021969,-122.27751475548094,37.76728112752839,-122.25,37.75
Robert W. Crown SMCA,2007-04-15,12.297830142080784,-122.27751475548094,37.76728112752839,-122.25,37.75
Robert W. Crown SMCA,2007-04-16,12.00997956097126,-122.27751475548094,37.76728112752839,-122.25,37.75
Robert W. Crown SMCA,2007-04-17,11.992400899529457,-122.27751475548094,37.76728112752839,-122.25,37.75
Robert W. Crown SMCA,2007-04-18,11.820276506245136,-122.27751475548094,37.76728112752839,-122.25,37.75
Robert W. Crown SMCA,2007-04-19,11.664265885949135,-122.27751475548094,37.76728112752839,-122.25,37.75
Robert W. Crown SMCA,2007-04-20,11.900845371186733,-122.27751475548094,37.76728112752839,-122.25,37.75
Robert W. Crown SMCA,2007-04-21,12.179906621575356,-122.27751475548094,37.76728112752839,-122.25,37.75
Robert W. Crown SMCA,2007-04-22,12.245094157755375,-122.27751475548094,37.76728112752839,-122.25,37.75
Robert W. Crown SMCA,2007-04-23,12.452375873923302,-122.27751475548094,37.76728112752839,-122.25,37.75
Robert W. Crown SMCA,2007-04-24,12.53733940422535,-122.27751475548094,37.76728112752839,-122.25,37.75
Robert W. Crown SMCA,2007-04-25,12.581286057829857,-122.27751475548094,37.76728112752839,-122.25,37.75
Robert W. Crown SMCA,2007-04-26,12.612781159579754,-122.27751475548094,37.76728112752839,-122.25,37.75
Robert W. Crown SMCA,2007-04-27,12.703604243695736,-122.27751475548094,37.76728112752839,-122.25,37.75
Robert W. Crown SMCA,2007-04-28,12.977538384497166,-122.27751475548094,37.76728112752839,-122.25,37.75
Robert W. Crown SMCA,2007-04-29,13.259529411792755,-122.27751475548094,37.76728112752839,-122.25,37.75
Robert W. Crown SMCA,2007-04-30,13.463148906826973,-122.27751475548094,37.76728112752839,-122.25,37.75
Robert W. Crown SMCA,2007-05-01,13.59279153496027,-122.27751475548094,37.76728112752839,-122.25,37.75
Robert W. Crown SMCA,2007-05-02,13.92019410431385,-122.27751475548094,37.76728112752839,-122.25,37.75
Robert W. Crown SMCA,2007-05-03,14.079134501516819,-122.27751475548094,37.76728112752839,-122.25,37.75
Robert W. Crown SMCA,2007-05-04,14.082796722650528,-122.27751475548094,37.76728112752839,-122.25,37.75
Robert W. Crown SMCA,2007-05-05,13.8667256757617,-122.27751475548094,37.76728112752839,-122.25,37.75
Robert W. Crown SMCA,2007-05-06,13.74806971102953,-122.27751475548094,37.76728112752839,-122.25,37.75
Robert W. Crown SMCA,2007-05-07,13.930448323488235,-122.27751475548094,37.76728112752839,-122.25,37.75
Robert W. Crown SMCA,2007-05-08,14.429975286126137,-122.27751475548094,37.76728112752839,-122.25,37.75
Robert W. Crown SMCA,2007-05-09,14.865779601037502,-122.27751475548094,37.76728112752839,-122.25,37.75
Robert W. Crown SMCA,2007-05-10,15.007141336798668,-122.27751475548094,37.76728112752839,-122.25,37.75
Robert W. Crown SMCA,2007-05-11,14.997619561851025,-122.27751475548094,37.76728112752839,-122.25,37.75
Robert W. Crown SMCA,2007-05-12,14.894344925880432,-122.27751475548094,37.76728112752839,-122.25,37.75
Robert W. Crown SMCA,2007-05-13,14.693655207753181,-122.27751475548094,37.76728112752839,-122.25,37.75
Robert W. Crown SMCA,2007-05-14,14.492233045399189,-122.27751475548094,37.76728112752839,-122.25,37.75
Robert W. Crown SMCA,2007-05-15,14.485641047358513,-122.27751475548094,37.76728112752839,-122.25,37.75
Robert W. Crown SMCA,2007-05-16,14.450483724474907,-122.27751475548094,37.76728112752839,-122.25,37.75
Robert W. Crown SMCA,2007-05-17,14.328165538609028,-122.27751475548094,37.76728112752839,-122.25,37.75
Robert W. Crown SMCA,2007-05-18,14.219763793051243,-122.27751475548094,37.76728112752839,-122.25,37.75
Robert W. Crown SMCA,2007-05-19,14.246131785213947,-122.27751475548094,37.76728112752839,-122.25,37.75
Robert W. Crown SMCA,2007-05-20,14.0630207285285,-122.27751475548094,37.76728112752839,-122.25,37.75
Robert W. Crown SMCA,2007-05-21,13.859401233494282,-122.27751475548094,37.76728112752839,-122.25,37.75
Robert W. Crown SMCA,2007-05-22,13.563493765890598,-122.27751475548094,37.76728112752839,-122.25,37.75
Robert W. Crown SMCA,2007-05-23,13.383312486112118,-122.27751475548094,37.76728112752839,-122.25,37.75
Robert W. Crown SMCA,2007-05-24,13.504898227751255,-122.27751475548094,37.76728112752839,-122.25,37.75
Robert W. Crown SMCA,2007-05-25,13.731223493814468,-122.27751475548094,37.76728112752839,-122.25,37.75
Robert W. Crown SMCA,2007-05-26,13.906277664005756,-122.27751475548094,37.76728112752839,-122.25,37.75
Robert W. Crown SMCA,2007-05-27,14.05496384203434,-122.27751475548094,37.76728112752839,-122.25,37.75
Robert W. Crown SMCA,2007-05-28,14.06741539388895,-122.27751475548094,37.76728112752839,-122.25,37.75
Robert W. Crown SMCA,2007-05-29,14.191198468208313,-122.27751475548094,37.76728112752839,-122.25,37.75
Robert W. Crown SMCA,2007-05-30,14.629200115799904,-122.27751475548094,37.76728112752839,-122.25,37.75
Robert W. Crown SMCA,2007-05-31,15.052552878856659,-122.27751475548094,37.76728112752839,-122.25,37.75
Robert W. Crown SMCA,2007-06-01,15.244453266263008,-122.27751475548094,37.76728112752839,-122.25,37.75
Robert W. Crown SMCA,2007-06-02,15.229804381728172,-122.27751475548094,37.76728112752839,-122.25,37.75
Robert W. Crown SMCA,2007-06-03,15.3477279022336,-122.27751475548094,37.76728112752839,-122.25,37.75
Robert W. Crown SMCA,2007-06-04,15.787194438278675,-122.27751475548094,37.76728112752839,-122.25,37.75
Robert W. Crown SMCA,2007-06-05,16.080904573202133,-122.27751475548094,37.76728112752839,-122.25,37.75
Robert W. Crown SMCA,2007-06-06,15.839197978377342,-122.27751475548094,37.76728112752839,-122.25,37.75
Robert W. Crown SMCA,2007-06-07,15.65828425437212,-122.27751475548094,37.76728112752839,-122.25,37.75
Robert W. Crown SMCA,2007-06-08,15.641438037157059,-122.27751475548094,37.76728112752839,-122.25,37.75
Robert W. Crown SMCA,2007-06-09,15.716879792511463,-122.27751475548094,37.76728112752839,-122.25,37.75
Robert W. Crown SMCA,2007-06-10,15.91610462218523,-122.27751475548094,37.76728112752839,-122.25,37.75
Robert W. Crown SMCA,2007-06-11,15.968108162283897,-122.27751475548094,37.76728112752839,-122.25,37.75
Robert W. Crown SMCA,2007-06-12,15.917569510638714,-122.27751475548094,37.76728112752839,-122.25,37.75
Robert W. Crown SMCA,2007-06-13,16.056733913719654,-122.27751475548094,37.76728112752839,-122.25,37.75
Robert W. Crown SMCA,2007-06-14,16.21420942246914,-122.27751475548094,37.76728112752839,-122.25,37.75
Robert W. Crown SMCA,2007-06-15,16.358500935137272,-122.27751475548094,37.76728112752839,-122.25,37.75
Robert W. Crown SMCA,2007-06-16,16.567979983985424,-122.27751475548094,37.76728112752839,-122.25,37.75
Robert W. Crown SMCA,2007-06-17,16.589220866560936,-122.27751475548094,37.76728112752839,-122.25,37.75
Robert W. Crown SMCA,2007-06-18,16.547471545636654,-122.27751475548094,37.76728112752839,-122.25,37.75
Robert W. Crown SMCA,2007-06-19,16.833857238292694,-122.27751475548094,37.76728112752839,-122.25,37.75
Robert W. Crown SMCA,2007-06-20,17.39271218329668,-122.27751475548094,37.76728112752839,-122.25,37.75
Robert W. Crown SMCA,2007-06-21,17.64247566461563,-122.27751475548094,37.76728112752839,-122.25,37.75
Robert W. Crown SMCA,2007-06-22,17.242561116814613,-122.27751475548094,37.76728112752839,-122.25,37.75
Robert W. Crown SMCA,2007-06-23,16.989135414361954,-122.27751475548094,37.76728112752839,-122.25,37.75
Robert W. Crown SMCA,2007-06-24,16.769402146339417,-122.27751475548094,37.76728112752839,-122.25,37.75
Robert W. Crown SMCA,2007-06-25,16.583361312747,-122.27751475548094,37.76728112752839,-122.25,37.75
Robert W. Crown SMCA,2007-06-26,16.473494678735733,-122.27751475548094,37.76728112752839,-122.25,37.75
Robert W. Crown SMCA,2007-06-27,16.471297346055508,-122.27751475548094,37.76728112752839,-122.25,37.75
Robert W. Crown SMCA,2007-06-28,16.687368392944336,-122.27751475548094,37.76728112752839,-122.25,37.75
Robert W. Crown SMCA,2007-06-29,17.107058934867382,-122.27751475548094,37.76728112752839,-122.25,37.75
Robert W. Crown SMCA,2007-06-30,17.275521107017994,-122.27751475548094,37.76728112752839,-122.25,37.75
Robert W. Crown SMCA,2007-07-01,17.120242930948734,-122.27751475548094,37.76728112752839,-122.25,37.75
Robert W. Crown SMCA,2007-07-02,17.21326334774494,-122.27751475548094,37.76728112752839,-122.25,37.75
Robert W. Crown SMCA,2007-07-03,17.430799283087254,-122.27751475548094,37.76728112752839,-122.25,37.75
Robert W. Crown SMCA,2007-07-04,17.521622367203236,-122.27751475548094,37.76728112752839,-122.25,37.75
Robert W. Crown SMCA,2007-07-05,17.54799035936594,-122.27751475548094,37.76728112752839,-122.25,37.75
Robert W. Crown SMCA,2007-07-06,17.581682793796062,-122.27751475548094,37.76728112752839,-122.25,37.75
Robert W. Crown SMCA,2007-07-07,17.563371688127518,-122.27751475548094,37.76728112752839,-122.25,37.75
Robert W. Crown SMCA,2007-07-08,17.402966402471066,-122.27751475548094,37.76728112752839,-122.25,37.75
Robert W. Crown SMCA,2007-07-09,17.387585073709488,-122.27751475548094,37.76728112752839,-122.25,37.75
Robert W. Crown SMCA,2007-07-10,17.677632987499237,-122.27751475548094,37.76728112752839,-122.25,37.75
Robert W. Crown SMCA,2007-07-11,18.085604421794415,-122.27751475548094,37.76728112752839,-122.25,37.75
Robert W. Crown SMCA,2007-07-12,18.151524402201176,-122.27751475548094,37.76728112752839,-122.25,37.75
Robert W. Crown SMCA,2007-07-13,18.184484392404556,-122.27751475548094,37.76728112752839,-122.25,37.75
Robert W. Crown SMCA,2007-07-14,18.18961150199175,-122.27751475548094,37.76728112752839,-122.25,37.75
Robert W. Crown SMCA,2007-07-15,18.374919891357422,-122.27751475548094,37.76728112752839,-122.25,37.75
Robert W. Crown SMCA,2007-07-16,18.60783715546131,-122.27751475548094,37.76728112752839,-122.25,37.75
Robert W. Crown SMCA,2007-07-17,18.48405408114195,-122.27751475548094,37.76728112752839,-122.25,37.75
Robert W. Crown SMCA,2007-07-18,18.744804225862026,-122.27751475548094,37.76728112752839,-122.25,37.75
Robert W. Crown SMCA,2007-07-19,19.05243080109358,-122.27751475548094,37.76728112752839,-122.25,37.75
Robert W. Crown SMCA,2007-07-20,19.006286814808846,-122.27751475548094,37.76728112752839,-122.25,37.75
Robert W. Crown SMCA,2007-07-21,19.189397871494293,-122.27751475548094,37.76728112752839,-122.25,37.75
Robert W. Crown SMCA,2007-07-22,19.52339243888855,-122.27751475548094,37.76728112752839,-122.25,37.75
Robert W. Crown SMCA,2007-07-23,19.69478438794613,-122.27751475548094,37.76728112752839,-122.25,37.75
Robert W. Crown SMCA,2007-07-24,19.62959685176611,-122.27751475548094,37.76728112752839,-122.25,37.75
Robert W. Crown SMCA,2007-07-25,19.4787133410573,-122.27751475548094,37.76728112752839,-122.25,37.75
Robert W. Crown SMCA,2007-07-26,19.362254709005356,-122.27751475548094,37.76728112752839,-122.25,37.75
Robert W. Crown SMCA,2007-07-27,19.27875606715679,-122.27751475548094,37.76728112752839,-122.25,37.75
Robert W. Crown SMCA,2007-07-28,19.234076969325542,-122.27751475548094,37.76728112752839,-122.25,37.75
Robert W. Crown SMCA,2007-07-29,19.174748986959457,-122.27751475548094,37.76728112752839,-122.25,37.75
Robert W. Crown SMCA,2007-07-30,19.009216591715813,-122.27751475548094,37.76728112752839,-122.25,37.75
Robert W. Crown SMCA,2007-07-31,18.866389967501163,-122.27751475548094,37.76728112752839,-122.25,37.75
Robert W. Crown SMCA,2007-08-01,18.88543351739645,-122.27751475548094,37.76728112752839,-122.25,37.75
Robert W. Crown SMCA,2007-08-02,19.226752527058125,-122.27751475548094,37.76728112752839,-122.25,37.75
Robert W. Crown SMCA,2007-08-03,19.529984436929226,-122.27751475548094,37.76728112752839,-122.25,37.75
Robert W. Crown SMCA,2007-08-04,19.185003206133842,-122.27751475548094,37.76728112752839,-122.25,37.75
Robert W. Crown SMCA,2007-08-05,19.04437391459942,-122.27751475548094,37.76728112752839,-122.25,37.75
Robert W. Crown SMCA,2007-08-06,18.92645039409399,-122.27751475548094,37.76728112752839,-122.25,37.75
Robert W. Crown SMCA,2007-08-07,18.842951752245426,-122.27751475548094,37.76728112752839,-122.25,37.75
Robert W. Crown SMCA,2007-08-08,18.77117221802473,-122.27751475548094,37.76728112752839,-122.25,37.75
Robert W. Crown SMCA,2007-08-09,18.6847437992692,-122.27751475548094,37.76728112752839,-122.25,37.75
Robert W. Crown SMCA,2007-08-10,18.620288707315922,-122.27751475548094,37.76728112752839,-122.25,37.75
Robert W. Crown SMCA,2007-08-11,18.544114507734776,-122.27751475548094,37.76728112752839,-122.25,37.75
Robert W. Crown SMCA,2007-08-12,18.493575856089592,-122.27751475548094,37.76728112752839,-122.25,37.75
Robert W. Crown SMCA,2007-08-13,18.47233497351408,-122.27751475548094,37.76728112752839,-122.25,37.75
Robert W. Crown SMCA,2007-08-14,18.544846951961517,-122.27751475548094,37.76728112752839,-122.25,37.75
Robert W. Crown SMCA,2007-08-15,18.589526049792767,-122.27751475548094,37.76728112752839,-122.25,37.75
Robert W. Crown SMCA,2007-08-16,18.662770472466946,-122.27751475548094,37.76728112752839,-122.25,37.75
Robert W. Crown SMCA,2007-08-17,18.711844235658646,-122.27751475548094,37.76728112752839,-122.25,37.75
Robert W. Crown SMCA,2007-08-18,18.68840602040291,-122.27751475548094,37.76728112752839,-122.25,37.75
Robert W. Crown SMCA,2007-08-19,18.73821222782135,-122.27751475548094,37.76728112752839,-122.25,37.75
Robert W. Crown SMCA,2007-08-20,19.034852139651775,-122.27751475548094,37.76728112752839,-122.25,37.75
Robert W. Crown SMCA,2007-08-21,19.18060854077339,-122.27751475548094,37.76728112752839,-122.25,37.75
Robert W. Crown SMCA,2007-08-22,19.025330364704132,-122.27751475548094,37.76728112752839,-122.25,37.75
Robert W. Crown SMCA,2007-08-23,18.94622638821602,-122.27751475548094,37.76728112752839,-122.25,37.75
Robert W. Crown SMCA,2007-08-24,18.96380504965782,-122.27751475548094,37.76728112752839,-122.25,37.75
Robert W. Crown SMCA,2007-08-25,19.275093846023083,-122.27751475548094,37.76728112752839,-122.25,37.75
Robert W. Crown SMCA,2007-08-26,19.639851070940495,-122.27751475548094,37.76728112752839,-122.25,37.75
Robert W. Crown SMCA,2007-08-27,19.49116489291191,-122.27751475548094,37.76728112752839,-122.25,37.75
Robert W. Crown SMCA,2007-08-28,19.230414748191833,-122.27751475548094,37.76728112752839,-122.25,37.75
Robert W. Crown SMCA,2007-08-29,19.483840450644493,-122.27751475548094,37.76728112752839,-122.25,37.75
Robert W. Crown SMCA,2007-08-30,19.84200567752123,-122.27751475548094,37.76728112752839,-122.25,37.75
Robert W. Crown SMCA,2007-08-31,19.983367413282394,-122.27751475548094,37.76728112752839,-122.25,37.75
Robert W. Crown SMCA,2007-09-01,19.696981720626354,-122.27751475548094,37.76728112752839,-122.25,37.75
Robert W. Crown SMCA,2007-09-02,19.508743554353714,-122.27751475548094,37.76728112752839,-122.25,37.75
Robert W. Crown SMCA,2007-09-03,19.464796900749207,-122.27751475548094,37.76728112752839,-122.25,37.75
Robert W. Crown SMCA,2007-09-04,19.42890713363886,-122.27751475548094,37.76728112752839,-122.25,37.75
Robert W. Crown SMCA,2007-09-05,19.28681295365095,-122.27751475548094,37.76728112752839,-122.25,37.75
Robert W. Crown SMCA,2007-09-06,19.16815698891878,-122.27751475548094,37.76728112752839,-122.25,37.75
Robert W. Crown SMCA,2007-09-07,19.434766687452793,-122.27751475548094,37.76728112752839,-122.25,37.75
Robert W. Crown SMCA,2007-09-08,19.824427016079426,-122.27751475548094,37.76728112752839,-122.25,37.75
Robert W. Crown SMCA,2007-09-09,20.07492294162512,-122.27751475548094,37.76728112752839,-122.25,37.75
Robert W. Crown SMCA,2007-09-10,20.20676290243864,-122.27751475548094,37.76728112752839,-122.25,37.75
Robert W. Crown SMCA,2007-09-11,20.178930021822453,-122.27751475548094,37.76728112752839,-122.25,37.75
Robert W. Crown SMCA,2007-09-12,20.171605579555035,-122.27751475548094,37.76728112752839,-122.25,37.75
Robert W. Crown SMCA,2007-09-13,20.044892728328705,-122.27751475548094,37.76728112752839,-122.25,37.75
Robert W. Crown SMCA,2007-09-14,20.016327403485775,-122.27751475548094,37.76728112752839,-122.25,37.75
Robert W. Crown SMCA,2007-09-15,19.950407423079014,-122.27751475548094,37.76728112752839,-122.25,37.75
Robert W. Crown SMCA,2007-09-16,19.411328472197056,-122.27751475548094,37.76728112752839,-122.25,37.75
Robert W. Crown SMCA,2007-09-17,18.935972169041634,-122.27751475548094,37.76728112752839,-122.25,37.75
Robert W. Crown SMCA,2007-09-18,18.588793605566025,-122.27751475548094,37.76728112752839,-122.25,37.75
Robert W. Crown SMCA,2007-09-19,18.14566484838724,-122.27751475548094,37.76728112752839,-122.25,37.75
Robert W. Crown SMCA,2007-09-20,17.73622852563858,-122.27751475548094,37.76728112752839,-122.25,37.75
Robert W. Crown SMCA,2007-09-21,17.755272075533867,-122.27751475548094,37.76728112752839,-122.25,37.75
Robert W. Crown SMCA,2007-09-22,17.953764460980892,-122.27751475548094,37.76728112752839,-122.25,37.75
Robert W. Crown SMCA,2007-09-23,18.188146613538265,-122.27751475548094,37.76728112752839,-122.25,37.75
Robert W. Crown SMCA,2007-09-24,18.227698601782322,-122.27751475548094,37.76728112752839,-122.25,37.75
Robert W. Crown SMCA,2007-09-25,17.98086489737034,-122.27751475548094,37.76728112752839,-122.25,37.75
Robert W. Crown SMCA,2007-09-26,17.676900543272495,-122.27751475548094,37.76728112752839,-122.25,37.75
Robert W. Crown SMCA,2007-09-27,17.76406140625477,-122.27751475548094,37.76728112752839,-122.25,37.75
Robert W. Crown SMCA,2007-09-28,17.7120578661561,-122.27751475548094,37.76728112752839,-122.25,37.75
Robert W. Crown SMCA,2007-09-29,17.246955782175064,-122.27751475548094,37.76728112752839,-122.25,37.75
Robert W. Crown SMCA,2007-09-30,16.99645985662937,-122.27751475548094,37.76728112752839,-122.25,37.75
Robert W. Crown SMCA,2007-10-01,17.051393173635006,-122.27751475548094,37.76728112752839,-122.25,37.75
Robert W. Crown SMCA,2007-10-02,16.88879055529833,-122.27751475548094,37.76728112752839,-122.25,37.75
Robert W. Crown SMCA,2007-10-03,16.763542592525482,-122.27751475548094,37.76728112752839,-122.25,37.75
Robert W. Crown SMCA,2007-10-04,16.54234443604946,-122.27751475548094,37.76728112752839,-122.25,37.75
Robert W. Crown SMCA,2007-10-05,16.236915193498135,-122.27751475548094,37.76728112752839,-122.25,37.75
Robert W. Crown SMCA,2007-10-06,15.851649530231953,-122.27751475548094,37.76728112752839,-122.25,37.75
Robert W. Crown SMCA,2007-10-07,15.66634114086628,-122.27751475548094,37.76728112752839,-122.25,37.75
Robert W. Crown SMCA,2007-10-08,15.669270917773247,-122.27751475548094,37.76728112752839,-122.25,37.75
Robert W. Crown SMCA,2007-10-09,15.794518880546093,-122.27751475548094,37.76728112752839,-122.25,37.75
Robert W. Crown SMCA,2007-10-10,15.84212775528431,-122.27751475548094,37.76728112752839,-122.25,37.75
Robert W. Crown SMCA,2007-10-11,16.029633477330208,-122.27751475548094,37.76728112752839,-122.25,37.75
Robert W. Crown SMCA,2007-10-12,16.068453021347523,-122.27751475548094,37.76728112752839,-122.25,37.75
Robert W. Crown SMCA,2007-10-13,15.995941042900085,-122.27751475548094,37.76728112752839,-122.25,37.75
Robert W. Crown SMCA,2007-10-14,16.065523244440556,-122.27751475548094,37.76728112752839,-122.25,37.75
Robert W. Crown SMCA,2007-10-15,16.167332991957664,-122.27751475548094,37.76728112752839,-122.25,37.75
Robert W. Crown SMCA,2007-10-16,15.853114418685436,-122.27751475548094,37.76728112752839,-122.25,37.75
Robert W. Crown SMCA,2007-10-17,15.485427416861057,-122.27751475548094,37.76728112752839,-122.25,37.75
Robert W. Crown SMCA,2007-10-18,15.527909182012081,-122.27751475548094,37.76728112752839,-122.25,37.75
Robert W. Crown SMCA,2007-10-19,15.683919802308083,-122.27751475548094,37.76728112752839,-122.25,37.75
Robert W. Crown SMCA,2007-10-20,15.649494923651218,-122.27751475548094,37.76728112752839,-122.25,37.75
Robert W. Crown SMCA,2007-10-21,15.374095894396305,-122.27751475548094,37.76728112752839,-122.25,37.75
Robert W. Crown SMCA,2007-10-22,15.225409716367722,-122.27751475548094,37.76728112752839,-122.25,37.75
Robert W. Crown SMCA,2007-10-23,15.470778532326221,-122.27751475548094,37.76728112752839,-122.25,37.75
Robert W. Crown SMCA,2007-10-24,15.853114418685436,-122.27751475548094,37.76728112752839,-122.25,37.75
Robert W. Crown SMCA,2007-10-25,15.742515340447426,-122.27751475548094,37.76728112752839,-122.25,37.75
Robert W. Crown SMCA,2007-10-26,15.42902921140194,-122.27751475548094,37.76728112752839,-122.25,37.75
Robert W. Crown SMCA,2007-10-27,15.573320724070072,-122.27751475548094,37.76728112752839,-122.25,37.75
Robert W. Crown SMCA,2007-10-28,15.90804773569107,-122.27751475548094,37.76728112752839,-122.25,37.75
Robert W. Crown SMCA,2007-10-29,16.107272565364838,-122.27751475548094,37.76728112752839,-122.25,37.75
Robert W. Crown SMCA,2007-10-30,16.11239967495203,-122.27751475548094,37.76728112752839,-122.25,37.75
Robert W. Crown SMCA,2007-10-31,15.66267891973257,-122.27751475548094,37.76728112752839,-122.25,37.75
Robert W. Crown SMCA,2007-11-01,15.350657679140568,-122.27751475548094,37.76728112752839,-122.25,37.75
Robert W. Crown SMCA,2007-11-02,15.133854188024998,-122.27751475548094,37.76728112752839,-122.25,37.75
Robert W. Crown SMCA,2007-11-03,14.989562675356865,-122.27751475548094,37.76728112752839,-122.25,37.75
Robert W. Crown SMCA,2007-11-04,15.128727078437805,-122.27751475548094,37.76728112752839,-122.25,37.75
Robert W. Crown SMCA,2007-11-05,15.388744778931141,-122.27751475548094,37.76728112752839,-122.25,37.75
Robert W. Crown SMCA,2007-11-06,15.57625050097704,-122.27751475548094,37.76728112752839,-122.25,37.75
Robert W. Crown SMCA,2007-11-07,15.597491383552551,-122.27751475548094,37.76728112752839,-122.25,37.75
Robert W. Crown SMCA,2007-11-08,15.623859375715256,-122.27751475548094,37.76728112752839,-122.25,37.75
Robert W. Crown SMCA,2007-11-09,15.443678095936775,-122.27751475548094,37.76728112752839,-122.25,37.75
Robert W. Crown SMCA,2007-11-10,15.307443469762802,-122.27751475548094,37.76728112752839,-122.25,37.75
Robert W. Crown SMCA,2007-11-11,15.070863984525204,-122.27751475548094,37.76728112752839,-122.25,37.75
Robert W. Crown SMCA,2007-11-12,14.676076546311378,-122.27751475548094,37.76728112752839,-122.25,37.75
Robert W. Crown SMCA,2007-11-13,14.735404528677464,-122.27751475548094,37.76728112752839,-122.25,37.75
Robert W. Crown SMCA,2007-11-14,14.64824366569519,-122.27751475548094,37.76728112752839,-122.25,37.75
Robert W. Crown SMCA,2007-11-15,14.73833430558443,-122.27751475548094,37.76728112752839,-122.25,37.75
Robert W. Crown SMCA,2007-11-16,14.82769250124693,-122.27751475548094,37.76728112752839,-122.25,37.75
Robert W. Crown SMCA,2007-11-17,14.873836487531662,-122.27751475548094,37.76728112752839,-122.25,37.75
Robert W. Crown SMCA,2007-11-18,14.905331589281559,-122.27751475548094,37.76728112752839,-122.25,37.75
Robert W. Crown SMCA,2007-11-19,14.928769804537296,-122.27751475548094,37.76728112752839,-122.25,37.75
Robert W. Crown SMCA,2007-11-20,14.404339738190174,-122.27751475548094,37.76728112752839,-122.25,37.75
Robert W. Crown SMCA,2007-11-21,13.931180767714977,-122.27751475548094,37.76728112752839,-122.25,37.75
Robert W. Crown SMCA,2007-11-22,13.698263503611088,-122.27751475548094,37.76728112752839,-122.25,37.75
Robert W. Crown SMCA,2007-11-23,13.548844881355762,-122.27751475548094,37.76728112752839,-122.25,37.75
Robert W. Crown SMCA,2007-11-24,13.497573785483837,-122.27751475548094,37.76728112752839,-122.25,37.75
Robert W. Crown SMCA,2007-11-25,13.50709556043148,-122.27751475548094,37.76728112752839,-122.25,37.75
Robert W. Crown SMCA,2007-11-26,13.472670681774616,-122.27751475548094,37.76728112752839,-122.25,37.75
Robert W. Crown SMCA,2007-11-27,13.357676938176155,-122.27751475548094,37.76728112752839,-122.25,37.75
Robert W. Crown SMCA,2007-11-28,12.944578394293785,-122.27751475548094,37.76728112752839,-122.25,37.75
Robert W. Crown SMCA,2007-11-29,12.682363361120224,-122.27751475548094,37.76728112752839,-122.25,37.75
Robert W. Crown SMCA,2007-11-30,12.375469230115414,-122.27751475548094,37.76728112752839,-122.25,37.75
Robert W. Crown SMCA,2007-12-01,11.970427572727203,-122.27751475548094,37.76728112752839,-122.25,37.75
Robert W. Crown SMCA,2007-12-02,11.730918310582638,-122.27751475548094,37.76728112752839,-122.25,37.75
Robert W. Crown SMCA,2007-12-03,11.552934363484383,-122.27751475548094,37.76728112752839,-122.25,37.75
Robert W. Crown SMCA,2007-12-04,11.611529901623726,-122.27751475548094,37.76728112752839,-122.25,37.75
Robert W. Crown SMCA,2007-12-05,11.721396535634995,-122.27751475548094,37.76728112752839,-122.25,37.75
Robert W. Crown SMCA,2007-12-06,11.803430289030075,-122.27751475548094,37.76728112752839,-122.25,37.75
Robert W. Crown SMCA,2007-12-07,11.697958320379257,-122.27751475548094,37.76728112752839,-122.25,37.75
Robert W. Crown SMCA,2007-12-08,11.329538874328136,-122.27751475548094,37.76728112752839,-122.25,37.75
Robert W. Crown SMCA,2007-12-09,10.904721222817898,-122.27751475548094,37.76728112752839,-122.25,37.75
Robert W. Crown SMCA,2007-12-10,10.704763948917389,-122.27751475548094,37.76728112752839,-122.25,37.75
Robert W. Crown SMCA,2007-12-11,10.55827510356903,-122.27751475548094,37.76728112752839,-122.25,37.75
Robert W. Crown SMCA,2007-12-12,10.627124860882759,-122.27751475548094,37.76728112752839,-122.25,37.75
Robert W. Crown SMCA,2007-12-13,10.685720399022102,-122.27751475548094,37.76728112752839,-122.25,37.75
Robert W. Crown SMCA,2007-12-14,10.3736991584301,-122.27751475548094,37.76728112752839,-122.25,37.75
Robert W. Crown SMCA,2007-12-15,10.395672485232353,-122.27751475548094,37.76728112752839,-122.25,37.75
Robert W. Crown SMCA,2007-12-16,10.496017344295979,-122.27751475548094,37.76728112752839,-122.25,37.75
Robert W. Crown SMCA,2007-12-17,10.430097363889217,-122.27751475548094,37.76728112752839,-122.25,37.75
Robert W. Crown SMCA,2007-12-18,10.345866277813911,-122.27751475548094,37.76728112752839,-122.25,37.75
Robert W. Crown SMCA,2007-12-19,10.399334706366062,-122.27751475548094,37.76728112752839,-122.25,37.75
Robert W. Crown SMCA,2007-12-20,10.458662688732147,-122.27751475548094,37.76728112752839,-122.25,37.75
Robert W. Crown SMCA,2007-12-21,10.30851162225008,-122.27751475548094,37.76728112752839,-122.25,37.75
Robert W. Crown SMCA,2007-12-22,10.224280536174774,-122.27751475548094,37.76728112752839,-122.25,37.75
Robert W. Crown SMCA,2007-12-23,10.378826268017292,-122.27751475548094,37.76728112752839,-122.25,37.75
Robert W. Crown SMCA,2007-12-24,10.42716758698225,-122.27751475548094,37.76728112752839,-122.25,37.75
Robert W. Crown SMCA,2007-12-25,10.205236986279488,-122.27751475548094,37.76728112752839,-122.25,37.75
Robert W. Crown SMCA,2007-12-26,10.060945473611355,-122.27751475548094,37.76728112752839,-122.25,37.75
Robert W. Crown SMCA,2007-12-27,9.758446007966995,-122.27751475548094,37.76728112752839,-122.25,37.75
Robert W. Crown SMCA,2007-12-28,9.647114485502243,-122.27751475548094,37.76728112752839,-122.25,37.75
Robert W. Crown SMCA,2007-12-29,9.665425591170788,-122.27751475548094,37.76728112752839,-122.25,37.75
Robert W. Crown SMCA,2007-12-30,9.70717491209507,-122.27751475548094,37.76728112752839,-122.25,37.75
Robert W. Crown SMCA,2007-12-31,9.56434828788042,-122.27751475548094,37.76728112752839,-122.25,37.75
Robert W. Crown SMCA,2008-01-01,9.603167831897736,-122.27751475548094,37.76728112752839,-122.25,37.75
Robert W. Crown SMCA,2008-01-02,9.72328868508339,-122.27751475548094,37.76728112752839,-122.25,37.75
Robert W. Crown SMCA,2008-01-03,9.656636260449886,-122.27751475548094,37.76728112752839,-122.25,37.75
Robert W. Crown SMCA,2008-01-04,9.647114485502243,-122.27751475548094,37.76728112752839,-122.25,37.75
Robert W. Crown SMCA,2008-01-05,9.712302021682262,-122.27751475548094,37.76728112752839,-122.25,37.75
Robert W. Crown SMCA,2008-01-06,9.643452264368534,-122.27751475548094,37.76728112752839,-122.25,37.75
Robert W. Crown SMCA,2008-01-07,9.614886939525604,-122.27751475548094,37.76728112752839,-122.25,37.75
Robert W. Crown SMCA,2008-01-08,9.590716280043125,-122.27751475548094,37.76728112752839,-122.25,37.75
Robert W. Crown SMCA,2008-01-09,9.565813176333904,-122.27751475548094,37.76728112752839,-122.25,37.75
Robert W. Crown SMCA,2008-01-10,9.685201585292816,-122.27751475548094,37.76728112752839,-122.25,37.75
Robert W. Crown SMCA,2008-01-11,9.819238878786564,-122.27751475548094,37.76728112752839,-122.25,37.75
Robert W. Crown SMCA,2008-01-12,10.03823970258236,-122.27751475548094,37.76728112752839,-122.25,37.75
Robert W. Crown SMCA,2008-01-13,10.244056530296803,-122.27751475548094,37.76728112752839,-122.25,37.75
Robert W. Crown SMCA,2008-01-14,10.527512446045876,-122.27751475548094,37.76728112752839,-122.25,37.75
Robert W. Crown SMCA,2008-01-15,10.571459099650383,-122.27751475548094,37.76728112752839,-122.25,37.75
Robert W. Crown SMCA,2008-01-16,10.249183639883995,-122.27751475548094,37.76728112752839,-122.25,37.75
Robert W. Crown SMCA,2008-01-17,10.167149886488914,-122.27751475548094,37.76728112752839,-122.25,37.75
Robert W. Crown SMCA,2008-01-18,10.2755516320467,-122.27751475548094,37.76728112752839,-122.25,37.75
Robert W. Crown SMCA,2008-01-19,10.563402213156223,-122.27751475548094,37.76728112752839,-122.25,37.75
Robert W. Crown SMCA,2008-01-20,10.836603909730911,-122.27751475548094,37.76728112752839,-122.25,37.75
Robert W. Crown SMCA,2008-01-21,10.491622678935528,-122.27751475548094,37.76728112752839,-122.25,37.75
Robert W. Crown SMCA,2008-01-22,10.64397107809782,-122.27751475548094,37.76728112752839,-122.25,37.75
Robert W. Crown SMCA,2008-01-23,10.96697898209095,-122.27751475548094,37.76728112752839,-122.25,37.75
Robert W. Crown SMCA,2008-01-24,11.078310504555702,-122.27751475548094,37.76728112752839,-122.25,37.75
Robert W. Crown SMCA,2008-01-25,10.65202796459198,-122.27751475548094,37.76728112752839,-122.25,37.75
Robert W. Crown SMCA,2008-01-26,10.37003693729639,-122.27751475548094,37.76728112752839,-122.25,37.75
Robert W. Crown SMCA,2008-01-27,10.419843144714832,-122.27751475548094,37.76728112752839,-122.25,37.75
Robert W. Crown SMCA,2008-01-28,10.346598722040653,-122.27751475548094,37.76728112752839,-122.25,37.75
Robert W. Crown SMCA,2008-01-29,10.172276996076107,-122.27751475548094,37.76728112752839,-122.25,37.75
Robert W. Crown SMCA,2008-01-30,9.963530391454697,-122.27751475548094,37.76728112752839,-122.25,37.75
Robert W. Crown SMCA,2008-01-31,9.990630827844143,-122.27751475548094,37.76728112752839,-122.25,37.75
Robert W. Crown SMCA,2008-02-01,9.980376608669758,-122.27751475548094,37.76728112752839,-122.25,37.75
Robert W. Crown SMCA,2008-02-02,9.973784610629082,-122.27751475548094,37.76728112752839,-122.25,37.75
Robert W. Crown SMCA,2008-02-03,9.954008616507053,-122.27751475548094,37.76728112752839,-122.25,37.75
Robert W. Crown SMCA,2008-02-04,9.91152685135603,-122.27751475548094,37.76728112752839,-122.25,37.75
Robert W. Crown SMCA,2008-02-05,9.796533107757568,-122.27751475548094,37.76728112752839,-122.25,37.75
Robert W. Crown SMCA,2008-02-06,9.86684775352478,-122.27751475548094,37.76728112752839,-122.25,37.75
Robert W. Crown SMCA,2008-02-07,9.9811090528965,-122.27751475548094,37.76728112752839,-122.25,37.75
Robert W. Crown SMCA,2008-02-08,10.11587879061699,-122.27751475548094,37.76728112752839,-122.25,37.75
Robert W. Crown SMCA,2008-02-09,10.30851162225008,-122.27751475548094,37.76728112752839,-122.25,37.75
Robert W. Crown SMCA,2008-02-10,10.585375539958477,-122.27751475548094,37.76728112752839,-122.25,37.75
Robert W. Crown SMCA,2008-02-11,10.769951485097408,-122.27751475548094,37.76728112752839,-122.25,37.75
Robert W. Crown SMCA,2008-02-12,10.908383443951607,-122.27751475548094,37.76728112752839,-122.25,37.75
Robert W. Crown SMCA,2008-02-13,11.035096295177937,-122.27751475548094,37.76728112752839,-122.25,37.75
Robert W. Crown SMCA,2008-02-14,10.929624326527119,-122.27751475548094,37.76728112752839,-122.25,37.75
Robert W. Crown SMCA,2008-02-15,10.90545366704464,-122.27751475548094,37.76728112752839,-122.25,37.75
Robert W. Crown SMCA,2008-02-16,11.154484704136848,-122.27751475548094,37.76728112752839,-122.25,37.75
Robert W. Crown SMCA,2008-02-17,11.461378835141659,-122.27751475548094,37.76728112752839,-122.25,37.75
Robert W. Crown SMCA,2008-02-18,11.67891477048397,-122.27751475548094,37.76728112752839,-122.25,37.75
Robert W. Crown SMCA,2008-02-19,11.815149396657944,-122.27751475548094,37.76728112752839,-122.25,37.75
Robert W. Crown SMCA,2008-02-20,11.833460502326488,-122.27751475548094,37.76728112752839,-122.25,37.75
Robert W. Crown SMCA,2008-02-21,11.925748474895954,-122.27751475548094,37.76728112752839,-122.25,37.75
Robert W. Crown SMCA,2008-02-22,11.796105846762657,-122.27751475548094,37.76728112752839,-122.25,37.75
Robert W. Crown SMCA,2008-02-23,11.741904973983765,-122.27751475548094,37.76728112752839,-122.25,37.75
Robert W. Crown SMCA,2008-02-24,11.369090862572193,-122.27751475548094,37.76728112752839,-122.25,37.75
Robert W. Crown SMCA,2008-02-25,11.374950416386127,-122.27751475548094,37.76728112752839,-122.25,37.75
Robert W. Crown SMCA,2008-02-26,11.569780580699444,-122.27751475548094,37.76728112752839,-122.25,37.75
Robert W. Crown SMCA,2008-02-27,11.848841831088066,-122.27751475548094,37.76728112752839,-122.25,37.75
Robert W. Crown SMCA,2008-02-28,11.714072093367577,-122.27751475548094,37.76728112752839,-122.25,37.75
Robert W. Crown SMCA,2008-02-29,11.703817874193192,-122.27751475548094,37.76728112752839,-122.25,37.75
Robert W. Crown SMCA,2008-03-01,11.83419294655323,-122.27751475548094,37.76728112752839,-122.25,37.75
Robert W. Crown SMCA,2008-03-02,11.686239212751389,-122.27751475548094,37.76728112752839,-122.25,37.75
Robert W. Crown SMCA,2008-03-03,11.530961036682129,-122.27751475548094,37.76728112752839,-122.25,37.75
Robert W. Crown SMCA,2008-03-04,11.577105022966862,-122.27751475548094,37.76728112752839,-122.25,37.75
Robert W. Crown SMCA,2008-03-05,11.517777040600777,-122.27751475548094,37.76728112752839,-122.25,37.75
Robert W. Crown SMCA,2008-03-06,11.618854343891144,-122.27751475548094,37.76728112752839,-122.25,37.75
Robert W. Crown SMCA,2008-03-07,11.869350269436836,-122.27751475548094,37.76728112752839,-122.25,37.75
Robert W. Crown SMCA,2008-03-08,12.135227523744106,-122.27751475548094,37.76728112752839,-122.25,37.75
Robert W. Crown SMCA,2008-03-09,12.053926214575768,-122.27751475548094,37.76728112752839,-122.25,37.75
Robert W. Crown SMCA,2008-03-10,12.391583003103733,-122.27751475548094,37.76728112752839,-122.25,37.75
Robert W. Crown SMCA,2008-03-11,12.75853756070137,-122.27751475548094,37.76728112752839,-122.25,37.75
Robert W. Crown SMCA,2008-03-12,12.639149151742458,-122.27751475548094,37.76728112752839,-122.25,37.75
Robert W. Crown SMCA,2008-03-13,12.64793848246336,-122.27751475548094,37.76728112752839,-122.25,37.75
Robert W. Crown SMCA,2008-03-14,12.639149151742458,-122.27751475548094,37.76728112752839,-122.25,37.75
Robert W. Crown SMCA,2008-03-15,12.512436300516129,-122.27751475548094,37.76728112752839,-122.25,37.75
Robert W. Crown SMCA,2008-03-16,12.065645322203636,-122.27751475548094,37.76728112752839,-122.25,37.75
Robert W. Crown SMCA,2008-03-17,11.709677428007126,-122.27751475548094,37.76728112752839,-122.25,37.75
Robert W. Crown SMCA,2008-03-18,11.701620541512966,-122.27751475548094,37.76728112752839,-122.25,37.75
Robert W. Crown SMCA,2008-03-19,11.822473838925362,-122.27751475548094,37.76728112752839,-122.25,37.75
Robert W. Crown SMCA,2008-03-20,11.925016030669212,-122.27751475548094,37.76728112752839,-122.25,37.75
Robert W. Crown SMCA,2008-03-21,11.996063120663166,-122.27751475548094,37.76728112752839,-122.25,37.75
Robert W. Crown SMCA,2008-03-22,12.04660177230835,-122.27751475548094,37.76728112752839,-122.25,37.75
Robert W. Crown SMCA,2008-03-23,12.159398183226585,-122.27751475548094,37.76728112752839,-122.25,37.75
Robert W. Crown SMCA,2008-03-24,12.331522576510906,-122.27751475548094,37.76728112752839,-122.25,37.75
Robert W. Crown SMCA,2008-03-25,12.510238967835903,-122.27751475548094,37.76728112752839,-122.25,37.75
Robert W. Crown SMCA,2008-03-26,12.683095805346966,-122.27751475548094,37.76728112752839,-122.25,37.75
Robert W. Crown SMCA,2008-03-27,12.569566950201988,-122.27751475548094,37.76728112752839,-122.25,37.75
Robert W. Crown SMCA,2008-03-28,12.387188337743282,-122.27751475548094,37.76728112752839,-122.25,37.75
Robert W. Crown SMCA,2008-03-29,12.275124371051788,-122.27751475548094,37.76728112752839,-122.25,37.75
Robert W. Crown SMCA,2008-03-30,11.95651113241911,-122.27751475548094,37.76728112752839,-122.25,37.75
Robert W. Crown SMCA,2008-03-31,11.681112103164196,-122.27751475548094,37.76728112752839,-122.25,37.75
Robert W. Crown SMCA,2008-04-01,11.834925390779972,-122.27751475548094,37.76728112752839,-122.25,37.75
Robert W. Crown SMCA,2008-04-02,12.202612392604351,-122.27751475548094,37.76728112752839,-122.25,37.75
Robert W. Crown SMCA,2008-04-03,12.35789056867361,-122.27751475548094,37.76728112752839,-122.25,37.75
Robert W. Crown SMCA,2008-04-04,12.628162488341331,-122.27751475548094,37.76728112752839,-122.25,37.75
Robert W. Crown SMCA,2008-04-05,12.468489646911621,-122.27751475548094,37.76728112752839,-122.25,37.75
Robert W. Crown SMCA,2008-04-06,12.12057863920927,-122.27751475548094,37.76728112752839,-122.25,37.75
Robert W. Crown SMCA,2008-04-07,12.1491439640522,-122.27751475548094,37.76728112752839,-122.25,37.75
Robert W. Crown SMCA,2008-04-08,12.009247116744518,-122.27751475548094,37.76728112752839,-122.25,37.75
Robert W. Crown SMCA,2008-04-09,12.013641782104969,-122.27751475548094,37.76728112752839,-122.25,37.75
Robert W. Crown SMCA,2008-04-10,12.012176893651485,-122.27751475548094,37.76728112752839,-122.25,37.75
Robert W. Crown SMCA,2008-04-11,12.045136883854866,-122.27751475548094,37.76728112752839,-122.25,37.75
Robert W. Crown SMCA,2008-04-12,12.497054971754551,-122.27751475548094,37.76728112752839,-122.25,37.75
Robert W. Crown SMCA,2008-04-13,13.074221022427082,-122.27751475548094,37.76728112752839,-122.25,37.75
Robert W. Crown SMCA,2008-04-14,13.07348857820034,-122.27751475548094,37.76728112752839,-122.25,37.75
Robert W. Crown SMCA,2008-04-15,12.77904599905014,-122.27751475548094,37.76728112752839,-122.25,37.75
Robert W. Crown SMCA,2008-04-16,12.489730529487133,-122.27751475548094,37.76728112752839,-122.25,37.75
Robert W. Crown SMCA,2008-04-17,12.445783875882626,-122.27751475548094,37.76728112752839,-122.25,37.75
Robert W. Crown SMCA,2008-04-18,12.579088725149632,-122.27751475548094,37.76728112752839,-122.25,37.75
Robert W. Crown SMCA,2008-04-19,12.411358997225761,-122.27751475548094,37.76728112752839,-122.25,37.75
Robert W. Crown SMCA,2008-04-20,11.983611568808556,-122.27751475548094,37.76728112752839,-122.25,37.75
Robert W. Crown SMCA,2008-04-21,11.771935187280178,-122.27751475548094,37.76728112752839,-122.25,37.75
Robert W. Crown SMCA,2008-04-22,11.942594692111015,-122.27751475548094,37.76728112752839,-122.25,37.75
Robert W. Crown SMCA,2008-04-23,12.154271073639393,-122.27751475548094,37.76728112752839,-122.25,37.75
Robert W. Crown SMCA,2008-04-24,12.227515496313572,-122.27751475548094,37.76728112752839,-122.25,37.75
Robert W. Crown SMCA,2008-04-25,12.273659482598305,-122.27751475548094,37.76728112752839,-122.25,37.75
Robert W. Crown SMCA,2008-04-26,12.544663846492767,-122.27751475548094,37.76728112752839,-122.25,37.75
Robert W. Crown SMCA,2008-04-27,12.878658413887024,-122.27751475548094,37.76728112752839,-122.25,37.75
Robert W. Crown SMCA,2008-04-28,13.22070986777544,-122.27751475548094,37.76728112752839,-122.25,37.75
Robert W. Crown SMCA,2008-04-29,13.485854677855968,-122.27751475548094,37.76728112752839,-122.25,37.75
Robert W. Crown SMCA,2008-04-30,13.450697354972363,-122.27751475548094,37.76728112752839,-122.25,37.75
Robert W. Crown SMCA,2008-05-01,13.147465445101261,-122.27751475548094,37.76728112752839,-122.25,37.75
Robert W. Crown SMCA,2008-05-02,13.096194349229336,-122.27751475548094,37.76728112752839,-122.25,37.75
Robert W. Crown SMCA,2008-05-03,13.203131206333637,-122.27751475548094,37.76728112752839,-122.25,37.75
Robert W. Crown SMCA,2008-05-04,13.247077859938145,-122.27751475548094,37.76728112752839,-122.25,37.75
Robert W. Crown SMCA,2008-05-05,13.259529411792755,-122.27751475548094,37.76728112752839,-122.25,37.75
Robert W. Crown SMCA,2008-05-06,13.39649648219347,-122.27751475548094,37.76728112752839,-122.25,37.75
Robert W. Crown SMCA,2008-05-07,13.393566705286503,-122.27751475548094,37.76728112752839,-122.25,37.75
Robert W. Crown SMCA,2008-05-08,13.307138286530972,-122.27751475548094,37.76728112752839,-122.25,37.75
Robert W. Crown SMCA,2008-05-09,13.254402302205563,-122.27751475548094,37.76728112752839,-122.25,37.75
Robert W. Crown SMCA,2008-05-10,13.268318742513657,-122.27751475548094,37.76728112752839,-122.25,37.75
Robert W. Crown SMCA,2008-05-11,13.423596918582916,-122.27751475548094,37.76728112752839,-122.25,37.75
Robert W. Crown SMCA,2008-05-12,13.386974707245827,-122.27751475548094,37.76728112752839,-122.25,37.75
Robert W. Crown SMCA,2008-05-13,13.319589838385582,-122.27751475548094,37.76728112752839,-122.25,37.75
Robert W. Crown SMCA,2008-05-14,13.529068887233734,-122.27751475548094,37.76728112752839,-122.25,37.75
Robert W. Crown SMCA,2008-05-15,13.889431446790695,-122.27751475548094,37.76728112752839,-122.25,37.75
Robert W. Crown SMCA,2008-05-16,14.513473927974701,-122.27751475548094,37.76728112752839,-122.25,37.75
Robert W. Crown SMCA,2008-05-17,15.169743955135345,-122.27751475548094,37.76728112752839,-122.25,37.75
Robert W. Crown SMCA,2008-05-18,15.52351451665163,-122.27751475548094,37.76728112752839,-122.25,37.75
Robert W. Crown SMCA,2008-05-19,15.703695796430111,-122.27751475548094,37.76728112752839,-122.25,37.75
Robert W. Crown SMCA,2008-05-20,15.68318735808134,-122.27751475548094,37.76728112752839,-122.25,37.75
Robert W. Crown SMCA,2008-05-21,15.35578478872776,-122.27751475548094,37.76728112752839,-122.25,37.75
Robert W. Crown SMCA,2008-05-22,14.657765440642834,-122.27751475548094,37.76728112752839,-122.25,37.75
Robert W. Crown SMCA,2008-05-23,13.97732475399971,-122.27751475548094,37.76728112752839,-122.25,37.75
Robert W. Crown SMCA,2008-05-24,13.896023444831371,-122.27751475548094,37.76728112752839,-122.25,37.75
Robert W. Crown SMCA,2008-05-25,14.317178875207901,-122.27751475548094,37.76728112752839,-122.25,37.75
Robert W. Crown SMCA,2008-05-26,14.692190319299698,-122.27751475548094,37.76728112752839,-122.25,37.75
Robert W. Crown SMCA,2008-05-27,14.940488912165165,-122.27751475548094,37.76728112752839,-122.25,37.75
Robert W. Crown SMCA,2008-05-28,15.139713741838932,-122.27751475548094,37.76728112752839,-122.25,37.75
Robert W. Crown SMCA,2008-05-29,15.341135904192924,-122.27751475548094,37.76728112752839,-122.25,37.75
Robert W. Crown SMCA,2008-05-30,15.582842499017715,-122.27751475548094,37.76728112752839,-122.25,37.75
Robert W. Crown SMCA,2008-05-31,15.57625050097704,-122.27751475548094,37.76728112752839,-122.25,37.75
Robert W. Crown SMCA,2008-06-01,15.287667475640774,-122.27751475548094,37.76728112752839,-122.25,37.75
Robert W. Crown SMCA,2008-06-02,15.185125283896923,-122.27751475548094,37.76728112752839,-122.25,37.75
Robert W. Crown SMCA,2008-06-03,15.197576835751534,-122.27751475548094,37.76728112752839,-122.25,37.75
Robert W. Crown SMCA,2008-06-04,15.160954624414444,-122.27751475548094,37.76728112752839,-122.25,37.75
Robert W. Crown SMCA,2008-06-05,14.922910250723362,-122.27751475548094,37.76728112752839,-122.25,37.75
Robert W. Crown SMCA,2008-06-06,14.866512045264244,-122.27751475548094,37.76728112752839,-122.25,37.75
Robert W. Crown SMCA,2008-06-07,14.688528098165989,-122.27751475548094,37.76728112752839,-122.25,37.75
Robert W. Crown SMCA,2008-06-08,14.579393908381462,-122.27751475548094,37.76728112752839,-122.25,37.75
Robert W. Crown SMCA,2008-06-09,14.637257002294064,-122.27751475548094,37.76728112752839,-122.25,37.75
Robert W. Crown SMCA,2008-06-10,14.761772520840168,-122.27751475548094,37.76728112752839,-122.25,37.75
Robert W. Crown SMCA,2008-06-11,14.685598321259022,-122.27751475548094,37.76728112752839,-122.25,37.75
Robert W. Crown SMCA,2008-06-12,14.690725430846214,-122.27751475548094,37.76728112752839,-122.25,37.75
Robert W. Crown SMCA,2008-06-13,15.131656855344772,-122.27751475548094,37.76728112752839,-122.25,37.75
Robert W. Crown SMCA,2008-06-14,15.69930113106966,-122.27751475548094,37.76728112752839,-122.25,37.75
Robert W. Crown SMCA,2008-06-15,15.86263619363308,-122.27751475548094,37.76728112752839,-122.25,37.75
Robert W. Crown SMCA,2008-06-16,15.541093178093433,-122.27751475548094,37.76728112752839,-122.25,37.75
Robert W. Crown SMCA,2008-06-17,15.452467426657677,-122.27751475548094,37.76728112752839,-122.25,37.75
Robert W. Crown SMCA,2008-06-18,15.41731010377407,-122.27751475548094,37.76728112752839,-122.25,37.75
Robert W. Crown SMCA,2008-06-19,15.486159861087799,-122.27751475548094,37.76728112752839,-122.25,37.75
Robert W. Crown SMCA,2008-06-20,15.742515340447426,-122.27751475548094,37.76728112752839,-122.25,37.75
Robert W. Crown SMCA,2008-06-21,16.232520528137684,-122.27751475548094,37.76728112752839,-122.25,37.75
Robert W. Crown SMCA,2008-06-22,16.560655541718006,-122.27751475548094,37.76728112752839,-122.25,37.75
Robert W. Crown SMCA,2008-06-23,16.452986240386963,-122.27751475548094,37.76728112752839,-122.25,37.75
Robert W. Crown SMCA,2008-06-24,16.392925813794136,-122.27751475548094,37.76728112752839,-122.25,37.75
Robert W. Crown SMCA,2008-06-25,16.322611168026924,-122.27751475548094,37.76728112752839,-122.25,37.75
Robert W. Crown SMCA,2008-06-26,16.191503651440144,-122.27751475548094,37.76728112752839,-122.25,37.75
Robert W. Crown SMCA,2008-06-27,16.298440508544445,-122.27751475548094,37.76728112752839,-122.25,37.75
Robert W. Crown SMCA,2008-06-28,16.825800351798534,-122.27751475548094,37.76728112752839,-122.25,37.75
Robert W. Crown SMCA,2008-06-29,17.177373580634594,-122.27751475548094,37.76728112752839,-122.25,37.75
Robert W. Crown SMCA,2008-06-30,17.291634880006313,-122.27751475548094,37.76728112752839,-122.25,37.75
Robert W. Crown SMCA,2008-07-01,17.375133521854877,-122.27751475548094,37.76728112752839,-122.25,37.75
Robert W. Crown SMCA,2008-07-02,17.665181435644627,-122.27751475548094,37.76728112752839,-122.25,37.75
Robert W. Crown SMCA,2008-07-03,17.906888030469418,-122.27751475548094,37.76728112752839,-122.25,37.75
Robert W. Crown SMCA,2008-07-04,18.103183083236217,-122.27751475548094,37.76728112752839,-122.25,37.75
Robert W. Crown SMCA,2008-07-05,18.294351026415825,-122.27751475548094,37.76728112752839,-122.25,37.75
Robert W. Crown SMCA,2008-07-06,18.09219641983509,-122.27751475548094,37.76728112752839,-122.25,37.75
Robert W. Crown SMCA,2008-07-07,17.982329785823822,-122.27751475548094,37.76728112752839,-122.25,37.75
Robert W. Crown SMCA,2008-07-08,18.00210577994585,-122.27751475548094,37.76728112752839,-122.25,37.75
Robert W. Crown SMCA,2008-07-09,18.400555439293385,-122.27751475548094,37.76728112752839,-122.25,37.75
Robert W. Crown SMCA,2008-07-10,18.781426437199116,-122.27751475548094,37.76728112752839,-122.25,37.75
Robert W. Crown SMCA,2008-07-11,18.57927183061838,-122.27751475548094,37.76728112752839,-122.25,37.75
Robert W. Crown SMCA,2008-07-12,18.93084505945444,-122.27751475548094,37.76728112752839,-122.25,37.75
Robert W. Crown SMCA,2008-07-13,19.435499131679535,-122.27751475548094,37.76728112752839,-122.25,37.75
Robert W. Crown SMCA,2008-07-14,19.587847530841827,-122.27751475548094,37.76728112752839,-122.25,37.75
Robert W. Crown SMCA,2008-07-15,19.690389722585678,-122.27751475548094,37.76728112752839,-122.25,37.75
Robert W. Crown SMCA,2008-07-16,19.863979004323483,-122.27751475548094,37.76728112752839,-122.25,37.75
Robert W. Crown SMCA,2008-07-17,19.34321115911007,-122.27751475548094,37.76728112752839,-122.25,37.75
Robert W. Crown SMCA,2008-07-18,18.888363294303417,-122.27751475548094,37.76728112752839,-122.25,37.75
Robert W. Crown SMCA,2008-07-19,18.576342053711414,-122.27751475548094,37.76728112752839,-122.25,37.75
Robert W. Crown SMCA,2008-07-20,18.33390301465988,-122.27751475548094,37.76728112752839,-122.25,37.75
Robert W. Crown SMCA,2008-07-21,18.229895934462547,-122.27751475548094,37.76728112752839,-122.25,37.75
Robert W. Crown SMCA,2008-07-22,18.134678184986115,-122.27751475548094,37.76728112752839,-122.25,37.75
Robert W. Crown SMCA,2008-07-23,17.975005343556404,-122.27751475548094,37.76728112752839,-122.25,37.75
Robert W. Crown SMCA,2008-07-24,17.84682760387659,-122.27751475548094,37.76728112752839,-122.25,37.75
Robert W. Crown SMCA,2008-07-25,17.73549608141184,-122.27751475548094,37.76728112752839,-122.25,37.75
Robert W. Crown SMCA,2008-07-26,17.73549608141184,-122.27751475548094,37.76728112752839,-122.25,37.75
Robert W. Crown SMCA,2008-07-27,17.878322705626488,-122.27751475548094,37.76728112752839,-122.25,37.75
Robert W. Crown SMCA,2008-07-28,17.958891570568085,-122.27751475548094,37.76728112752839,-122.25,37.75
Robert W. Crown SMCA,2008-07-29,18.02993866056204,-122.27751475548094,37.76728112752839,-122.25,37.75
Robert W. Crown SMCA,2008-07-30,18.131748408079147,-122.27751475548094,37.76728112752839,-122.25,37.75
Robert W. Crown SMCA,2008-07-31,18.16104617714882,-122.27751475548094,37.76728112752839,-122.25,37.75
Robert W. Crown SMCA,2008-08-01,18.20645771920681,-122.27751475548094,37.76728112752839,-122.25,37.75
Robert W. Crown SMCA,2008-08-02,18.232093267142773,-122.27751475548094,37.76728112752839,-122.25,37.75
Robert W. Crown SMCA,2008-08-03,18.13248085230589,-122.27751475548094,37.76728112752839,-122.25,37.75
Robert W. Crown SMCA,2008-08-04,18.037995547056198,-122.27751475548094,37.76728112752839,-122.25,37.75
Robert W. Crown SMCA,2008-08-05,18.03433332592249,-122.27751475548094,37.76728112752839,-122.25,37.75
Robert W. Crown SMCA,2008-08-06,18.095126196742058,-122.27751475548094,37.76728112752839,-122.25,37.75
Robert W. Crown SMCA,2008-08-07,18.163975954055786,-122.27751475548094,37.76728112752839,-122.25,37.75
Robert W. Crown SMCA,2008-08-08,18.16910306364298,-122.27751475548094,37.76728112752839,-122.25,37.75
Robert W. Crown SMCA,2008-08-09,18.180822171270847,-122.27751475548094,37.76728112752839,-122.25,37.75
Robert W. Crown SMCA,2008-08-10,18.1537217348814,-122.27751475548094,37.76728112752839,-122.25,37.75
Robert W. Crown SMCA,2008-08-11,18.093661308288574,-122.27751475548094,37.76728112752839,-122.25,37.75
Robert W. Crown SMCA,2008-08-12,18.052644431591034,-122.27751475548094,37.76728112752839,-122.25,37.75
Robert W. Crown SMCA,2008-08-13,17.98599200695753,-122.27751475548094,37.76728112752839,-122.25,37.75
Robert W. Crown SMCA,2008-08-14,18.002838224172592,-122.27751475548094,37.76728112752839,-122.25,37.75
Robert W. Crown SMCA,2008-08-15,18.12076174467802,-122.27751475548094,37.76728112752839,-122.25,37.75
Robert W. Crown SMCA,2008-08-16,18.268715478479862,-122.27751475548094,37.76728112752839,-122.25,37.75
Robert W. Crown SMCA,2008-08-17,18.560960724949837,-122.27751475548094,37.76728112752839,-122.25,37.75
Robert W. Crown SMCA,2008-08-18,18.944029055535793,-122.27751475548094,37.76728112752839,-122.25,37.75
Robert W. Crown SMCA,2008-08-19,19.226020082831383,-122.27751475548094,37.76728112752839,-122.25,37.75
Robert W. Crown SMCA,2008-08-20,19.369579151272774,-122.27751475548094,37.76728112752839,-122.25,37.75
Robert W. Crown SMCA,2008-08-21,19.369579151272774,-122.27751475548094,37.76728112752839,-122.25,37.75
Robert W. Crown SMCA,2008-08-22,19.11468856036663,-122.27751475548094,37.76728112752839,-122.25,37.75
Robert W. Crown SMCA,2008-08-23,19.04437391459942,-122.27751475548094,37.76728112752839,-122.25,37.75
Robert W. Crown SMCA,2008-08-24,19.070741906762123,-122.27751475548094,37.76728112752839,-122.25,37.75
Robert W. Crown SMCA,2008-08-25,19.104434341192245,-122.27751475548094,37.76728112752839,-122.25,37.75
Robert W. Crown SMCA,2008-08-26,18.935239724814892,-122.27751475548094,37.76728112752839,-122.25,37.75
Robert W. Crown SMCA,2008-08-27,18.738944672048092,-122.27751475548094,37.76728112752839,-122.25,37.75
Robert W. Crown SMCA,2008-08-28,18.75505844503641,-122.27751475548094,37.76728112752839,-122.25,37.75
Robert W. Crown SMCA,2008-08-29,18.932309947907925,-122.27751475548094,37.76728112752839,-122.25,37.75
Robert W. Crown SMCA,2008-08-30,19.027527697384357,-122.27751475548094,37.76728112752839,-122.25,37.75
Robert W. Crown SMCA,2008-08-31,18.738944672048092,-122.27751475548094,37.76728112752839,-122.25,37.75
Robert W. Crown SMCA,2008-09-01,18.311197243630886,-122.27751475548094,37.76728112752839,-122.25,37.75
Robert W. Crown SMCA,2008-09-02,18.1046479716897,-122.27751475548094,37.76728112752839,-122.25,37.75
Robert W. Crown SMCA,2008-09-03,18.035798214375973,-122.27751475548094,37.76728112752839,-122.25,37.75
Robert W. Crown SMCA,2008-09-04,18.074617758393288,-122.27751475548094,37.76728112752839,-122.25,37.75
Robert W. Crown SMCA,2008-09-05,18.240882597863674,-122.27751475548094,37.76728112752839,-122.25,37.75
Robert W. Crown SMCA,2008-09-06,18.58220160752535,-122.27751475548094,37.76728112752839,-122.25,37.75
Robert W. Crown SMCA,2008-09-07,18.760917998850346,-122.27751475548094,37.76728112752839,-122.25,37.75
Robert W. Crown SMCA,2008-09-08,18.72576067596674,-122.27751475548094,37.76728112752839,-122.25,37.75
Robert W. Crown SMCA,2008-09-09,18.9879757091403,-122.27751475548094,37.76728112752839,-122.25,37.75
Robert W. Crown SMCA,2008-09-10,18.890560626983643,-122.27751475548094,37.76728112752839,-122.25,37.75
Robert W. Crown SMCA,2008-09-11,18.761650443077087,-122.27751475548094,37.76728112752839,-122.25,37.75
Robert W. Crown SMCA,2008-09-12,18.707449570298195,-122.27751475548094,37.76728112752839,-122.25,37.75
Robert W. Crown SMCA,2008-09-13,18.61149937659502,-122.27751475548094,37.76728112752839,-122.25,37.75
Robert W. Crown SMCA,2008-09-14,18.75798822194338,-122.27751475548094,37.76728112752839,-122.25,37.75
Robert W. Crown SMCA,2008-09-15,19.029725030064583,-122.27751475548094,37.76728112752839,-122.25,37.75
Robert W. Crown SMCA,2008-09-16,19.09857478737831,-122.27751475548094,37.76728112752839,-122.25,37.75
Robert W. Crown SMCA,2008-09-17,19.10150456428528,-122.27751475548094,37.76728112752839,-122.25,37.75
Robert W. Crown SMCA,2008-09-18,19.120548114180565,-122.27751475548094,37.76728112752839,-122.25,37.75
Robert W. Crown SMCA,2008-09-19,19.235541857779026,-122.27751475548094,37.76728112752839,-122.25,37.75
Robert W. Crown SMCA,2008-09-20,19.230414748191833,-122.27751475548094,37.76728112752839,-122.25,37.75
Robert W. Crown SMCA,2008-09-21,18.95428327471018,-122.27751475548094,37.76728112752839,-122.25,37.75
Robert W. Crown SMCA,2008-09-22,18.319254130125046,-122.27751475548094,37.76728112752839,-122.25,37.75
Robert W. Crown SMCA,2008-09-23,18.05117954313755,-122.27751475548094,37.76728112752839,-122.25,37.75
Robert W. Crown SMCA,2008-09-24,17.945707574486732,-122.27751475548094,37.76728112752839,-122.25,37.75
Robert W. Crown SMCA,2008-09-25,17.976470232009888,-122.27751475548094,37.76728112752839,-122.25,37.75
Robert W. Crown SMCA,2008-09-26,17.94058046489954,-122.27751475548094,37.76728112752839,-122.25,37.75
Robert W. Crown SMCA,2008-09-27,17.87539292871952,-122.27751475548094,37.76728112752839,-122.25,37.75
Robert W. Crown SMCA,2008-09-28,17.92373424768448,-122.27751475548094,37.76728112752839,-122.25,37.75
Robert W. Crown SMCA,2008-09-29,18.22696615755558,-122.27751475548094,37.76728112752839,-122.25,37.75
Robert W. Crown SMCA,2008-09-30,18.55876339226961,-122.27751475548094,37.76728112752839,-122.25,37.75
Robert W. Crown SMCA,2008-10-01,18.75066377967596,-122.27751475548094,37.76728112752839,-122.25,37.75
Robert W. Crown SMCA,2008-10-02,18.81658376008272,-122.27751475548094,37.76728112752839,-122.25,37.75
Robert W. Crown SMCA,2008-10-03,18.74187444895506,-122.27751475548094,37.76728112752839,-122.25,37.75
Robert W. Crown SMCA,2008-10-04,18.384441666305065,-122.27751475548094,37.76728112752839,-122.25,37.75
Robert W. Crown SMCA,2008-10-05,18.04312265664339,-122.27751475548094,37.76728112752839,-122.25,37.75
Robert W. Crown SMCA,2008-10-06,18.065828427672386,-122.27751475548094,37.76728112752839,-122.25,37.75
Robert W. Crown SMCA,2008-10-07,17.947904907166958,-122.27751475548094,37.76728112752839,-122.25,37.75
Robert W. Crown SMCA,2008-10-08,17.651997439563274,-122.27751475548094,37.76728112752839,-122.25,37.75
Robert W. Crown SMCA,2008-10-09,17.100466936826706,-122.27751475548094,37.76728112752839,-122.25,37.75
Robert W. Crown SMCA,2008-10-10,16.262550741434097,-122.27751475548094,37.76728112752839,-122.25,37.75
Robert W. Crown SMCA,2008-10-11,15.382152780890465,-122.27751475548094,37.76728112752839,-122.25,37.75
Robert W. Crown SMCA,2008-10-12,14.79546495527029,-122.27751475548094,37.76728112752839,-122.25,37.75
Robert W. Crown SMCA,2008-10-13,14.52153081446886,-122.27751475548094,37.76728112752839,-122.25,37.75
Robert W. Crown SMCA,2008-10-14,14.491500601172447,-122.27751475548094,37.76728112752839,-122.25,37.75
Robert W. Crown SMCA,2008-10-15,14.505417041480541,-122.27751475548094,37.76728112752839,-122.25,37.75
Robert W. Crown SMCA,2008-10-16,14.57060457766056,-122.27751475548094,37.76728112752839,-122.25,37.75
Robert W. Crown SMCA,2008-10-17,14.731742307543755,-122.27751475548094,37.76728112752839,-122.25,37.75
Robert W. Crown SMCA,2008-10-18,15.008606225252151,-122.27751475548094,37.76728112752839,-122.25,37.75
Robert W. Crown SMCA,2008-10-19,15.138248853385448,-122.27751475548094,37.76728112752839,-122.25,37.75
Robert W. Crown SMCA,2008-10-20,15.099429309368134,-122.27751475548094,37.76728112752839,-122.25,37.75
Robert W. Crown SMCA,2008-10-21,15.034974217414856,-122.27751475548094,37.76728112752839,-122.25,37.75
Robert W. Crown SMCA,2008-10-22,15.009338669478893,-122.27751475548094,37.76728112752839,-122.25,37.75
Robert W. Crown SMCA,2008-10-23,15.232001714408398,-122.27751475548094,37.76728112752839,-122.25,37.75
Robert W. Crown SMCA,2008-10-24,15.423169657588005,-122.27751475548094,37.76728112752839,-122.25,37.75
Robert W. Crown SMCA,2008-10-25,15.432691432535648,-122.27751475548094,37.76728112752839,-122.25,37.75
Robert W. Crown SMCA,2008-10-26,15.669270917773247,-122.27751475548094,37.76728112752839,-122.25,37.75
Robert W. Crown SMCA,2008-10-27,15.889736630022526,-122.27751475548094,37.76728112752839,-122.25,37.75
Robert W. Crown SMCA,2008-10-28,15.914639733731747,-122.27751475548094,37.76728112752839,-122.25,37.75
Robert W. Crown SMCA,2008-10-29,15.954191721975803,-122.27751475548094,37.76728112752839,-122.25,37.75
Robert W. Crown SMCA,2008-10-30,15.930753506720066,-122.27751475548094,37.76728112752839,-122.25,37.75
Robert W. Crown SMCA,2008-10-31,15.426831878721714,-122.27751475548094,37.76728112752839,-122.25,37.75
Robert W. Crown SMCA,2008-11-01,15.149967961013317,-122.27751475548094,37.76728112752839,-122.25,37.75
Robert W. Crown SMCA,2008-11-02,14.99981689453125,-122.27751475548094,37.76728112752839,-122.25,37.75
Robert W. Crown SMCA,2008-11-03,15.030579552054405,-122.27751475548094,37.76728112752839,-122.25,37.75
Robert W. Crown SMCA,2008-11-04,14.634327225387096,-122.27751475548094,37.76728112752839,-122.25,37.75
Robert W. Crown SMCA,2008-11-05,14.270302444696426,-122.27751475548094,37.76728112752839,-122.25,37.75
Robert W. Crown SMCA,2008-11-06,14.295205548405647,-122.27751475548094,37.76728112752839,-122.25,37.75
Robert W. Crown SMCA,2008-11-07,14.475386828184128,-122.27751475548094,37.76728112752839,-122.25,37.75
Robert W. Crown SMCA,2008-11-08,14.53764458745718,-122.27751475548094,37.76728112752839,-122.25,37.75
Robert W. Crown SMCA,2008-11-09,14.162633143365383,-122.27751475548094,37.76728112752839,-122.25,37.75
Robert W. Crown SMCA,2008-11-10,13.885036781430244,-122.27751475548094,37.76728112752839,-122.25,37.75
Robert W. Crown SMCA,2008-11-11,13.785424366593361,-122.27751475548094,37.76728112752839,-122.25,37.75
Robert W. Crown SMCA,2008-11-12,13.792016364634037,-122.27751475548094,37.76728112752839,-122.25,37.75
Robert W. Crown SMCA,2008-11-13,13.907010108232498,-122.27751475548094,37.76728112752839,-122.25,37.75
Robert W. Crown SMCA,2008-11-14,13.953886538743973,-122.27751475548094,37.76728112752839,-122.25,37.75
Robert W. Crown SMCA,2008-11-15,14.04690695554018,-122.27751475548094,37.76728112752839,-122.25,37.75
Robert W. Crown SMCA,2008-11-16,14.319376207888126,-122.27751475548094,37.76728112752839,-122.25,37.75
Robert W. Crown SMCA,2008-11-17,14.72954497486353,-122.27751475548094,37.76728112752839,-122.25,37.75
Robert W. Crown SMCA,2008-11-18,14.960997350513935,-122.27751475548094,37.76728112752839,-122.25,37.75
Robert W. Crown SMCA,2008-11-19,15.04083377122879,-122.27751475548094,37.76728112752839,-122.25,37.75
Robert W. Crown SMCA,2008-11-20,15.112613305449486,-122.27751475548094,37.76728112752839,-122.25,37.75
Robert W. Crown SMCA,2008-11-21,14.75444807857275,-122.27751475548094,37.76728112752839,-122.25,37.75
Robert W. Crown SMCA,2008-11-22,14.388958409428596,-122.27751475548094,37.76728112752839,-122.25,37.75
Robert W. Crown SMCA,2008-11-23,14.331095315515995,-122.27751475548094,37.76728112752839,-122.25,37.75
Robert W. Crown SMCA,2008-11-24,14.454878389835358,-122.27751475548094,37.76728112752839,-122.25,37.75
Robert W. Crown SMCA,2008-11-25,14.430707730352879,-122.27751475548094,37.76728112752839,-122.25,37.75
Robert W. Crown SMCA,2008-11-26,14.409466847777367,-122.27751475548094,37.76728112752839,-122.25,37.75
Robert W. Crown SMCA,2008-11-27,14.473189495503902,-122.27751475548094,37.76728112752839,-122.25,37.75
Robert W. Crown SMCA,2008-11-28,14.345011755824089,-122.27751475548094,37.76728112752839,-122.25,37.75
Robert W. Crown SMCA,2008-11-29,13.89529100060463,-122.27751475548094,37.76728112752839,-122.25,37.75
Robert W. Crown SMCA,2008-11-30,14.022736296057701,-122.27751475548094,37.76728112752839,-122.25,37.75
Robert W. Crown SMCA,2008-12-01,14.25125889480114,-122.27751475548094,37.76728112752839,-122.25,37.75
Robert W. Crown SMCA,2008-12-02,14.223426014184952,-122.27751475548094,37.76728112752839,-122.25,37.75
Robert W. Crown SMCA,2008-12-03,13.81765191257,-122.27751475548094,37.76728112752839,-122.25,37.75
Robert W. Crown SMCA,2008-12-04,13.577410206198692,-122.27751475548094,37.76728112752839,-122.25,37.75
Robert W. Crown SMCA,2008-12-05,13.6213568598032,-122.27751475548094,37.76728112752839,-122.25,37.75
Robert W. Crown SMCA,2008-12-06,13.795678585767746,-122.27751475548094,37.76728112752839,-122.25,37.75
Robert W. Crown SMCA,2008-12-07,13.928983435034752,-122.27751475548094,37.76728112752839,-122.25,37.75
Robert W. Crown SMCA,2008-12-08,13.43751335889101,-122.27751475548094,37.76728112752839,-122.25,37.75
Robert W. Crown SMCA,2008-12-09,12.88964507728815,-122.27751475548094,37.76728112752839,-122.25,37.75
Robert W. Crown SMCA,2008-12-10,12.957029946148396,-122.27751475548094,37.76728112752839,-122.25,37.75
Robert W. Crown SMCA,2008-12-11,13.04052858799696,-122.27751475548094,37.76728112752839,-122.25,37.75
Robert W. Crown SMCA,2008-12-12,12.581286057829857,-122.27751475548094,37.76728112752839,-122.25,37.75
Robert W. Crown SMCA,2008-12-13,12.09201331436634,-122.27751475548094,37.76728112752839,-122.25,37.75
Robert W. Crown SMCA,2008-12-14,11.470900610089302,-122.27751475548094,37.76728112752839,-122.25,37.75
Robert W. Crown SMCA,2008-12-15,11.051942512392998,-122.27751475548094,37.76728112752839,-122.25,37.75
Robert W. Crown SMCA,2008-12-16,10.658619962632656,-122.27751475548094,37.76728112752839,-122.25,37.75
Robert W. Crown SMCA,2008-12-17,10.394940041005611,-122.27751475548094,37.76728112752839,-122.25,37.75
Robert W. Crown SMCA,2008-12-18,9.974517054855824,-122.27751475548094,37.76728112752839,-122.25,37.75
Robert W. Crown SMCA,2008-12-19,9.839747317135334,-122.27751475548094,37.76728112752839,-122.25,37.75
Robert W. Crown SMCA,2008-12-20,9.759178452193737,-122.27751475548094,37.76728112752839,-122.25,37.75
Robert W. Crown SMCA,2008-12-21,9.814111769199371,-122.27751475548094,37.76728112752839,-122.25,37.75
Robert W. Crown SMCA,2008-12-22,9.786278888583183,-122.27751475548094,37.76728112752839,-122.25,37.75
Robert W. Crown SMCA,2008-12-23,9.665425591170788,-122.27751475548094,37.76728112752839,-122.25,37.75
Robert W. Crown SMCA,2008-12-24,9.606097608804703,-122.27751475548094,37.76728112752839,-122.25,37.75
Robert W. Crown SMCA,2008-12-25,9.618549160659313,-122.27751475548094,37.76728112752839,-122.25,37.75
Robert W. Crown SMCA,2008-12-26,9.478652313351631,-122.27751475548094,37.76728112752839,-122.25,37.75
Robert W. Crown SMCA,2008-12-27,9.510147415101528,-122.27751475548094,37.76728112752839,-122.25,37.75
Robert W. Crown SMCA,2008-12-28,9.669087812304497,-122.27751475548094,37.76728112752839,-122.25,37.75
Robert W. Crown SMCA,2008-12-29,9.873439751565456,-122.27751475548094,37.76728112752839,-122.25,37.75
Robert W. Crown SMCA,2008-12-30,10.035309925675392,-122.27751475548094,37.76728112752839,-122.25,37.75
Robert W. Crown SMCA,2008-12-31,10.213293872773647,-122.27751475548094,37.76728112752839,-122.25,37.75
Robert W. Crown SMCA,2009-01-01,10.305581845343113,-122.27751475548094,37.76728112752839,-122.25,37.75
Robert W. Crown SMCA,2009-01-02,10.382488489151001,-122.27751475548094,37.76728112752839,-122.25,37.75
Robert W. Crown SMCA,2009-01-03,10.242591641843319,-122.27751475548094,37.76728112752839,-122.25,37.75
Robert W. Crown SMCA,2009-01-04,10.008209489285946,-122.27751475548094,37.76728112752839,-122.25,37.75
Robert W. Crown SMCA,2009-01-05,10.005279712378979,-122.27751475548094,37.76728112752839,-122.25,37.75
Robert W. Crown SMCA,2009-01-06,10.027985483407974,-122.27751475548094,37.76728112752839,-122.25,37.75
Robert W. Crown SMCA,2009-01-07,10.189123213291168,-122.27751475548094,37.76728112752839,-122.25,37.75
Robert W. Crown SMCA,2009-01-08,10.40665914863348,-122.27751475548094,37.76728112752839,-122.25,37.75
Robert W. Crown SMCA,2009-01-09,10.449140913784504,-122.27751475548094,37.76728112752839,-122.25,37.75
Robert W. Crown SMCA,2009-01-10,10.567064434289932,-122.27751475548094,37.76728112752839,-122.25,37.75
Robert W. Crown SMCA,2009-01-11,10.8644367903471,-122.27751475548094,37.76728112752839,-122.25,37.75
Robert W. Crown SMCA,2009-01-12,10.991149641573429,-122.27751475548094,37.76728112752839,-122.25,37.75
Robert W. Crown SMCA,2009-01-13,11.192571803927422,-122.27751475548094,37.76728112752839,-122.25,37.75
Robert W. Crown SMCA,2009-01-14,11.538285478949547,-122.27751475548094,37.76728112752839,-122.25,37.75
Robert W. Crown SMCA,2009-01-15,11.807092510163784,-122.27751475548094,37.76728112752839,-122.25,37.75
Robert W. Crown SMCA,2009-01-16,11.953581355512142,-122.27751475548094,37.76728112752839,-122.25,37.75
Robert W. Crown SMCA,2009-01-17,12.064912877976894,-122.27751475548094,37.76728112752839,-122.25,37.75
Robert W. Crown SMCA,2009-01-18,12.212866611778736,-122.27751475548094,37.76728112752839,-122.25,37.75
Robert W. Crown SMCA,2009-01-19,12.224585719406605,-122.27751475548094,37.76728112752839,-122.25,37.75
Robert W. Crown SMCA,2009-01-20,12.399639889597893,-122.27751475548094,37.76728112752839,-122.25,37.75
Robert W. Crown SMCA,2009-01-21,12.420880772173405,-122.27751475548094,37.76728112752839,-122.25,37.75
Robert W. Crown SMCA,2009-01-22,12.217261277139187,-122.27751475548094,37.76728112752839,-122.25,37.75
Robert W. Crown SMCA,2009-01-23,12.23923460394144,-122.27751475548094,37.76728112752839,-122.25,37.75
Robert W. Crown SMCA,2009-01-24,12.176244400441647,-122.27751475548094,37.76728112752839,-122.25,37.75
Robert W. Crown SMCA,2009-01-25,12.045136883854866,-122.27751475548094,37.76728112752839,-122.25,37.75
Robert W. Crown SMCA,2009-01-26,11.37202063947916,-122.27751475548094,37.76728112752839,-122.25,37.75
Robert W. Crown SMCA,2009-01-27,10.929624326527119,-122.27751475548094,37.76728112752839,-122.25,37.75
Robert W. Crown SMCA,2009-01-28,10.822687469422817,-122.27751475548094,37.76728112752839,-122.25,37.75
Robert W. Crown SMCA,2009-01-29,10.739188827574253,-122.27751475548094,37.76728112752839,-122.25,37.75
Robert W. Crown SMCA,2009-01-30,10.964049205183983,-122.27751475548094,37.76728112752839,-122.25,37.75
Robert W. Crown SMCA,2009-01-31,11.128116711974144,-122.27751475548094,37.76728112752839,-122.25,37.75
Robert W. Crown SMCA,2009-02-01,11.022644743323326,-122.27751475548094,37.76728112752839,-122.25,37.75
Robert W. Crown SMCA,2009-02-02,11.26142156124115,-122.27751475548094,37.76728112752839,-122.25,37.75
Robert W. Crown SMCA,2009-02-03,11.618854343891144,-122.27751475548094,37.76728112752839,-122.25,37.75
Robert W. Crown SMCA,2009-02-04,11.804162733256817,-122.27751475548094,37.76728112752839,-122.25,37.75
Robert W. Crown SMCA,2009-02-05,11.773400075733662,-122.27751475548094,37.76728112752839,-122.25,37.75
Robert W. Crown SMCA,2009-02-06,11.708944983780384,-122.27751475548094,37.76728112752839,-122.25,37.75
Robert W. Crown SMCA,2009-02-07,11.681844547390938,-122.27751475548094,37.76728112752839,-122.25,37.75
Robert W. Crown SMCA,2009-02-08,11.71553698182106,-122.27751475548094,37.76728112752839,-122.25,37.75
Robert W. Crown SMCA,2009-02-09,11.34711753576994,-122.27751475548094,37.76728112752839,-122.25,37.75
Robert W. Crown SMCA,2009-02-10,10.947202987968922,-122.27751475548094,37.76728112752839,-122.25,37.75
Robert W. Crown SMCA,2009-02-11,10.810235917568207,-122.27751475548094,37.76728112752839,-122.25,37.75
Robert W. Crown SMCA,2009-02-12,10.73772393912077,-122.27751475548094,37.76728112752839,-122.25,37.75
Robert W. Crown SMCA,2009-02-13,10.700369283556938,-122.27751475548094,37.76728112752839,-122.25,37.75
Robert W. Crown SMCA,2009-02-14,10.610278643667698,-122.27751475548094,37.76728112752839,-122.25,37.75
Robert W. Crown SMCA,2009-02-15,10.547288440167904,-122.27751475548094,37.76728112752839,-122.25,37.75
Robert W. Crown SMCA,2009-02-16,10.59050264954567,-122.27751475548094,37.76728112752839,-122.25,37.75
Robert W. Crown SMCA,2009-02-17,10.66008485108614,-122.27751475548094,37.76728112752839,-122.25,37.75
Robert W. Crown SMCA,2009-02-18,10.865901678800583,-122.27751475548094,37.76728112752839,-122.25,37.75
Robert W. Crown SMCA,2009-02-19,11.115665160119534,-122.27751475548094,37.76728112752839,-122.25,37.75
Robert W. Crown SMCA,2009-02-20,11.368358418345451,-122.27751475548094,37.76728112752839,-122.25,37.75
Robert W. Crown SMCA,2009-02-21,11.649617001414299,-122.27751475548094,37.76728112752839,-122.25,37.75
Robert W. Crown SMCA,2009-02-22,11.605670347809792,-122.27751475548094,37.76728112752839,-122.25,37.75
Robert W. Crown SMCA,2009-02-23,11.697958320379257,-122.27751475548094,37.76728112752839,-122.25,37.75
Robert W. Crown SMCA,2009-02-24,11.968230240046978,-122.27751475548094,37.76728112752839,-122.25,37.75
Robert W. Crown SMCA,2009-02-25,12.230445273220539,-122.27751475548094,37.76728112752839,-122.25,37.75
Robert W. Crown SMCA,2009-02-26,12.419415883719921,-122.27751475548094,37.76728112752839,-122.25,37.75
Robert W. Crown SMCA,2009-02-27,12.475814089179039,-122.27751475548094,37.76728112752839,-122.25,37.75
Robert W. Crown SMCA,2009-02-28,12.673574030399323,-122.27751475548094,37.76728112752839,-122.25,37.75
Robert W. Crown SMCA,2009-03-01,12.757072672247887,-122.27751475548094,37.76728112752839,-122.25,37.75
Robert W. Crown SMCA,2009-03-02,12.768791779875755,-122.27751475548094,37.76728112752839,-122.25,37.75
Robert W. Crown SMCA,2009-03-03,12.818597987294197,-122.27751475548094,37.76728112752839,-122.25,37.75
Robert W. Crown SMCA,2009-03-04,12.75853756070137,-122.27751475548094,37.76728112752839,-122.25,37.75
Robert W. Crown SMCA,2009-03-05,12.990722380578518,-122.27751475548094,37.76728112752839,-122.25,37.75
Robert W. Crown SMCA,2009-03-06,13.044190809130669,-122.27751475548094,37.76728112752839,-122.25,37.75
Robert W. Crown SMCA,2009-03-07,12.796624660491943,-122.27751475548094,37.76728112752839,-122.25,37.75
Robert W. Crown SMCA,2009-03-08,12.771721556782722,-122.27751475548094,37.76728112752839,-122.25,37.75
Robert W. Crown SMCA,2009-03-09,12.581286057829857,-122.27751475548094,37.76728112752839,-122.25,37.75
Robert W. Crown SMCA,2009-03-10,12.274391926825047,-122.27751475548094,37.76728112752839,-122.25,37.75
Robert W. Crown SMCA,2009-03-11,12.153538629412651,-122.27751475548094,37.76728112752839,-122.25,37.75
Robert W. Crown SMCA,2009-03-12,12.239967048168182,-122.27751475548094,37.76728112752839,-122.25,37.75
Robert W. Crown SMCA,2009-03-13,12.52562029659748,-122.27751475548094,37.76728112752839,-122.25,37.75
Robert W. Crown SMCA,2009-03-14,12.688222914934158,-122.27751475548094,37.76728112752839,-122.25,37.75
Robert W. Crown SMCA,2009-03-15,12.82372509688139,-122.27751475548094,37.76728112752839,-122.25,37.75
Robert W. Crown SMCA,2009-03-16,13.132084116339684,-122.27751475548094,37.76728112752839,-122.25,37.75
Robert W. Crown SMCA,2009-03-17,13.552507102489471,-122.27751475548094,37.76728112752839,-122.25,37.75
Robert W. Crown SMCA,2009-03-18,13.918729215860367,-122.27751475548094,37.76728112752839,-122.25,37.75
Robert W. Crown SMCA,2009-03-19,13.945829652249813,-122.27751475548094,37.76728112752839,-122.25,37.75
Robert W. Crown SMCA,2009-03-20,13.994170971214771,-122.27751475548094,37.76728112752839,-122.25,37.75
Robert W. Crown SMCA,2009-03-21,14.013214521110058,-122.27751475548094,37.76728112752839,-122.25,37.75
Robert W. Crown SMCA,2009-03-22,13.917996771633625,-122.27751475548094,37.76728112752839,-122.25,37.75
Robert W. Crown SMCA,2009-03-23,13.359141826629639,-122.27751475548094,37.76728112752839,-122.25,37.75
Robert W. Crown SMCA,2009-03-24,13.043458364903927,-122.27751475548094,37.76728112752839,-122.25,37.75
Robert W. Crown SMCA,2009-03-25,12.965819276869297,-122.27751475548094,37.76728112752839,-122.25,37.75
Robert W. Crown SMCA,2009-03-26,12.894772186875343,-122.27751475548094,37.76728112752839,-122.25,37.75
Robert W. Crown SMCA,2009-03-27,12.776116222143173,-122.27751475548094,37.76728112752839,-122.25,37.75
Robert W. Crown SMCA,2009-03-28,12.82006287574768,-122.27751475548094,37.76728112752839,-122.25,37.75
Robert W. Crown SMCA,2009-03-29,12.772454001009464,-122.27751475548094,37.76728112752839,-122.25,37.75
Robert W. Crown SMCA,2009-03-30,12.37400434166193,-122.27751475548094,37.76728112752839,-122.25,37.75
Robert W. Crown SMCA,2009-03-31,12.23117771744728,-122.27751475548094,37.76728112752839,-122.25,37.75
Robert W. Crown SMCA,2009-04-01,12.171117290854454,-122.27751475548094,37.76728112752839,-122.25,37.75
Robert W. Crown SMCA,2009-04-02,12.134495079517365,-122.27751475548094,37.76728112752839,-122.25,37.75
Robert W. Crown SMCA,2009-04-03,12.02609333395958,-122.27751475548094,37.76728112752839,-122.25,37.75
Robert W. Crown SMCA,2009-04-04,11.792443625628948,-122.27751475548094,37.76728112752839,-122.25,37.75
Robert W. Crown SMCA,2009-04-05,12.183568842709064,-122.27751475548094,37.76728112752839,-122.25,37.75
Robert W. Crown SMCA,2009-04-06,12.821527764201164,-122.27751475548094,37.76728112752839,-122.25,37.75
Robert W. Crown SMCA,2009-04-07,13.012695707380772,-122.27751475548094,37.76728112752839,-122.25,37.75
Robert W. Crown SMCA,2009-04-08,13.020752593874931,-122.27751475548094,37.76728112752839,-122.25,37.75
Robert W. Crown SMCA,2009-04-09,13.15112766623497,-122.27751475548094,37.76728112752839,-122.25,37.75
Robert W. Crown SMCA,2009-04-10,13.133549004793167,-122.27751475548094,37.76728112752839,-122.25,37.75
Robert W. Crown SMCA,2009-04-11,12.739494010806084,-122.27751475548094,37.76728112752839,-122.25,37.75
Robert W. Crown SMCA,2009-04-12,12.675771363079548,-122.27751475548094,37.76728112752839,-122.25,37.75
Robert W. Crown SMCA,2009-04-13,12.77904599905014,-122.27751475548094,37.76728112752839,-122.25,37.75
Robert W. Crown SMCA,2009-04-14,12.4435865432024,-122.27751475548094,37.76728112752839,-122.25,37.75
Robert W. Crown SMCA,2009-04-15,11.818811617791653,-122.27751475548094,37.76728112752839,-122.25,37.75
Robert W. Crown SMCA,2009-04-16,11.615192122757435,-122.27751475548094,37.76728112752839,-122.25,37.75
Robert W. Crown SMCA,2009-04-17,11.722861424088478,-122.27751475548094,37.76728112752839,-122.25,37.75
Robert W. Crown SMCA,2009-04-18,11.958708465099335,-122.27751475548094,37.76728112752839,-122.25,37.75
Robert W. Crown SMCA,2009-04-19,12.234107494354248,-122.27751475548094,37.76728112752839,-122.25,37.75
Robert W. Crown SMCA,2009-04-20,12.727774903178215,-122.27751475548094,37.76728112752839,-122.25,37.75
Robert W. Crown SMCA,2009-04-21,13.288094736635685,-122.27751475548094,37.76728112752839,-122.25,37.75
Robert W. Crown SMCA,2009-04-22,13.660908848047256,-122.27751475548094,37.76728112752839,-122.25,37.75
Robert W. Crown SMCA,2009-04-23,13.667500846087933,-122.27751475548094,37.76728112752839,-122.25,37.75
Robert W. Crown SMCA,2009-04-24,13.549577325582504,-122.27751475548094,37.76728112752839,-122.25,37.75
Robert W. Crown SMCA,2009-04-25,13.321054726839066,-122.27751475548094,37.76728112752839,-122.25,37.75
Robert W. Crown SMCA,2009-04-26,13.037598811089993,-122.27751475548094,37.76728112752839,-122.25,37.75
Robert W. Crown SMCA,2009-04-27,12.79515977203846,-122.27751475548094,37.76728112752839,-122.25,37.75
Robert W. Crown SMCA,2009-04-28,12.641346484422684,-122.27751475548094,37.76728112752839,-122.25,37.75
Robert W. Crown SMCA,2009-04-29,12.615710936486721,-122.27751475548094,37.76728112752839,-122.25,37.75
Robert W. Crown SMCA,2009-04-30,12.6889553591609,-122.27751475548094,37.76728112752839,-122.25,37.75
Robert W. Crown SMCA,2009-05-01,12.866939306259155,-122.27751475548094,37.76728112752839,-122.25,37.75
Robert W. Crown SMCA,2009-05-02,12.93871884047985,-122.27751475548094,37.76728112752839,-122.25,37.75
Robert W. Crown SMCA,2009-05-03,13.09765923768282,-122.27751475548094,37.76728112752839,-122.25,37.75
Robert W. Crown SMCA,2009-05-04,13.274910740554333,-122.27751475548094,37.76728112752839,-122.25,37.75
Robert W. Crown SMCA,2009-05-05,13.405285812914371,-122.27751475548094,37.76728112752839,-122.25,37.75
Robert W. Crown SMCA,2009-05-06,13.67848750948906,-122.27751475548094,37.76728112752839,-122.25,37.75
Robert W. Crown SMCA,2009-05-07,13.929715879261494,-122.27751475548094,37.76728112752839,-122.25,37.75
Robert W. Crown SMCA,2009-05-08,13.954618982970715,-122.27751475548094,37.76728112752839,-122.25,37.75
Robert W. Crown SMCA,2009-05-09,13.959746092557907,-122.27751475548094,37.76728112752839,-122.25,37.75
Robert W. Crown SMCA,2009-05-10,14.058626063168049,-122.27751475548094,37.76728112752839,-122.25,37.75
Robert W. Crown SMCA,2009-05-11,14.24320200830698,-122.27751475548094,37.76728112752839,-122.25,37.75
Robert W. Crown SMCA,2009-05-12,14.363322861492634,-122.27751475548094,37.76728112752839,-122.25,37.75
Robert W. Crown SMCA,2009-05-13,14.358195751905441,-122.27751475548094,37.76728112752839,-122.25,37.75
Robert W. Crown SMCA,2009-05-14,14.524460591375828,-122.27751475548094,37.76728112752839,-122.25,37.75
Robert W. Crown SMCA,2009-05-15,14.780816070735455,-122.27751475548094,37.76728112752839,-122.25,37.75
Robert W. Crown SMCA,2009-05-16,14.977843567728996,-122.27751475548094,37.76728112752839,-122.25,37.75
Robert W. Crown SMCA,2009-05-17,15.30671102553606,-122.27751475548094,37.76728112752839,-122.25,37.75
Robert W. Crown SMCA,2009-05-18,15.697103798389435,-122.27751475548094,37.76728112752839,-122.25,37.75
Robert W. Crown SMCA,2009-05-19,16.01791436970234,-122.27751475548094,37.76728112752839,-122.25,37.75
Robert W. Crown SMCA,2009-05-20,16.023773923516273,-122.27751475548094,37.76728112752839,-122.25,37.75
Robert W. Crown SMCA,2009-05-21,15.946134835481644,-122.27751475548094,37.76728112752839,-122.25,37.75
Robert W. Crown SMCA,2009-05-22,15.902920626103878,-122.27751475548094,37.76728112752839,-122.25,37.75
Robert W. Crown SMCA,2009-05-23,15.864833526313305,-122.27751475548094,37.76728112752839,-122.25,37.75
Robert W. Crown SMCA,2009-05-24,15.706625573337078,-122.27751475548094,37.76728112752839,-122.25,37.75
Robert W. Crown SMCA,2009-05-25,15.513992741703987,-122.27751475548094,37.76728112752839,-122.25,37.75
Robert W. Crown SMCA,2009-05-26,15.41291543841362,-122.27751475548094,37.76728112752839,-122.25,37.75
Robert W. Crown SMCA,2009-05-27,15.435621209442616,-122.27751475548094,37.76728112752839,-122.25,37.75
Robert W. Crown SMCA,2009-05-28,15.53157140314579,-122.27751475548094,37.76728112752839,-122.25,37.75
Robert W. Crown SMCA,2009-05-29,15.993011265993118,-122.27751475548094,37.76728112752839,-122.25,37.75
Robert W. Crown SMCA,2009-05-30,16.585558645427227,-122.27751475548094,37.76728112752839,-122.25,37.75
Robert W. Crown SMCA,2009-05-31,16.73790704458952,-122.27751475548094,37.76728112752839,-122.25,37.75
Robert W. Crown SMCA,2009-06-01,16.854365676641464,-122.27751475548094,37.76728112752839,-122.25,37.75
Robert W. Crown SMCA,2009-06-02,17.006714075803757,-122.27751475548094,37.76728112752839,-122.25,37.75
Robert W. Crown SMCA,2009-06-03,17.22425001114607,-122.27751475548094,37.76728112752839,-122.25,37.75
Robert W. Crown SMCA,2009-06-04,17.422009952366352,-122.27751475548094,37.76728112752839,-122.25,37.75
Robert W. Crown SMCA,2009-06-05,17.65053255110979,-122.27751475548094,37.76728112752839,-122.25,37.75
Robert W. Crown SMCA,2009-06-06,17.8102053925395,-122.27751475548094,37.76728112752839,-122.25,37.75
Robert W. Crown SMCA,2009-06-07,17.88784448057413,-122.27751475548094,37.76728112752839,-122.25,37.75
Robert W. Crown SMCA,2009-06-08,18.08413953334093,-122.27751475548094,37.76728112752839,-122.25,37.75
Robert W. Crown SMCA,2009-06-09,18.13687551766634,-122.27751475548094,37.76728112752839,-122.25,37.75
Robert W. Crown SMCA,2009-06-10,18.09219641983509,-122.27751475548094,37.76728112752839,-122.25,37.75
Robert W. Crown SMCA,2009-06-11,18.156651511788368,-122.27751475548094,37.76728112752839,-122.25,37.75
Robert W. Crown SMCA,2009-06-12,18.045319989323616,-122.27751475548094,37.76728112752839,-122.25,37.75
Robert W. Crown SMCA,2009-06-13,18.19034394621849,-122.27751475548094,37.76728112752839,-122.25,37.75
Robert W. Crown SMCA,2009-06-14,18.55363628268242,-122.27751475548094,37.76728112752839,-122.25,37.75
Robert W. Crown SMCA,2009-06-15,18.989440597593784,-122.27751475548094,37.76728112752839,-122.25,37.75
Robert W. Crown SMCA,2009-06-16,19.215033419430256,-122.27751475548094,37.76728112752839,-122.25,37.75
Robert W. Crown SMCA,2009-06-17,19.06195257604122,-122.27751475548094,37.76728112752839,-122.25,37.75
Robert W. Crown SMCA,2009-06-18,18.82830286771059,-122.27751475548094,37.76728112752839,-122.25,37.75
Robert W. Crown SMCA,2009-06-19,18.759453110396862,-122.27751475548094,37.76728112752839,-122.25,37.75
Robert W. Crown SMCA,2009-06-20,18.438642539083958,-122.27751475548094,37.76728112752839,-122.25,37.75
Robert W. Crown SMCA,2009-06-21,17.954496905207634,-122.27751475548094,37.76728112752839,-122.25,37.75
Robert W. Crown SMCA,2009-06-22,17.624164558947086,-122.27751475548094,37.76728112752839,-122.25,37.75
Robert W. Crown SMCA,2009-06-23,17.45423749834299,-122.27751475548094,37.76728112752839,-122.25,37.75
Robert W. Crown SMCA,2009-06-24,17.484267711639404,-122.27751475548094,37.76728112752839,-122.25,37.75
Robert W. Crown SMCA,2009-06-25,17.67030854523182,-122.27751475548094,37.76728112752839,-122.25,37.75
Robert W. Crown SMCA,2009-06-26,17.695944093167782,-122.27751475548094,37.76728112752839,-122.25,37.75
Robert W. Crown SMCA,2009-06-27,17.722312085330486,-122.27751475548094,37.76728112752839,-122.25,37.75
Robert W. Crown SMCA,2009-06-28,17.94058046489954,-122.27751475548094,37.76728112752839,-122.25,37.75
Robert W. Crown SMCA,2009-06-29,18.098788417875767,-122.27751475548094,37.76728112752839,-122.25,37.75
Robert W. Crown SMCA,2009-06-30,18.265053257346153,-122.27751475548094,37.76728112752839,-122.25,37.75
Robert W. Crown SMCA,2009-07-01,18.768242441117764,-122.27751475548094,37.76728112752839,-122.25,37.75
Robert W. Crown SMCA,2009-07-02,19.37250892817974,-122.27751475548094,37.76728112752839,-122.25,37.75
Robert W. Crown SMCA,2009-07-03,19.63765373826027,-122.27751475548094,37.76728112752839,-122.25,37.75
Robert W. Crown SMCA,2009-07-04,19.726279489696026,-122.27751475548094,37.76728112752839,-122.25,37.75
Robert W. Crown SMCA,2009-07-05,19.778283029794693,-122.27751475548094,37.76728112752839,-122.25,37.75
Robert W. Crown SMCA,2009-07-06,19.753379926085472,-122.27751475548094,37.76728112752839,-122.25,37.75
Robert W. Crown SMCA,2009-07-07,19.066347241401672,-122.27751475548094,37.76728112752839,-122.25,37.75
Robert W. Crown SMCA,2009-07-08,18.678151801228523,-122.27751475548094,37.76728112752839,-122.25,37.75
Robert W. Crown SMCA,2009-07-09,18.450361646711826,-122.27751475548094,37.76728112752839,-122.25,37.75
Robert W. Crown SMCA,2009-07-10,18.273842588067055,-122.27751475548094,37.76728112752839,-122.25,37.75
Robert W. Crown SMCA,2009-07-11,18.180822171270847,-122.27751475548094,37.76728112752839,-122.25,37.75
Robert W. Crown SMCA,2009-07-12,18.08853419870138,-122.27751475548094,37.76728112752839,-122.25,37.75
Robert W. Crown SMCA,2009-07-13,17.967680901288986,-122.27751475548094,37.76728112752839,-122.25,37.75
Robert W. Crown SMCA,2009-07-14,17.86220893263817,-122.27751475548094,37.76728112752839,-122.25,37.75
Robert W. Crown SMCA,2009-07-15,17.913480028510094,-122.27751475548094,37.76728112752839,-122.25,37.75
Robert W. Crown SMCA,2009-07-16,18.081209756433964,-122.27751475548094,37.76728112752839,-122.25,37.75
Robert W. Crown SMCA,2009-07-17,18.252601705491543,-122.27751475548094,37.76728112752839,-122.25,37.75
Robert W. Crown SMCA,2009-07-18,18.2518692612648,-122.27751475548094,37.76728112752839,-122.25,37.75
Robert W. Crown SMCA,2009-07-19,18.21817682683468,-122.27751475548094,37.76728112752839,-122.25,37.75
Robert W. Crown SMCA,2009-07-20,18.19473861157894,-122.27751475548094,37.76728112752839,-122.25,37.75
Robert W. Crown SMCA,2009-07-21,18.199133276939392,-122.27751475548094,37.76728112752839,-122.25,37.75
Robert W. Crown SMCA,2009-07-22,18.098788417875767,-122.27751475548094,37.76728112752839,-122.25,37.75
Robert W. Crown SMCA,2009-07-23,17.97793512046337,-122.27751475548094,37.76728112752839,-122.25,37.75
Robert W. Crown SMCA,2009-07-24,17.92373424768448,-122.27751475548094,37.76728112752839,-122.25,37.75
Robert W. Crown SMCA,2009-07-25,17.91128269582987,-122.27751475548094,37.76728112752839,-122.25,37.75
Robert W. Crown SMCA,2009-07-26,17.958891570568085,-122.27751475548094,37.76728112752839,-122.25,37.75
Robert W. Crown SMCA,2009-07-27,18.010895110666752,-122.27751475548094,37.76728112752839,-122.25,37.75
Robert W. Crown SMCA,2009-07-28,18.03067110478878,-122.27751475548094,37.76728112752839,-122.25,37.75
Robert W. Crown SMCA,2009-07-29,18.057039096951485,-122.27751475548094,37.76728112752839,-122.25,37.75
Robert W. Crown SMCA,2009-07-30,18.15298929065466,-122.27751475548094,37.76728112752839,-122.25,37.75
Robert W. Crown SMCA,2009-07-31,18.221839047968388,-122.27751475548094,37.76728112752839,-122.25,37.75
Robert W. Crown SMCA,2009-08-01,18.31705679744482,-122.27751475548094,37.76728112752839,-122.25,37.75
Robert W. Crown SMCA,2009-08-02,18.542649619281292,-122.27751475548094,37.76728112752839,-122.25,37.75
Robert W. Crown SMCA,2009-08-03,18.941099278628826,-122.27751475548094,37.76728112752839,-122.25,37.75
Robert W. Crown SMCA,2009-08-04,19.296334728598595,-122.27751475548094,37.76728112752839,-122.25,37.75
Robert W. Crown SMCA,2009-08-05,19.512405775487423,-122.27751475548094,37.76728112752839,-122.25,37.75
Robert W. Crown SMCA,2009-08-06,19.693319499492645,-122.27751475548094,37.76728112752839,-122.25,37.75
Robert W. Crown SMCA,2009-08-07,19.749717704951763,-122.27751475548094,37.76728112752839,-122.25,37.75
Robert W. Crown SMCA,2009-08-08,19.2824182882905,-122.27751475548094,37.76728112752839,-122.25,37.75
Robert W. Crown SMCA,2009-08-09,19.201849423348904,-122.27751475548094,37.76728112752839,-122.25,37.75
Robert W. Crown SMCA,2009-08-10,19.21723075211048,-122.27751475548094,37.76728112752839,-122.25,37.75
Robert W. Crown SMCA,2009-08-11,19.36005737632513,-122.27751475548094,37.76728112752839,-122.25,37.75
Robert W. Crown SMCA,2009-08-12,19.446485795080662,-122.27751475548094,37.76728112752839,-122.25,37.75
Robert W. Crown SMCA,2009-08-13,19.464064456522465,-122.27751475548094,37.76728112752839,-122.25,37.75
Robert W. Crown SMCA,2009-08-14,19.332224495708942,-122.27751475548094,37.76728112752839,-122.25,37.75
Robert W. Crown SMCA,2009-08-15,19.102969452738762,-122.27751475548094,37.76728112752839,-122.25,37.75
Robert W. Crown SMCA,2009-08-16,18.894955292344093,-122.27751475548094,37.76728112752839,-122.25,37.75
Robert W. Crown SMCA,2009-08-17,18.777031771838665,-122.27751475548094,37.76728112752839,-122.25,37.75
Robert W. Crown SMCA,2009-08-18,18.763847775757313,-122.27751475548094,37.76728112752839,-122.25,37.75
Robert W. Crown SMCA,2009-08-19,19.029725030064583,-122.27751475548094,37.76728112752839,-122.25,37.75
Robert W. Crown SMCA,2009-08-20,19.406201362609863,-122.27751475548094,37.76728112752839,-122.25,37.75
Robert W. Crown SMCA,2009-08-21,19.497024446725845,-122.27751475548094,37.76728112752839,-122.25,37.75
Robert W. Crown SMCA,2009-08-22,19.14252144098282,-122.27751475548094,37.76728112752839,-122.25,37.75
Robert W. Crown SMCA,2009-08-23,18.976256601512432,-122.27751475548094,37.76728112752839,-122.25,37.75
Robert W. Crown SMCA,2009-08-24,18.823175758123398,-122.27751475548094,37.76728112752839,-122.25,37.75
Robert W. Crown SMCA,2009-08-25,18.712576679885387,-122.27751475548094,37.76728112752839,-122.25,37.75
Robert W. Crown SMCA,2009-08-26,18.722830899059772,-122.27751475548094,37.76728112752839,-122.25,37.75
Robert W. Crown SMCA,2009-08-27,18.98358104377985,-122.27751475548094,37.76728112752839,-122.25,37.75
Robert W. Crown SMCA,2009-08-28,19.18353831768036,-122.27751475548094,37.76728112752839,-122.25,37.75
Robert W. Crown SMCA,2009-08-29,18.908871732652187,-122.27751475548094,37.76728112752839,-122.25,37.75
Robert W. Crown SMCA,2009-08-30,18.849543750286102,-122.27751475548094,37.76728112752839,-122.25,37.75
Robert W. Crown SMCA,2009-08-31,18.77556688338518,-122.27751475548094,37.76728112752839,-122.25,37.75
Robert W. Crown SMCA,2009-09-01,18.773369550704956,-122.27751475548094,37.76728112752839,-122.25,37.75
Robert W. Crown SMCA,2009-09-02,18.78655354678631,-122.27751475548094,37.76728112752839,-122.25,37.75
Robert W. Crown SMCA,2009-09-03,18.79973754286766,-122.27751475548094,37.76728112752839,-122.25,37.75
Robert W. Crown SMCA,2009-09-04,18.744071781635284,-122.27751475548094,37.76728112752839,-122.25,37.75
Robert W. Crown SMCA,2009-09-05,18.690603353083134,-122.27751475548094,37.76728112752839,-122.25,37.75
Robert W. Crown SMCA,2009-09-06,18.879573963582516,-122.27751475548094,37.76728112752839,-122.25,37.75
Robert W. Crown SMCA,2009-09-07,18.794610433280468,-122.27751475548094,37.76728112752839,-122.25,37.75
Robert W. Crown SMCA,2009-09-08,18.56169316917658,-122.27751475548094,37.76728112752839,-122.25,37.75
Robert W. Crown SMCA,2009-09-09,18.49211096763611,-122.27751475548094,37.76728112752839,-122.25,37.75
Robert W. Crown SMCA,2009-09-10,18.52140873670578,-122.27751475548094,37.76728112752839,-122.25,37.75
Robert W. Crown SMCA,2009-09-11,18.573412276804447,-122.27751475548094,37.76728112752839,-122.25,37.75
Robert W. Crown SMCA,2009-09-12,18.605639822781086,-122.27751475548094,37.76728112752839,-122.25,37.75
Robert W. Crown SMCA,2009-09-13,18.60344249010086,-122.27751475548094,37.76728112752839,-122.25,37.75
Robert W. Crown SMCA,2009-09-14,18.766045108437538,-122.27751475548094,37.76728112752839,-122.25,37.75
Robert W. Crown SMCA,2009-09-15,19.047303691506386,-122.27751475548094,37.76728112752839,-122.25,37.75
Robert W. Crown SMCA,2009-09-16,19.24872585386038,-122.27751475548094,37.76728112752839,-122.25,37.75
Robert W. Crown SMCA,2009-09-17,19.088320568203926,-122.27751475548094,37.76728112752839,-122.25,37.75
Robert W. Crown SMCA,2009-09-18,18.965269938111305,-122.27751475548094,37.76728112752839,-122.25,37.75
Robert W. Crown SMCA,2009-09-19,19.079531237483025,-122.27751475548094,37.76728112752839,-122.25,37.75
Robert W. Crown SMCA,2009-09-20,19.04144413769245,-122.27751475548094,37.76728112752839,-122.25,37.75
Robert W. Crown SMCA,2009-09-21,19.05755791068077,-122.27751475548094,37.76728112752839,-122.25,37.75
Robert W. Crown SMCA,2009-09-22,19.411328472197056,-122.27751475548094,37.76728112752839,-122.25,37.75
Robert W. Crown SMCA,2009-09-23,19.7643665894866,-122.27751475548094,37.76728112752839,-122.25,37.75
Robert W. Crown SMCA,2009-09-24,19.414990693330765,-122.27751475548094,37.76728112752839,-122.25,37.75
Robert W. Crown SMCA,2009-09-25,19.143986329436302,-122.27751475548094,37.76728112752839,-122.25,37.75
Robert W. Crown SMCA,2009-09-26,19.07367168366909,-122.27751475548094,37.76728112752839,-122.25,37.75
Robert W. Crown SMCA,2009-09-27,19.009949035942554,-122.27751475548094,37.76728112752839,-122.25,37.75
Robert W. Crown SMCA,2009-09-28,18.957945495843887,-122.27751475548094,37.76728112752839,-122.25,37.75
Robert W. Crown SMCA,2009-09-29,18.725028231739998,-122.27751475548094,37.76728112752839,-122.25,37.75
Robert W. Crown SMCA,2009-09-30,18.176427505910397,-122.27751475548094,37.76728112752839,-122.25,37.75
Robert W. Crown SMCA,2009-10-01,17.55238502472639,-122.27751475548094,37.76728112752839,-122.25,37.75
Robert W. Crown SMCA,2009-10-02,17.194219797849655,-122.27751475548094,37.76728112752839,-122.25,37.75
Robert W. Crown SMCA,2009-10-03,16.749626152217388,-122.27751475548094,37.76728112752839,-122.25,37.75
Robert W. Crown SMCA,2009-10-04,16.098483234643936,-122.27751475548094,37.76728112752839,-122.25,37.75
Robert W. Crown SMCA,2009-10-05,15.56013672798872,-122.27751475548094,37.76728112752839,-122.25,37.75
Robert W. Crown SMCA,2009-10-06,15.316232800483704,-122.27751475548094,37.76728112752839,-122.25,37.75
Robert W. Crown SMCA,2009-10-07,15.246650598943233,-122.27751475548094,37.76728112752839,-122.25,37.75
Robert W. Crown SMCA,2009-10-08,15.173406176269054,-122.27751475548094,37.76728112752839,-122.25,37.75
Robert W. Crown SMCA,2009-10-09,15.26129948347807,-122.27751475548094,37.76728112752839,-122.25,37.75
Robert W. Crown SMCA,2009-10-10,15.446607872843742,-122.27751475548094,37.76728112752839,-122.25,37.75
Robert W. Crown SMCA,2009-10-11,15.684652246534824,-122.27751475548094,37.76728112752839,-122.25,37.75
Robert W. Crown SMCA,2009-10-12,15.75203711539507,-122.27751475548094,37.76728112752839,-122.25,37.75
Robert W. Crown SMCA,2009-10-13,15.418042548000813,-122.27751475548094,37.76728112752839,-122.25,37.75
Robert W. Crown SMCA,2009-10-14,15.326487019658089,-122.27751475548094,37.76728112752839,-122.25,37.75
Robert W. Crown SMCA,2009-10-15,15.503738522529602,-122.27751475548094,37.76728112752839,-122.25,37.75
Robert W. Crown SMCA,2009-10-16,15.548417620360851,-122.27751475548094,37.76728112752839,-122.25,37.75
Robert W. Crown SMCA,2009-10-17,15.640705592930317,-122.27751475548094,37.76728112752839,-122.25,37.75
Robert W. Crown SMCA,2009-10-18,15.836268201470375,-122.27751475548094,37.76728112752839,-122.25,37.75
Robert W. Crown SMCA,2009-10-19,15.934415727853775,-122.27751475548094,37.76728112752839,-122.25,37.75
Robert W. Crown SMCA,2009-10-20,15.966643273830414,-122.27751475548094,37.76728112752839,-122.25,37.75
Robert W. Crown SMCA,2009-10-21,15.899258404970169,-122.27751475548094,37.76728112752839,-122.25,37.75
Robert W. Crown SMCA,2009-10-22,15.801110878586769,-122.27751475548094,37.76728112752839,-122.25,37.75
Robert W. Crown SMCA,2009-10-23,15.734458453953266,-122.27751475548094,37.76728112752839,-122.25,37.75
Robert W. Crown SMCA,2009-10-24,15.719077125191689,-122.27751475548094,37.76728112752839,-122.25,37.75
Robert W. Crown SMCA,2009-10-25,15.58503983169794,-122.27751475548094,37.76728112752839,-122.25,37.75
Robert W. Crown SMCA,2009-10-26,15.489822082221508,-122.27751475548094,37.76728112752839,-122.25,37.75
Robert W. Crown SMCA,2009-10-27,15.215887941420078,-122.27751475548094,37.76728112752839,-122.25,37.75
Robert W. Crown SMCA,2009-10-28,14.47611927241087,-122.27751475548094,37.76728112752839,-122.25,37.75
Robert W. Crown SMCA,2009-10-29,13.975127421319485,-122.27751475548094,37.76728112752839,-122.25,37.75
Robert W. Crown SMCA,2009-10-30,13.921658992767334,-122.27751475548094,37.76728112752839,-122.25,37.75
Robert W. Crown SMCA,2009-10-31,14.09598071873188,-122.27751475548094,37.76728112752839,-122.25,37.75
Robert W. Crown SMCA,2009-11-01,14.120883822441101,-122.27751475548094,37.76728112752839,-122.25,37.75
Robert W. Crown SMCA,2009-11-02,14.131870485842228,-122.27751475548094,37.76728112752839,-122.25,37.75
Robert W. Crown SMCA,2009-11-03,14.313516654074192,-122.27751475548094,37.76728112752839,-122.25,37.75
Robert W. Crown SMCA,2009-11-04,14.531052589416504,-122.27751475548094,37.76728112752839,-122.25,37.75
Robert W. Crown SMCA,2009-11-05,14.438764616847038,-122.27751475548094,37.76728112752839,-122.25,37.75
Robert W. Crown SMCA,2009-11-06,14.392620630562305,-122.27751475548094,37.76728112752839,-122.25,37.75
Robert W. Crown SMCA,2009-11-07,14.326700650155544,-122.27751475548094,37.76728112752839,-122.25,37.75
Robert W. Crown SMCA,2009-11-08,13.963408313691616,-122.27751475548094,37.76728112752839,-122.25,37.75
Robert W. Crown SMCA,2009-11-09,13.89968566596508,-122.27751475548094,37.76728112752839,-122.25,37.75
Robert W. Crown SMCA,2009-11-10,13.97732475399971,-122.27751475548094,37.76728112752839,-122.25,37.75
Robert W. Crown SMCA,2009-11-11,13.984649196267128,-122.27751475548094,37.76728112752839,-122.25,37.75
Robert W. Crown SMCA,2009-11-12,13.66676840186119,-122.27751475548094,37.76728112752839,-122.25,37.75
Robert W. Crown SMCA,2009-11-13,13.37159337848425,-122.27751475548094,37.76728112752839,-122.25,37.75
Robert W. Crown SMCA,2009-11-14,13.173833437263966,-122.27751475548094,37.76728112752839,-122.25,37.75
Robert W. Crown SMCA,2009-11-15,12.99951171129942,-122.27751475548094,37.76728112752839,-122.25,37.75
Robert W. Crown SMCA,2009-11-16,13.124759674072266,-122.27751475548094,37.76728112752839,-122.25,37.75
Robert W. Crown SMCA,2009-11-17,13.315927617251873,-122.27751475548094,37.76728112752839,-122.25,37.75
Robert W. Crown SMCA,2009-11-18,13.04052858799696,-122.27751475548094,37.76728112752839,-122.25,37.75
Robert W. Crown SMCA,2009-11-19,12.749748229980469,-122.27751475548094,37.76728112752839,-122.25,37.75
Robert W. Crown SMCA,2009-11-20,12.797357104718685,-122.27751475548094,37.76728112752839,-122.25,37.75
Robert W. Crown SMCA,2009-11-21,12.463362537324429,-122.27751475548094,37.76728112752839,-122.25,37.75
Robert W. Crown SMCA,2009-11-22,12.348368793725967,-122.27751475548094,37.76728112752839,-122.25,37.75
Robert W. Crown SMCA,2009-11-23,12.228980384767056,-122.27751475548094,37.76728112752839,-122.25,37.75
Robert W. Crown SMCA,2009-11-24,12.164525292813778,-122.27751475548094,37.76728112752839,-122.25,37.75
Robert W. Crown SMCA,2009-11-25,12.28391370177269,-122.27751475548094,37.76728112752839,-122.25,37.75
Robert W. Crown SMCA,2009-11-26,12.440656766295433,-122.27751475548094,37.76728112752839,-122.25,37.75
Robert W. Crown SMCA,2009-11-27,12.428205214440823,-122.27751475548094,37.76728112752839,-122.25,37.75
Robert W. Crown SMCA,2009-11-28,11.976287126541138,-122.27751475548094,37.76728112752839,-122.25,37.75
Robert W. Crown SMCA,2009-11-29,11.627643674612045,-122.27751475548094,37.76728112752839,-122.25,37.75
Robert W. Crown SMCA,2009-11-30,11.675252549350262,-122.27751475548094,37.76728112752839,-122.25,37.75
Robert W. Crown SMCA,2009-12-01,11.857631161808968,-122.27751475548094,37.76728112752839,-122.25,37.75
Robert W. Crown SMCA,2009-12-02,11.941129803657532,-122.27751475548094,37.76728112752839,-122.25,37.75
Robert W. Crown SMCA,2009-12-03,11.960173353552818,-122.27751475548094,37.76728112752839,-122.25,37.75
Robert W. Crown SMCA,2009-12-04,12.004120007157326,-122.27751475548094,37.76728112752839,-122.25,37.75
Robert W. Crown SMCA,2009-12-05,11.9528489112854,-122.27751475548094,37.76728112752839,-122.25,37.75
Robert W. Crown SMCA,2009-12-06,11.287057109177113,-122.27751475548094,37.76728112752839,-122.25,37.75
Robert W. Crown SMCA,2009-12-07,11.040223404765129,-122.27751475548094,37.76728112752839,-122.25,37.75
Robert W. Crown SMCA,2009-12-08,10.518723115324974,-122.27751475548094,37.76728112752839,-122.25,37.75
Robert W. Crown SMCA,2009-12-09,10.336344502866268,-122.27751475548094,37.76728112752839,-122.25,37.75
Robert W. Crown SMCA,2009-12-10,10.410321369767189,-122.27751475548094,37.76728112752839,-122.25,37.75
Robert W. Crown SMCA,2009-12-11,10.303384512662888,-122.27751475548094,37.76728112752839,-122.25,37.75
Robert W. Crown SMCA,2009-12-12,10.244056530296803,-122.27751475548094,37.76728112752839,-122.25,37.75
Robert W. Crown SMCA,2009-12-13,10.277748964726925,-122.27751475548094,37.76728112752839,-122.25,37.75
Robert W. Crown SMCA,2009-12-14,10.463057354092598,-122.27751475548094,37.76728112752839,-122.25,37.75
Robert W. Crown SMCA,2009-12-15,10.576586209237576,-122.27751475548094,37.76728112752839,-122.25,37.75
Robert W. Crown SMCA,2009-12-16,10.597094647586346,-122.27751475548094,37.76728112752839,-122.25,37.75
Robert W. Crown SMCA,2009-12-17,10.799981698393822,-122.27751475548094,37.76728112752839,-122.25,37.75
Robert W. Crown SMCA,2009-12-18,10.998474083840847,-122.27751475548094,37.76728112752839,-122.25,37.75
Robert W. Crown SMCA,2009-12-19,11.184514917433262,-122.27751475548094,37.76728112752839,-122.25,37.75
Robert W. Crown SMCA,2009-12-20,11.38447219133377,-122.27751475548094,37.76728112752839,-122.25,37.75
Robert W. Crown SMCA,2009-12-21,11.507522821426392,-122.27751475548094,37.76728112752839,-122.25,37.75
Robert W. Crown SMCA,2009-12-22,11.38007752597332,-122.27751475548094,37.76728112752839,-122.25,37.75
Robert W. Crown SMCA,2009-12-23,10.988952308893204,-122.27751475548094,37.76728112752839,-122.25,37.75
Robert W. Crown SMCA,2009-12-24,10.904721222817898,-122.27751475548094,37.76728112752839,-122.25,37.75
Robert W. Crown SMCA,2009-12-25,11.13031404465437,-122.27751475548094,37.76728112752839,-122.25,37.75
Robert W. Crown SMCA,2009-12-26,11.341257981956005,-122.27751475548094,37.76728112752839,-122.25,37.75
Robert W. Crown SMCA,2009-12-27,11.222602017223835,-122.27751475548094,37.76728112752839,-122.25,37.75
Robert W. Crown SMCA,2009-12-28,11.287789553403854,-122.27751475548094,37.76728112752839,-122.25,37.75
Robert W. Crown SMCA,2009-12-29,11.355906866490841,-122.27751475548094,37.76728112752839,-122.25,37.75
Robert W. Crown SMCA,2009-12-30,11.412305071949959,-122.27751475548094,37.76728112752839,-122.25,37.75
Robert W. Crown SMCA,2009-12-31,11.437940619885921,-122.27751475548094,37.76728112752839,-122.25,37.75
Robert W. Crown SMCA,2010-01-01,11.320017099380493,-122.27751475548094,37.76728112752839,-122.25,37.75
Robert W. Crown SMCA,2010-01-02,11.404980629682541,-122.27751475548094,37.76728112752839,-122.25,37.75
Robert W. Crown SMCA,2010-01-03,11.566118359565735,-122.27751475548094,37.76728112752839,-122.25,37.75
Robert W. Crown SMCA,2010-01-04,11.767540521919727,-122.27751475548094,37.76728112752839,-122.25,37.75
Robert W. Crown SMCA,2010-01-05,11.892056040465832,-122.27751475548094,37.76728112752839,-122.25,37.75
Robert W. Crown SMCA,2010-01-06,11.937467582523823,-122.27751475548094,37.76728112752839,-122.25,37.75
Robert W. Crown SMCA,2010-01-07,11.949186690151691,-122.27751475548094,37.76728112752839,-122.25,37.75
Robert W. Crown SMCA,2010-01-08,12.03048799932003,-122.27751475548094,37.76728112752839,-122.25,37.75
Robert W. Crown SMCA,2010-01-09,12.007782228291035,-122.27751475548094,37.76728112752839,-122.25,37.75
Robert W. Crown SMCA,2010-01-10,12.004852451384068,-122.27751475548094,37.76728112752839,-122.25,37.75
Robert W. Crown SMCA,2010-01-11,11.984344013035297,-122.27751475548094,37.76728112752839,-122.25,37.75
Robert W. Crown SMCA,2010-01-12,11.849574275314808,-122.27751475548094,37.76728112752839,-122.25,37.75
Robert W. Crown SMCA,2010-01-13,11.887661375105381,-122.27751475548094,37.76728112752839,-122.25,37.75
Robert W. Crown SMCA,2010-01-14,12.025360889732838,-122.27751475548094,37.76728112752839,-122.25,37.75
Robert W. Crown SMCA,2010-01-15,12.168919958174229,-122.27751475548094,37.76728112752839,-122.25,37.75
Robert W. Crown SMCA,2010-01-16,12.061983101069927,-122.27751475548094,37.76728112752839,-122.25,37.75
Robert W. Crown SMCA,2010-01-17,11.930143140256405,-122.27751475548094,37.76728112752839,-122.25,37.75
Robert W. Crown SMCA,2010-01-18,11.714804537594318,-122.27751475548094,37.76728112752839,-122.25,37.75
Robert W. Crown SMCA,2010-01-19,11.61738945543766,-122.27751475548094,37.76728112752839,-122.25,37.75
Robert W. Crown SMCA,2010-01-20,11.467238388955593,-122.27751475548094,37.76728112752839,-122.25,37.75
Robert W. Crown SMCA,2010-01-21,11.353709533810616,-122.27751475548094,37.76728112752839,-122.25,37.75
Robert W. Crown SMCA,2010-01-22,11.150090038776398,-122.27751475548094,37.76728112752839,-122.25,37.75
Robert W. Crown SMCA,2010-01-23,10.981627866625786,-122.27751475548094,37.76728112752839,-122.25,37.75
Robert W. Crown SMCA,2010-01-24,11.018250077962875,-122.27751475548094,37.76728112752839,-122.25,37.75
Robert W. Crown SMCA,2010-01-25,10.944273211061954,-122.27751475548094,37.76728112752839,-122.25,37.75
Robert W. Crown SMCA,2010-01-26,11.027771852910519,-122.27751475548094,37.76728112752839,-122.25,37.75
Robert W. Crown SMCA,2010-01-27,11.2167424634099,-122.27751475548094,37.76728112752839,-122.25,37.75
Robert W. Crown SMCA,2010-01-28,11.489944159984589,-122.27751475548094,37.76728112752839,-122.25,37.75
Robert W. Crown SMCA,2010-01-29,11.642292559146881,-122.27751475548094,37.76728112752839,-122.25,37.75
Robert W. Crown SMCA,2010-01-30,11.689168989658356,-122.27751475548094,37.76728112752839,-122.25,37.75
Robert W. Crown SMCA,2010-01-31,11.93234047293663,-122.27751475548094,37.76728112752839,-122.25,37.75
Robert W. Crown SMCA,2010-02-01,12.033417776226997,-122.27751475548094,37.76728112752839,-122.25,37.75
Robert W. Crown SMCA,2010-02-02,11.996063120663166,-122.27751475548094,37.76728112752839,-122.25,37.75
Robert W. Crown SMCA,2010-02-03,12.08322398364544,-122.27751475548094,37.76728112752839,-122.25,37.75
Robert W. Crown SMCA,2010-02-04,12.163792848587036,-122.27751475548094,37.76728112752839,-122.25,37.75
Robert W. Crown SMCA,2010-02-05,12.020966224372387,-122.27751475548094,37.76728112752839,-122.25,37.75
Robert W. Crown SMCA,2010-02-06,12.10373242199421,-122.27751475548094,37.76728112752839,-122.25,37.75
Robert W. Crown SMCA,2010-02-07,12.080294206738472,-122.27751475548094,37.76728112752839,-122.25,37.75
Robert W. Crown SMCA,2010-02-08,11.988738678395748,-122.27751475548094,37.76728112752839,-122.25,37.75
Robert W. Crown SMCA,2010-02-09,11.980681791901588,-122.27751475548094,37.76728112752839,-122.25,37.75
Robert W. Crown SMCA,2010-02-10,11.880336932837963,-122.27751475548094,37.76728112752839,-122.25,37.75
Robert W. Crown SMCA,2010-02-11,11.938200026750565,-122.27751475548094,37.76728112752839,-122.25,37.75
Robert W. Crown SMCA,2010-02-12,11.976287126541138,-122.27751475548094,37.76728112752839,-122.25,37.75
Robert W. Crown SMCA,2010-02-13,12.151341296732426,-122.27751475548094,37.76728112752839,-122.25,37.75
Robert W. Crown SMCA,2010-02-14,12.425275437533855,-122.27751475548094,37.76728112752839,-122.25,37.75
Robert W. Crown SMCA,2010-02-15,12.677236251533031,-122.27751475548094,37.76728112752839,-122.25,37.75
Robert W. Crown SMCA,2010-02-16,12.842036202549934,-122.27751475548094,37.76728112752839,-122.25,37.75
Robert W. Crown SMCA,2010-02-17,12.81566821038723,-122.27751475548094,37.76728112752839,-122.25,37.75
Robert W. Crown SMCA,2010-02-18,13.014893040060997,-122.27751475548094,37.76728112752839,-122.25,37.75
Robert W. Crown SMCA,2010-02-19,13.266853854060173,-122.27751475548094,37.76728112752839,-122.25,37.75
Robert W. Crown SMCA,2010-02-20,13.450697354972363,-122.27751475548094,37.76728112752839,-122.25,37.75
Robert W. Crown SMCA,2010-02-21,13.340830720961094,-122.27751475548094,37.76728112752839,-122.25,37.75
Robert W. Crown SMCA,2010-02-22,13.033936589956284,-122.27751475548094,37.76728112752839,-122.25,37.75
Robert W. Crown SMCA,2010-02-23,13.176763214170933,-122.27751475548094,37.76728112752839,-122.25,37.75
Robert W. Crown SMCA,2010-02-24,13.039063699543476,-122.27751475548094,37.76728112752839,-122.25,37.75
Robert W. Crown SMCA,2010-02-25,13.177495658397675,-122.27751475548094,37.76728112752839,-122.25,37.75
Robert W. Crown SMCA,2010-02-26,13.230964086949825,-122.27751475548094,37.76728112752839,-122.25,37.75
Robert W. Crown SMCA,2010-02-27,13.055177472531796,-122.27751475548094,37.76728112752839,-122.25,37.75
Robert W. Crown SMCA,2010-02-28,13.012695707380772,-122.27751475548094,37.76728112752839,-122.25,37.75
Robert W. Crown SMCA,2010-03-01,13.23316141963005,-122.27751475548094,37.76728112752839,-122.25,37.75
Robert W. Crown SMCA,2010-03-02,13.173100993037224,-122.27751475548094,37.76728112752839,-122.25,37.75
Robert W. Crown SMCA,2010-03-03,13.101321458816528,-122.27751475548094,37.76728112752839,-122.25,37.75
Robert W. Crown SMCA,2010-03-04,12.912350848317146,-122.27751475548094,37.76728112752839,-122.25,37.75
Robert W. Crown SMCA,2010-03-05,13.018555261194706,-122.27751475548094,37.76728112752839,-122.25,37.75
Robert W. Crown SMCA,2010-03-06,13.193609431385994,-122.27751475548094,37.76728112752839,-122.25,37.75
Robert W. Crown SMCA,2010-03-07,13.321054726839066,-122.27751475548094,37.76728112752839,-122.25,37.75
Robert W. Crown SMCA,2010-03-08,12.913083292543888,-122.27751475548094,37.76728112752839,-122.25,37.75
Robert W. Crown SMCA,2010-03-09,12.47654653340578,-122.27751475548094,37.76728112752839,-122.25,37.75
Robert W. Crown SMCA,2010-03-10,12.1000702008605,-122.27751475548094,37.76728112752839,-122.25,37.75
Robert W. Crown SMCA,2010-03-11,12.06711021065712,-122.27751475548094,37.76728112752839,-122.25,37.75
Robert W. Crown SMCA,2010-03-12,12.229712828993797,-122.27751475548094,37.76728112752839,-122.25,37.75
Robert W. Crown SMCA,2010-03-13,12.09201331436634,-122.27751475548094,37.76728112752839,-122.25,37.75
Robert W. Crown SMCA,2010-03-14,12.043671995401382,-122.27751475548094,37.76728112752839,-122.25,37.75
Robert W. Crown SMCA,2010-03-15,12.196752838790417,-122.27751475548094,37.76728112752839,-122.25,37.75
Robert W. Crown SMCA,2010-03-16,12.634754486382008,-122.27751475548094,37.76728112752839,-122.25,37.75
Robert W. Crown SMCA,2010-03-17,12.842036202549934,-122.27751475548094,37.76728112752839,-122.25,37.75
Robert W. Crown SMCA,2010-03-18,12.835444204509258,-122.27751475548094,37.76728112752839,-122.25,37.75
Robert W. Crown SMCA,2010-03-19,13.12622456252575,-122.27751475548094,37.76728112752839,-122.25,37.75
Robert W. Crown SMCA,2010-03-20,13.704123057425022,-122.27751475548094,37.76728112752839,-122.25,37.75
Robert W. Crown SMCA,2010-03-21,14.102572716772556,-122.27751475548094,37.76728112752839,-122.25,37.75
Robert W. Crown SMCA,2010-03-22,14.104770049452782,-122.27751475548094,37.76728112752839,-122.25,37.75
Robert W. Crown SMCA,2010-03-23,13.772240370512009,-122.27751475548094,37.76728112752839,-122.25,37.75
Robert W. Crown SMCA,2010-03-24,13.97732475399971,-122.27751475548094,37.76728112752839,-122.25,37.75
Robert W. Crown SMCA,2010-03-25,14.027863405644894,-122.27751475548094,37.76728112752839,-122.25,37.75
Robert W. Crown SMCA,2010-03-26,13.87917722761631,-122.27751475548094,37.76728112752839,-122.25,37.75
Robert W. Crown SMCA,2010-03-27,13.988311417400837,-122.27751475548094,37.76728112752839,-122.25,37.75
Robert W. Crown SMCA,2010-03-28,14.43510239571333,-122.27751475548094,37.76728112752839,-122.25,37.75
Robert W. Crown SMCA,2010-03-29,14.605761900544167,-122.27751475548094,37.76728112752839,-122.25,37.75
Robert W. Crown SMCA,2010-03-30,14.389690853655338,-122.27751475548094,37.76728112752839,-122.25,37.75
Robert W. Crown SMCA,2010-03-31,14.041047401726246,-122.27751475548094,37.76728112752839,-122.25,37.75
Robert W. Crown SMCA,2010-04-01,13.823511466383934,-122.27751475548094,37.76728112752839,-122.25,37.75
Robert W. Crown SMCA,2010-04-02,13.733420826494694,-122.27751475548094,37.76728112752839,-122.25,37.75
Robert W. Crown SMCA,2010-04-03,13.5722830966115,-122.27751475548094,37.76728112752839,-122.25,37.75
Robert W. Crown SMCA,2010-04-04,13.551042214035988,-122.27751475548094,37.76728112752839,-122.25,37.75
Robert W. Crown SMCA,2010-04-05,13.278572961688042,-122.27751475548094,37.76728112752839,-122.25,37.75
Robert W. Crown SMCA,2010-04-06,13.323252059519291,-122.27751475548094,37.76728112752839,-122.25,37.75
Robert W. Crown SMCA,2010-04-07,13.40455336868763,-122.27751475548094,37.76728112752839,-122.25,37.75
Robert W. Crown SMCA,2010-04-08,13.544450215995312,-122.27751475548094,37.76728112752839,-122.25,37.75
Robert W. Crown SMCA,2010-04-09,13.330576501786709,-122.27751475548094,37.76728112752839,-122.25,37.75
Robert W. Crown SMCA,2010-04-10,13.323984503746033,-122.27751475548094,37.76728112752839,-122.25,37.75
Robert W. Crown SMCA,2010-04-11,13.442640468478203,-122.27751475548094,37.76728112752839,-122.25,37.75
Robert W. Crown SMCA,2010-04-12,13.395764037966728,-122.27751475548094,37.76728112752839,-122.25,37.75
Robert W. Crown SMCA,2010-04-13,13.405285812914371,-122.27751475548094,37.76728112752839,-122.25,37.75
Robert W. Crown SMCA,2010-04-14,13.553239546716213,-122.27751475548094,37.76728112752839,-122.25,37.75
Robert W. Crown SMCA,2010-04-15,13.910672329366207,-122.27751475548094,37.76728112752839,-122.25,37.75
Robert W. Crown SMCA,2010-04-16,14.438764616847038,-122.27751475548094,37.76728112752839,-122.25,37.75
Robert W. Crown SMCA,2010-04-17,14.813043616712093,-122.27751475548094,37.76728112752839,-122.25,37.75
Robert W. Crown SMCA,2010-04-18,15.133121743798256,-122.27751475548094,37.76728112752839,-122.25,37.75
Robert W. Crown SMCA,2010-04-19,15.483962528407574,-122.27751475548094,37.76728112752839,-122.25,37.75
Robert W. Crown SMCA,2010-04-20,15.565996281802654,-122.27751475548094,37.76728112752839,-122.25,37.75
Robert W. Crown SMCA,2010-04-21,14.794732511043549,-122.27751475548094,37.76728112752839,-122.25,37.75
Robert W. Crown SMCA,2010-04-22,14.01834163069725,-122.27751475548094,37.76728112752839,-122.25,37.75
Robert W. Crown SMCA,2010-04-23,13.802270583808422,-122.27751475548094,37.76728112752839,-122.25,37.75
Robert W. Crown SMCA,2010-04-24,13.893093667924404,-122.27751475548094,37.76728112752839,-122.25,37.75
Robert W. Crown SMCA,2010-04-25,13.924588769674301,-122.27751475548094,37.76728112752839,-122.25,37.75
Robert W. Crown SMCA,2010-04-26,14.090121164917946,-122.27751475548094,37.76728112752839,-122.25,37.75
Robert W. Crown SMCA,2010-04-27,14.344279311597347,-122.27751475548094,37.76728112752839,-122.25,37.75
Robert W. Crown SMCA,2010-04-28,14.295937992632389,-122.27751475548094,37.76728112752839,-122.25,37.75
Robert W. Crown SMCA,2010-04-29,13.999298080801964,-122.27751475548094,37.76728112752839,-122.25,37.75
Robert W. Crown SMCA,2010-04-30,13.517349779605865,-122.27751475548094,37.76728112752839,-122.25,37.75
Robert W. Crown SMCA,2010-05-01,13.266853854060173,-122.27751475548094,37.76728112752839,-122.25,37.75
Robert W. Crown SMCA,2010-05-02,13.124759674072266,-122.27751475548094,37.76728112752839,-122.25,37.75
Robert W. Crown SMCA,2010-05-03,13.140873447060585,-122.27751475548094,37.76728112752839,-122.25,37.75
Robert W. Crown SMCA,2010-05-04,13.230231642723083,-122.27751475548094,37.76728112752839,-122.25,37.75
Robert W. Crown SMCA,2010-05-05,13.088869906961918,-122.27751475548094,37.76728112752839,-122.25,37.75
Robert W. Crown SMCA,2010-05-06,12.892574854195118,-122.27751475548094,37.76728112752839,-122.25,37.75
Robert W. Crown SMCA,2010-05-07,12.917477957904339,-122.27751475548094,37.76728112752839,-122.25,37.75
Robert W. Crown SMCA,2010-05-08,13.07715079933405,-122.27751475548094,37.76728112752839,-122.25,37.75
Robert W. Crown SMCA,2010-05-09,13.294686734676361,-122.27751475548094,37.76728112752839,-122.25,37.75
Robert W. Crown SMCA,2010-05-10,13.53126621991396,-122.27751475548094,37.76728112752839,-122.25,37.75
Robert W. Crown SMCA,2010-05-11,13.479262679815292,-122.27751475548094,37.76728112752839,-122.25,37.75
Robert W. Crown SMCA,2010-05-12,13.402356036007404,-122.27751475548094,37.76728112752839,-122.25,37.75
Robert W. Crown SMCA,2010-05-13,13.398693814873695,-122.27751475548094,37.76728112752839,-122.25,37.75
Robert W. Crown SMCA,2010-05-14,13.496841341257095,-122.27751475548094,37.76728112752839,-122.25,37.75
Robert W. Crown SMCA,2010-05-15,13.652851961553097,-122.27751475548094,37.76728112752839,-122.25,37.75
Robert W. Crown SMCA,2010-05-16,13.860133677721024,-122.27751475548094,37.76728112752839,-122.25,37.75
Robert W. Crown SMCA,2010-05-17,14.119418933987617,-122.27751475548094,37.76728112752839,-122.25,37.75
Robert W. Crown SMCA,2010-05-18,14.372112192213535,-122.27751475548094,37.76728112752839,-122.25,37.75
Robert W. Crown SMCA,2010-05-19,14.690725430846214,-122.27751475548094,37.76728112752839,-122.25,37.75
Robert W. Crown SMCA,2010-05-20,14.662160106003284,-122.27751475548094,37.76728112752839,-122.25,37.75
Robert W. Crown SMCA,2010-05-21,14.25565356016159,-122.27751475548094,37.76728112752839,-122.25,37.75
Robert W. Crown SMCA,2010-05-22,14.002960301935673,-122.27751475548094,37.76728112752839,-122.25,37.75
Robert W. Crown SMCA,2010-05-23,13.65797907114029,-122.27751475548094,37.76728112752839,-122.25,37.75
Robert W. Crown SMCA,2010-05-24,13.483657345175743,-122.27751475548094,37.76728112752839,-122.25,37.75
Robert W. Crown SMCA,2010-05-25,13.614764861762524,-122.27751475548094,37.76728112752839,-122.25,37.75
Robert W. Crown SMCA,2010-05-26,13.812524802982807,-122.27751475548094,37.76728112752839,-122.25,37.75
Robert W. Crown SMCA,2010-05-27,14.236610010266304,-122.27751475548094,37.76728112752839,-122.25,37.75
Robert W. Crown SMCA,2010-05-28,14.522263258695602,-122.27751475548094,37.76728112752839,-122.25,37.75
Robert W. Crown SMCA,2010-05-29,14.403607293963432,-122.27751475548094,37.76728112752839,-122.25,37.75
Robert W. Crown SMCA,2010-05-30,14.518601037561893,-122.27751475548094,37.76728112752839,-122.25,37.75
Robert W. Crown SMCA,2010-05-31,14.772759184241295,-122.27751475548094,37.76728112752839,-122.25,37.75
Robert W. Crown SMCA,2010-06-01,15.07745598256588,-122.27751475548094,37.76728112752839,-122.25,37.75
Robert W. Crown SMCA,2010-06-02,15.454664759337902,-122.27751475548094,37.76728112752839,-122.25,37.75
Robert W. Crown SMCA,2010-06-03,15.808435320854187,-122.27751475548094,37.76728112752839,-122.25,37.75
Robert W. Crown SMCA,2010-06-04,16.199560537934303,-122.27751475548094,37.76728112752839,-122.25,37.75
Robert W. Crown SMCA,2010-06-05,16.55772576481104,-122.27751475548094,37.76728112752839,-122.25,37.75
Robert W. Crown SMCA,2010-06-06,16.919553212821484,-122.27751475548094,37.76728112752839,-122.25,37.75
Robert W. Crown SMCA,2010-06-07,16.95910520106554,-122.27751475548094,37.76728112752839,-122.25,37.75
Robert W. Crown SMCA,2010-06-08,16.862422563135624,-122.27751475548094,37.76728112752839,-122.25,37.75
Robert W. Crown SMCA,2010-06-09,16.93493454158306,-122.27751475548094,37.76728112752839,-122.25,37.75
Robert W. Crown SMCA,2010-06-10,16.833857238292694,-122.27751475548094,37.76728112752839,-122.25,37.75
Robert W. Crown SMCA,2010-06-11,16.368022710084915,-122.27751475548094,37.76728112752839,-122.25,37.75
Robert W. Crown SMCA,2010-06-12,16.08749657124281,-122.27751475548094,37.76728112752839,-122.25,37.75
Robert W. Crown SMCA,2010-06-13,16.176122322678566,-122.27751475548094,37.76728112752839,-122.25,37.75
Robert W. Crown SMCA,2010-06-14,16.25156407803297,-122.27751475548094,37.76728112752839,-122.25,37.75
Robert W. Crown SMCA,2010-06-15,16.0838343501091,-122.27751475548094,37.76728112752839,-122.25,37.75
Robert W. Crown SMCA,2010-06-16,15.804773099720478,-122.27751475548094,37.76728112752839,-122.25,37.75
Robert W. Crown SMCA,2010-06-17,15.659016698598862,-122.27751475548094,37.76728112752839,-122.25,37.75
Robert W. Crown SMCA,2010-06-18,15.60115360468626,-122.27751475548094,37.76728112752839,-122.25,37.75
Robert W. Crown SMCA,2010-06-19,15.561601616442204,-122.27751475548094,37.76728112752839,-122.25,37.75
Robert W. Crown SMCA,2010-06-20,15.56819361448288,-122.27751475548094,37.76728112752839,-122.25,37.75
Robert W. Crown SMCA,2010-06-21,15.562334060668945,-122.27751475548094,37.76728112752839,-122.25,37.75
Robert W. Crown SMCA,2010-06-22,15.694174021482468,-122.27751475548094,37.76728112752839,-122.25,37.75
Robert W. Crown SMCA,2010-06-23,15.855311751365662,-122.27751475548094,37.76728112752839,-122.25,37.75
Robert W. Crown SMCA,2010-06-24,16.03915525227785,-122.27751475548094,37.76728112752839,-122.25,37.75
Robert W. Crown SMCA,2010-06-25,16.220068976283073,-122.27751475548094,37.76728112752839,-122.25,37.75
Robert W. Crown SMCA,2010-06-26,16.310159616172314,-122.27751475548094,37.76728112752839,-122.25,37.75
Robert W. Crown SMCA,2010-06-27,16.425153359770775,-122.27751475548094,37.76728112752839,-122.25,37.75
Robert W. Crown SMCA,2010-06-28,16.630970187485218,-122.27751475548094,37.76728112752839,-122.25,37.75
Robert W. Crown SMCA,2010-06-29,16.822138130664825,-122.27751475548094,37.76728112752839,-122.25,37.75
Robert W. Crown SMCA,2010-06-30,16.8287301287055,-122.27751475548094,37.76728112752839,-122.25,37.75
Robert W. Crown SMCA,2010-07-01,16.729117713868618,-122.27751475548094,37.76728112752839,-122.25,37.75
Robert W. Crown SMCA,2010-07-02,16.6727195084095,-122.27751475548094,37.76728112752839,-122.25,37.75
Robert W. Crown SMCA,2010-07-03,16.58262886852026,-122.27751475548094,37.76728112752839,-122.25,37.75
Robert W. Crown SMCA,2010-07-04,16.551133766770363,-122.27751475548094,37.76728112752839,-122.25,37.75
Robert W. Crown SMCA,2010-07-05,16.700552389025688,-122.27751475548094,37.76728112752839,-122.25,37.75
Robert W. Crown SMCA,2010-07-06,17.131962038576603,-122.27751475548094,37.76728112752839,-122.25,37.75
Robert W. Crown SMCA,2010-07-07,17.673238322138786,-122.27751475548094,37.76728112752839,-122.25,37.75
Robert W. Crown SMCA,2010-07-08,18.052644431591034,-122.27751475548094,37.76728112752839,-122.25,37.75
Robert W. Crown SMCA,2010-07-09,18.15738395601511,-122.27751475548094,37.76728112752839,-122.25,37.75
Robert W. Crown SMCA,2010-07-10,18.221106603741646,-122.27751475548094,37.76728112752839,-122.25,37.75
Robert W. Crown SMCA,2010-07-11,18.32145146280527,-122.27751475548094,37.76728112752839,-122.25,37.75
Robert W. Crown SMCA,2010-07-12,18.457686088979244,-122.27751475548094,37.76728112752839,-122.25,37.75
Robert W. Crown SMCA,2010-07-13,18.576342053711414,-122.27751475548094,37.76728112752839,-122.25,37.75
Robert W. Crown SMCA,2010-07-14,18.70598468184471,-122.27751475548094,37.76728112752839,-122.25,37.75
Robert W. Crown SMCA,2010-07-15,18.837824642658234,-122.27751475548094,37.76728112752839,-122.25,37.75
Robert W. Crown SMCA,2010-07-16,18.632740259170532,-122.27751475548094,37.76728112752839,-122.25,37.75
Robert W. Crown SMCA,2010-07-17,18.314859464764595,-122.27751475548094,37.76728112752839,-122.25,37.75
Robert W. Crown SMCA,2010-07-18,18.229163490235806,-122.27751475548094,37.76728112752839,-122.25,37.75
Robert W. Crown SMCA,2010-07-19,18.02627643942833,-122.27751475548094,37.76728112752839,-122.25,37.75
Robert W. Crown SMCA,2010-07-20,17.802880950272083,-122.27751475548094,37.76728112752839,-122.25,37.75
Robert W. Crown SMCA,2010-07-21,17.608050785958767,-122.27751475548094,37.76728112752839,-122.25,37.75
Robert W. Crown SMCA,2010-07-22,17.524552144110203,-122.27751475548094,37.76728112752839,-122.25,37.75
Robert W. Crown SMCA,2010-07-23,17.845362715423107,-122.27751475548094,37.76728112752839,-122.25,37.75
Robert W. Crown SMCA,2010-07-24,18.325846128165722,-122.27751475548094,37.76728112752839,-122.25,37.75
Robert W. Crown SMCA,2010-07-25,18.50529496371746,-122.27751475548094,37.76728112752839,-122.25,37.75
Robert W. Crown SMCA,2010-07-26,18.51701407134533,-122.27751475548094,37.76728112752839,-122.25,37.75
Robert W. Crown SMCA,2010-07-27,18.65691091865301,-122.27751475548094,37.76728112752839,-122.25,37.75
Robert W. Crown SMCA,2010-07-28,18.86492507904768,-122.27751475548094,37.76728112752839,-122.25,37.75
Robert W. Crown SMCA,2010-07-29,18.982116155326366,-122.27751475548094,37.76728112752839,-122.25,37.75
Robert W. Crown SMCA,2010-07-30,18.601977601647377,-122.27751475548094,37.76728112752839,-122.25,37.75
Robert W. Crown SMCA,2010-07-31,18.281899474561214,-122.27751475548094,37.76728112752839,-122.25,37.75
Robert W. Crown SMCA,2010-08-01,18.229163490235806,-122.27751475548094,37.76728112752839,-122.25,37.75
Robert W. Crown SMCA,2010-08-02,18.254066593945026,-122.27751475548094,37.76728112752839,-122.25,37.75
Robert W. Crown SMCA,2010-08-03,18.250404372811317,-122.27751475548094,37.76728112752839,-122.25,37.75
Robert W. Crown SMCA,2010-08-04,18.236487932503223,-122.27751475548094,37.76728112752839,-122.25,37.75
Robert W. Crown SMCA,2010-08-05,18.204260386526585,-122.27751475548094,37.76728112752839,-122.25,37.75
Robert W. Crown SMCA,2010-08-06,18.168370619416237,-122.27751475548094,37.76728112752839,-122.25,37.75
Robert W. Crown SMCA,2010-08-07,18.155919067561626,-122.27751475548094,37.76728112752839,-122.25,37.75
Robert W. Crown SMCA,2010-08-08,18.13321329653263,-122.27751475548094,37.76728112752839,-122.25,37.75
Robert W. Crown SMCA,2010-08-09,18.113437302410603,-122.27751475548094,37.76728112752839,-122.25,37.75
Robert W. Crown SMCA,2010-08-10,18.139805294573307,-122.27751475548094,37.76728112752839,-122.25,37.75
Robert W. Crown SMCA,2010-08-11,18.22623371332884,-122.27751475548094,37.76728112752839,-122.25,37.75
Robert W. Crown SMCA,2010-08-12,18.18228705972433,-122.27751475548094,37.76728112752839,-122.25,37.75
Robert W. Crown SMCA,2010-08-13,18.13321329653263,-122.27751475548094,37.76728112752839,-122.25,37.75
Robert W. Crown SMCA,2010-08-14,18.281899474561214,-122.27751475548094,37.76728112752839,-122.25,37.75
Robert W. Crown SMCA,2010-08-15,18.478194527328014,-122.27751475548094,37.76728112752839,-122.25,37.75
Robert W. Crown SMCA,2010-08-16,18.233558155596256,-122.27751475548094,37.76728112752839,-122.25,37.75
Robert W. Crown SMCA,2010-08-17,18.055574208498,-122.27751475548094,37.76728112752839,-122.25,37.75
Robert W. Crown SMCA,2010-08-18,18.060701318085194,-122.27751475548094,37.76728112752839,-122.25,37.75
Robert W. Crown SMCA,2010-08-19,18.061433762311935,-122.27751475548094,37.76728112752839,-122.25,37.75
Robert W. Crown SMCA,2010-08-20,18.040192879736423,-122.27751475548094,37.76728112752839,-122.25,37.75
Robert W. Crown SMCA,2010-08-21,18.011627554893494,-122.27751475548094,37.76728112752839,-122.25,37.75
Robert W. Crown SMCA,2010-08-22,17.929593801498413,-122.27751475548094,37.76728112752839,-122.25,37.75
Robert W. Crown SMCA,2010-08-23,17.80507828295231,-122.27751475548094,37.76728112752839,-122.25,37.75
Robert W. Crown SMCA,2010-08-24,17.786767177283764,-122.27751475548094,37.76728112752839,-122.25,37.75
Robert W. Crown SMCA,2010-08-25,17.968413345515728,-122.27751475548094,37.76728112752839,-122.25,37.75
Robert W. Crown SMCA,2010-08-26,18.27164525538683,-122.27751475548094,37.76728112752839,-122.25,37.75
Robert W. Crown SMCA,2010-08-27,18.098788417875767,-122.27751475548094,37.76728112752839,-122.25,37.75
Robert W. Crown SMCA,2010-08-28,17.90322580933571,-122.27751475548094,37.76728112752839,-122.25,37.75
Robert W. Crown SMCA,2010-08-29,17.78090762346983,-122.27751475548094,37.76728112752839,-122.25,37.75
Robert W. Crown SMCA,2010-08-30,17.668111212551594,-122.27751475548094,37.76728112752839,-122.25,37.75
Robert W. Crown SMCA,2010-08-31,17.71572008728981,-122.27751475548094,37.76728112752839,-122.25,37.75
Robert W. Crown SMCA,2010-09-01,17.76918851584196,-122.27751475548094,37.76728112752839,-122.25,37.75
Robert W. Crown SMCA,2010-09-02,17.880520038306713,-122.27751475548094,37.76728112752839,-122.25,37.75
Robert W. Crown SMCA,2010-09-03,18.227698601782322,-122.27751475548094,37.76728112752839,-122.25,37.75
Robert W. Crown SMCA,2010-09-04,18.380779445171356,-122.27751475548094,37.76728112752839,-122.25,37.75
Robert W. Crown SMCA,2010-09-05,18.048982210457325,-122.27751475548094,37.76728112752839,-122.25,37.75
Robert W. Crown SMCA,2010-09-06,17.7523422986269,-122.27751475548094,37.76728112752839,-122.25,37.75
Robert W. Crown SMCA,2010-09-07,17.65858943760395,-122.27751475548094,37.76728112752839,-122.25,37.75
Robert W. Crown SMCA,2010-09-08,17.67836543172598,-122.27751475548094,37.76728112752839,-122.25,37.75
Robert W. Crown SMCA,2010-09-09,17.684224985539913,-122.27751475548094,37.76728112752839,-122.25,37.75
Robert W. Crown SMCA,2010-09-10,17.635883666574955,-122.27751475548094,37.76728112752839,-122.25,37.75
Robert W. Crown SMCA,2010-09-11,17.64174322038889,-122.27751475548094,37.76728112752839,-122.25,37.75
Robert W. Crown SMCA,2010-09-12,17.802880950272083,-122.27751475548094,37.76728112752839,-122.25,37.75
Robert W. Crown SMCA,2010-09-13,18.000640891492367,-122.27751475548094,37.76728112752839,-122.25,37.75
Robert W. Crown SMCA,2010-09-14,18.105380415916443,-122.27751475548094,37.76728112752839,-122.25,37.75
Robert W. Crown SMCA,2010-09-15,17.94936979562044,-122.27751475548094,37.76728112752839,-122.25,37.75
Robert W. Crown SMCA,2010-09-16,18.0065004453063,-122.27751475548094,37.76728112752839,-122.25,37.75
Robert W. Crown SMCA,2010-09-17,18.16104617714882,-122.27751475548094,37.76728112752839,-122.25,37.75
Robert W. Crown SMCA,2010-09-18,18.299478136003017,-122.27751475548094,37.76728112752839,-122.25,37.75
Robert W. Crown SMCA,2010-09-19,18.437177650630474,-122.27751475548094,37.76728112752839,-122.25,37.75
Robert W. Crown SMCA,2010-09-20,18.506027407944202,-122.27751475548094,37.76728112752839,-122.25,37.75
Robert W. Crown SMCA,2010-09-21,18.155186623334885,-122.27751475548094,37.76728112752839,-122.25,37.75
Robert W. Crown SMCA,2010-09-22,17.886379592120647,-122.27751475548094,37.76728112752839,-122.25,37.75
Robert W. Crown SMCA,2010-09-23,17.786767177283764,-122.27751475548094,37.76728112752839,-122.25,37.75
Robert W. Crown SMCA,2010-09-24,17.779442735016346,-122.27751475548094,37.76728112752839,-122.25,37.75
Robert W. Crown SMCA,2010-09-25,17.831446275115013,-122.27751475548094,37.76728112752839,-122.25,37.75
Robert W. Crown SMCA,2010-09-26,17.902493365108967,-122.27751475548094,37.76728112752839,-122.25,37.75
Robert W. Crown SMCA,2010-09-27,17.9486373513937,-122.27751475548094,37.76728112752839,-122.25,37.75
Robert W. Crown SMCA,2010-09-28,18.03872799128294,-122.27751475548094,37.76728112752839,-122.25,37.75
Robert W. Crown SMCA,2010-09-29,18.07095553725958,-122.27751475548094,37.76728112752839,-122.25,37.75
Robert W. Crown SMCA,2010-09-30,18.191808834671974,-122.27751475548094,37.76728112752839,-122.25,37.75
Robert W. Crown SMCA,2010-10-01,18.309732355177402,-122.27751475548094,37.76728112752839,-122.25,37.75
Robert W. Crown SMCA,2010-10-02,17.97280801087618,-122.27751475548094,37.76728112752839,-122.25,37.75
Robert W. Crown SMCA,2010-10-03,17.72817163914442,-122.27751475548094,37.76728112752839,-122.25,37.75
Robert W. Crown SMCA,2010-10-04,17.408825956285,-122.27751475548094,37.76728112752839,-122.25,37.75
Robert W. Crown SMCA,2010-10-05,16.827265240252018,-122.27751475548094,37.76728112752839,-122.25,37.75
Robert W. Crown SMCA,2010-10-06,16.608996860682964,-122.27751475548094,37.76728112752839,-122.25,37.75
Robert W. Crown SMCA,2010-10-07,16.814813688397408,-122.27751475548094,37.76728112752839,-122.25,37.75
Robert W. Crown SMCA,2010-10-08,17.002319410443306,-122.27751475548094,37.76728112752839,-122.25,37.75
Robert W. Crown SMCA,2010-10-09,17.06970427930355,-122.27751475548094,37.76728112752839,-122.25,37.75
Robert W. Crown SMCA,2010-10-10,17.021362960338593,-122.27751475548094,37.76728112752839,-122.25,37.75
Robert W. Crown SMCA,2010-10-11,16.47276223450899,-122.27751475548094,37.76728112752839,-122.25,37.75
Robert W. Crown SMCA,2010-10-12,16.21054720133543,-122.27751475548094,37.76728112752839,-122.25,37.75
Robert W. Crown SMCA,2010-10-13,16.3694875985384,-122.27751475548094,37.76728112752839,-122.25,37.75
Robert W. Crown SMCA,2010-10-14,16.715201273560524,-122.27751475548094,37.76728112752839,-122.25,37.75
Robert W. Crown SMCA,2010-10-15,16.79137547314167,-122.27751475548094,37.76728112752839,-122.25,37.75
Robert W. Crown SMCA,2010-10-16,16.555528432130814,-122.27751475548094,37.76728112752839,-122.25,37.75
Robert W. Crown SMCA,2010-10-17,16.174657434225082,-122.27751475548094,37.76728112752839,-122.25,37.75
Robert W. Crown SMCA,2010-10-18,15.927091285586357,-122.27751475548094,37.76728112752839,-122.25,37.75
Robert W. Crown SMCA,2010-10-19,15.775475330650806,-122.27751475548094,37.76728112752839,-122.25,37.75
Robert W. Crown SMCA,2010-10-20,15.752769559621811,-122.27751475548094,37.76728112752839,-122.25,37.75
Robert W. Crown SMCA,2010-10-21,15.85897397249937,-122.27751475548094,37.76728112752839,-122.25,37.75
Robert W. Crown SMCA,2010-10-22,15.941740170121193,-122.27751475548094,37.76728112752839,-122.25,37.75
Robert W. Crown SMCA,2010-10-23,15.92855617403984,-122.27751475548094,37.76728112752839,-122.25,37.75
Robert W. Crown SMCA,2010-10-24,15.692709133028984,-122.27751475548094,37.76728112752839,-122.25,37.75
Robert W. Crown SMCA,2010-10-25,15.504470966756344,-122.27751475548094,37.76728112752839,-122.25,37.75
Robert W. Crown SMCA,2010-10-26,15.303781248629093,-122.27751475548094,37.76728112752839,-122.25,37.75
Robert W. Crown SMCA,2010-10-27,15.027649775147438,-122.27751475548094,37.76728112752839,-122.25,37.75
Robert W. Crown SMCA,2010-10-28,14.988097786903381,-122.27751475548094,37.76728112752839,-122.25,37.75
Robert W. Crown SMCA,2010-10-29,15.02838221937418,-122.27751475548094,37.76728112752839,-122.25,37.75
Robert W. Crown SMCA,2010-10-30,15.115543082356453,-122.27751475548094,37.76728112752839,-122.25,37.75
Robert W. Crown SMCA,2010-10-31,15.307443469762802,-122.27751475548094,37.76728112752839,-122.25,37.75
Robert W. Crown SMCA,2010-11-01,15.49861141294241,-122.27751475548094,37.76728112752839,-122.25,37.75
Robert W. Crown SMCA,2010-11-02,15.602618493139744,-122.27751475548094,37.76728112752839,-122.25,37.75
Robert W. Crown SMCA,2010-11-03,15.712485127151012,-122.27751475548094,37.76728112752839,-122.25,37.75
Robert W. Crown SMCA,2010-11-04,15.822351761162281,-122.27751475548094,37.76728112752839,-122.25,37.75
Robert W. Crown SMCA,2010-11-05,15.881679743528366,-122.27751475548094,37.76728112752839,-122.25,37.75
Robert W. Crown SMCA,2010-11-06,15.899258404970169,-122.27751475548094,37.76728112752839,-122.25,37.75
Robert W. Crown SMCA,2010-11-07,15.8384655341506,-122.27751475548094,37.76728112752839,-122.25,37.75
Robert W. Crown SMCA,2010-11-08,15.278878144919872,-122.27751475548094,37.76728112752839,-122.25,37.75
Robert W. Crown SMCA,2010-11-09,14.774224072694778,-122.27751475548094,37.76728112752839,-122.25,37.75
Robert W. Crown SMCA,2010-11-10,14.524460591375828,-122.27751475548094,37.76728112752839,-122.25,37.75
Robert W. Crown SMCA,2010-11-11,14.334757536649704,-122.27751475548094,37.76728112752839,-122.25,37.75
Robert W. Crown SMCA,2010-11-12,14.253456227481365,-122.27751475548094,37.76728112752839,-122.25,37.75
Robert W. Crown SMCA,2010-11-13,14.145786926150322,-122.27751475548094,37.76728112752839,-122.25,37.75
Robert W. Crown SMCA,2010-11-14,14.088656276464462,-122.27751475548094,37.76728112752839,-122.25,37.75
Robert W. Crown SMCA,2010-11-15,14.150914035737514,-122.27751475548094,37.76728112752839,-122.25,37.75
Robert W. Crown SMCA,2010-11-16,14.213904239237309,-122.27751475548094,37.76728112752839,-122.25,37.75
Robert W. Crown SMCA,2010-11-17,14.14505448192358,-122.27751475548094,37.76728112752839,-122.25,37.75
Robert W. Crown SMCA,2010-11-18,14.231482900679111,-122.27751475548094,37.76728112752839,-122.25,37.75
Robert W. Crown SMCA,2010-11-19,14.30472732335329,-122.27751475548094,37.76728112752839,-122.25,37.75
Robert W. Crown SMCA,2010-11-20,14.209509573876858,-122.27751475548094,37.76728112752839,-122.25,37.75
Robert W. Crown SMCA,2010-11-21,13.545915104448795,-122.27751475548094,37.76728112752839,-122.25,37.75
Robert W. Crown SMCA,2010-11-22,13.112308122217655,-122.27751475548094,37.76728112752839,-122.25,37.75
Robert W. Crown SMCA,2010-11-23,12.894039742648602,-122.27751475548094,37.76728112752839,-122.25,37.75
Robert W. Crown SMCA,2010-11-24,12.40256966650486,-122.27751475548094,37.76728112752839,-122.25,37.75
Robert W. Crown SMCA,2010-11-25,11.875942267477512,-122.27751475548094,37.76728112752839,-122.25,37.75
Robert W. Crown SMCA,2010-11-26,11.885464042425156,-122.27751475548094,37.76728112752839,-122.25,37.75
Robert W. Crown SMCA,2010-11-27,11.958708465099335,-122.27751475548094,37.76728112752839,-122.25,37.75
Robert W. Crown SMCA,2010-11-28,11.42475662380457,-122.27751475548094,37.76728112752839,-122.25,37.75
Robert W. Crown SMCA,2010-11-29,11.174993142485619,-122.27751475548094,37.76728112752839,-122.25,37.75
Robert W. Crown SMCA,2010-11-30,11.218207351863384,-122.27751475548094,37.76728112752839,-122.25,37.75
Robert W. Crown SMCA,2010-12-01,11.263618893921375,-122.27751475548094,37.76728112752839,-122.25,37.75
Robert W. Crown SMCA,2010-12-02,11.336863316595554,-122.27751475548094,37.76728112752839,-122.25,37.75
Robert W. Crown SMCA,2010-12-03,11.309762880206108,-122.27751475548094,37.76728112752839,-122.25,37.75
Robert W. Crown SMCA,2010-12-04,11.251167342066765,-122.27751475548094,37.76728112752839,-122.25,37.75
Robert W. Crown SMCA,2010-12-05,11.161076702177525,-122.27751475548094,37.76728112752839,-122.25,37.75
Robert W. Crown SMCA,2010-12-06,11.170598477125168,-122.27751475548094,37.76728112752839,-122.25,37.75
Robert W. Crown SMCA,2010-12-07,11.308297991752625,-122.27751475548094,37.76728112752839,-122.25,37.75
Robert W. Crown SMCA,2010-12-08,11.37568286061287,-122.27751475548094,37.76728112752839,-122.25,37.75
Robert W. Crown SMCA,2010-12-09,11.41669973731041,-122.27751475548094,37.76728112752839,-122.25,37.75
Robert W. Crown SMCA,2010-12-10,11.515579707920551,-122.27751475548094,37.76728112752839,-122.25,37.75
Robert W. Crown SMCA,2010-12-11,11.667928107082844,-122.27751475548094,37.76728112752839,-122.25,37.75
Robert W. Crown SMCA,2010-12-12,11.824671171605587,-122.27751475548094,37.76728112752839,-122.25,37.75
Robert W. Crown SMCA,2010-12-13,11.958708465099335,-122.27751475548094,37.76728112752839,-122.25,37.75
Robert W. Crown SMCA,2010-12-14,12.074434652924538,-122.27751475548094,37.76728112752839,-122.25,37.75
Robert W. Crown SMCA,2010-12-15,12.12057863920927,-122.27751475548094,37.76728112752839,-122.25,37.75
Robert W. Crown SMCA,2010-12-16,12.21066927909851,-122.27751475548094,37.76728112752839,-122.25,37.75
Robert W. Crown SMCA,2010-12-17,12.182836398482323,-122.27751475548094,37.76728112752839,-122.25,37.75
Robert W. Crown SMCA,2010-12-18,11.930143140256405,-122.27751475548094,37.76728112752839,-122.25,37.75
Robert W. Crown SMCA,2010-12-19,11.873012490570545,-122.27751475548094,37.76728112752839,-122.25,37.75
Robert W. Crown SMCA,2010-12-20,11.750694304704666,-122.27751475548094,37.76728112752839,-122.25,37.75
Robert W. Crown SMCA,2010-12-21,11.558793917298317,-122.27751475548094,37.76728112752839,-122.25,37.75
Robert W. Crown SMCA,2010-12-22,11.434278398752213,-122.27751475548094,37.76728112752839,-122.25,37.75
Robert W. Crown SMCA,2010-12-23,11.422559291124344,-122.27751475548094,37.76728112752839,-122.25,37.75
Robert W. Crown SMCA,2010-12-24,11.33906064927578,-122.27751475548094,37.76728112752839,-122.25,37.75
Robert W. Crown SMCA,2010-12-25,11.201361134648323,-122.27751475548094,37.76728112752839,-122.25,37.75
Robert W. Crown SMCA,2010-12-26,11.013122968375683,-122.27751475548094,37.76728112752839,-122.25,37.75
Robert W. Crown SMCA,2010-12-27,11.002868749201298,-122.27751475548094,37.76728112752839,-122.25,37.75
Robert W. Crown SMCA,2010-12-28,11.096621610224247,-122.27751475548094,37.76728112752839,-122.25,37.75
Robert W. Crown SMCA,2010-12-29,10.918637663125992,-122.27751475548094,37.76728112752839,-122.25,37.75
Robert W. Crown SMCA,2010-12-30,10.418378256261349,-122.27751475548094,37.76728112752839,-122.25,37.75
Robert W. Crown SMCA,2010-12-31,10.052888587117195,-122.27751475548094,37.76728112752839,-122.25,37.75
Robert W. Crown SMCA,2011-01-01,9.964262835681438,-122.27751475548094,37.76728112752839,-122.25,37.75
Robert W. Crown SMCA,2011-01-02,9.947416618466377,-122.27751475548094,37.76728112752839,-122.25,37.75
Robert W. Crown SMCA,2011-01-03,10.031647704541683,-122.27751475548094,37.76728112752839,-122.25,37.75
Robert W. Crown SMCA,2011-01-04,10.16934721916914,-122.27751475548094,37.76728112752839,-122.25,37.75
Robert W. Crown SMCA,2011-01-05,10.334879614412785,-122.27751475548094,37.76728112752839,-122.25,37.75
Robert W. Crown SMCA,2011-01-06,10.466719575226307,-122.27751475548094,37.76728112752839,-122.25,37.75
Robert W. Crown SMCA,2011-01-07,10.523117780685425,-122.27751475548094,37.76728112752839,-122.25,37.75
Robert W. Crown SMCA,2011-01-08,10.13638722896576,-122.27751475548094,37.76728112752839,-122.25,37.75
Robert W. Crown SMCA,2011-01-09,9.849269092082977,-122.27751475548094,37.76728112752839,-122.25,37.75
Robert W. Crown SMCA,2011-01-10,9.64198737591505,-122.27751475548094,37.76728112752839,-122.25,37.75
Robert W. Crown SMCA,2011-01-11,9.6866664737463,-122.27751475548094,37.76728112752839,-122.25,37.75
Robert W. Crown SMCA,2011-01-12,9.630268268287182,-122.27751475548094,37.76728112752839,-122.25,37.75
Robert W. Crown SMCA,2011-01-13,9.735740236938,-122.27751475548094,37.76728112752839,-122.25,37.75
Robert W. Crown SMCA,2011-01-14,9.930570401251316,-122.27751475548094,37.76728112752839,-122.25,37.75
Robert W. Crown SMCA,2011-01-15,10.214758761227131,-122.27751475548094,37.76728112752839,-122.25,37.75
Robert W. Crown SMCA,2011-01-16,10.482100903987885,-122.27751475548094,37.76728112752839,-122.25,37.75
Robert W. Crown SMCA,2011-01-17,10.698904395103455,-122.27751475548094,37.76728112752839,-122.25,37.75
Robert W. Crown SMCA,2011-01-18,10.875423453748226,-122.27751475548094,37.76728112752839,-122.25,37.75
Robert W. Crown SMCA,2011-01-19,10.991149641573429,-122.27751475548094,37.76728112752839,-122.25,37.75
Robert W. Crown SMCA,2011-01-20,11.015320301055908,-122.27751475548094,37.76728112752839,-122.25,37.75
Robert W. Crown SMCA,2011-01-21,11.254097118973732,-122.27751475548094,37.76728112752839,-122.25,37.75
Robert W. Crown SMCA,2011-01-22,11.48261971771717,-122.27751475548094,37.76728112752839,-122.25,37.75
Robert W. Crown SMCA,2011-01-23,11.713339649140835,-122.27751475548094,37.76728112752839,-122.25,37.75
Robert W. Crown SMCA,2011-01-24,12.076631985604763,-122.27751475548094,37.76728112752839,-122.25,37.75
Robert W. Crown SMCA,2011-01-25,12.256080821156502,-122.27751475548094,37.76728112752839,-122.25,37.75
Robert W. Crown SMCA,2011-01-26,12.438459433615208,-122.27751475548094,37.76728112752839,-122.25,37.75
Robert W. Crown SMCA,2011-01-27,12.623035378754139,-122.27751475548094,37.76728112752839,-122.25,37.75
Robert W. Crown SMCA,2011-01-28,12.74242378771305,-122.27751475548094,37.76728112752839,-122.25,37.75
Robert W. Crown SMCA,2011-01-29,12.697744689881802,-122.27751475548094,37.76728112752839,-122.25,37.75
Robert W. Crown SMCA,2011-01-30,12.621570490300655,-122.27751475548094,37.76728112752839,-122.25,37.75
Robert W. Crown SMCA,2011-01-31,12.31247902661562,-122.27751475548094,37.76728112752839,-122.25,37.75
Robert W. Crown SMCA,2011-02-01,12.20627461373806,-122.27751475548094,37.76728112752839,-122.25,37.75
Robert W. Crown SMCA,2011-02-02,12.11618397384882,-122.27751475548094,37.76728112752839,-122.25,37.75
Robert W. Crown SMCA,2011-02-03,12.328592799603939,-122.27751475548094,37.76728112752839,-122.25,37.75
Robert W. Crown SMCA,2011-02-04,12.609851382672787,-122.27751475548094,37.76728112752839,-122.25,37.75
Robert W. Crown SMCA,2011-02-05,12.439924322068691,-122.27751475548094,37.76728112752839,-122.25,37.75
Robert W. Crown SMCA,2011-02-06,12.297097697854042,-122.27751475548094,37.76728112752839,-122.25,37.75
Robert W. Crown SMCA,2011-02-07,12.354960791766644,-122.27751475548094,37.76728112752839,-122.25,37.75
Robert W. Crown SMCA,2011-02-08,12.105197310447693,-122.27751475548094,37.76728112752839,-122.25,37.75
Robert W. Crown SMCA,2011-02-09,11.659871220588684,-122.27751475548094,37.76728112752839,-122.25,37.75
Robert W. Crown SMCA,2011-02-10,11.700155653059483,-122.27751475548094,37.76728112752839,-122.25,37.75
Robert W. Crown SMCA,2011-02-11,11.994598232209682,-122.27751475548094,37.76728112752839,-122.25,37.75
Robert W. Crown SMCA,2011-02-12,12.338114574551582,-122.27751475548094,37.76728112752839,-122.25,37.75
Robert W. Crown SMCA,2011-02-13,12.458967871963978,-122.27751475548094,37.76728112752839,-122.25,37.75
Robert W. Crown SMCA,2011-02-14,12.31247902661562,-122.27751475548094,37.76728112752839,-122.25,37.75
Robert W. Crown SMCA,2011-02-15,12.158665738999844,-122.27751475548094,37.76728112752839,-122.25,37.75
Robert W. Crown SMCA,2011-02-16,12.090548425912857,-122.27751475548094,37.76728112752839,-122.25,37.75
Robert W. Crown SMCA,2011-02-17,11.883999153971672,-122.27751475548094,37.76728112752839,-122.25,37.75
Robert W. Crown SMCA,2011-02-18,11.894253373146057,-122.27751475548094,37.76728112752839,-122.25,37.75
Robert W. Crown SMCA,2011-02-19,11.908169813454151,-122.27751475548094,37.76728112752839,-122.25,37.75
Robert W. Crown SMCA,2011-02-20,11.45771661400795,-122.27751475548094,37.76728112752839,-122.25,37.75
Robert W. Crown SMCA,2011-02-21,11.332468651235104,-122.27751475548094,37.76728112752839,-122.25,37.75
Robert W. Crown SMCA,2011-02-22,11.427686400711536,-122.27751475548094,37.76728112752839,-122.25,37.75
Robert W. Crown SMCA,2011-02-23,11.317819766700268,-122.27751475548094,37.76728112752839,-122.25,37.75
Robert W. Crown SMCA,2011-02-24,11.019714966416359,-122.27751475548094,37.76728112752839,-122.25,37.75
Robert W. Crown SMCA,2011-02-25,11.0116580799222,-122.27751475548094,37.76728112752839,-122.25,37.75
Robert W. Crown SMCA,2011-02-26,10.797051921486855,-122.27751475548094,37.76728112752839,-122.25,37.75
Robert W. Crown SMCA,2011-02-27,10.562669768929482,-122.27751475548094,37.76728112752839,-122.25,37.75
Robert W. Crown SMCA,2011-02-28,10.728202164173126,-122.27751475548094,37.76728112752839,-122.25,37.75
Robert W. Crown SMCA,2011-03-01,10.91790521889925,-122.27751475548094,37.76728112752839,-122.25,37.75
Robert W. Crown SMCA,2011-03-02,11.024842076003551,-122.27751475548094,37.76728112752839,-122.25,37.75
Robert W. Crown SMCA,2011-03-03,11.273140668869019,-122.27751475548094,37.76728112752839,-122.25,37.75
Robert W. Crown SMCA,2011-03-04,11.664265885949135,-122.27751475548094,37.76728112752839,-122.25,37.75
Robert W. Crown SMCA,2011-03-05,11.94039735943079,-122.27751475548094,37.76728112752839,-122.25,37.75
Robert W. Crown SMCA,2011-03-06,12.151341296732426,-122.27751475548094,37.76728112752839,-122.25,37.75
Robert W. Crown SMCA,2011-03-07,12.111789308488369,-122.27751475548094,37.76728112752839,-122.25,37.75
Robert W. Crown SMCA,2011-03-08,12.070772431790829,-122.27751475548094,37.76728112752839,-122.25,37.75
Robert W. Crown SMCA,2011-03-09,12.36155278980732,-122.27751475548094,37.76728112752839,-122.25,37.75
Robert W. Crown SMCA,2011-03-10,12.759270004928112,-122.27751475548094,37.76728112752839,-122.25,37.75
Robert W. Crown SMCA,2011-03-11,13.012695707380772,-122.27751475548094,37.76728112752839,-122.25,37.75
Robert W. Crown SMCA,2011-03-12,13.311532951891422,-122.27751475548094,37.76728112752839,-122.25,37.75
Robert W. Crown SMCA,2011-03-13,13.424329362809658,-122.27751475548094,37.76728112752839,-122.25,37.75
Robert W. Crown SMCA,2011-03-14,13.438245803117752,-122.27751475548094,37.76728112752839,-122.25,37.75
Robert W. Crown SMCA,2011-03-15,13.61329997330904,-122.27751475548094,37.76728112752839,-122.25,37.75
Robert W. Crown SMCA,2011-03-16,13.59718620032072,-122.27751475548094,37.76728112752839,-122.25,37.75
Robert W. Crown SMCA,2011-03-17,13.628681302070618,-122.27751475548094,37.76728112752839,-122.25,37.75
Robert W. Crown SMCA,2011-03-18,13.5722830966115,-122.27751475548094,37.76728112752839,-122.25,37.75
Robert W. Crown SMCA,2011-03-19,13.352549828588963,-122.27751475548094,37.76728112752839,-122.25,37.75
Robert W. Crown SMCA,2011-03-20,13.093264572322369,-122.27751475548094,37.76728112752839,-122.25,37.75
Robert W. Crown SMCA,2011-03-21,13.03686636686325,-122.27751475548094,37.76728112752839,-122.25,37.75
Robert W. Crown SMCA,2011-03-22,12.993652157485485,-122.27751475548094,37.76728112752839,-122.25,37.75
Robert W. Crown SMCA,2011-03-23,12.849360644817352,-122.27751475548094,37.76728112752839,-122.25,37.75
Robert W. Crown SMCA,2011-03-24,12.760002449154854,-122.27751475548094,37.76728112752839,-122.25,37.75
Robert W. Crown SMCA,2011-03-25,12.601794496178627,-122.27751475548094,37.76728112752839,-122.25,37.75
Robert W. Crown SMCA,2011-03-26,12.658192701637745,-122.27751475548094,37.76728112752839,-122.25,37.75
Robert W. Crown SMCA,2011-03-27,12.720450460910797,-122.27751475548094,37.76728112752839,-122.25,37.75
Robert W. Crown SMCA,2011-03-28,12.820795319974422,-122.27751475548094,37.76728112752839,-122.25,37.75
Robert W. Crown SMCA,2011-03-29,12.936521507799625,-122.27751475548094,37.76728112752839,-122.25,37.75
Robert W. Crown SMCA,2011-03-30,13.125492118299007,-122.27751475548094,37.76728112752839,-122.25,37.75
Robert W. Crown SMCA,2011-03-31,13.454359576106071,-122.27751475548094,37.76728112752839,-122.25,37.75
Robert W. Crown SMCA,2011-04-01,13.772240370512009,-122.27751475548094,37.76728112752839,-122.25,37.75
Robert W. Crown SMCA,2011-04-02,13.996368303894997,-122.27751475548094,37.76728112752839,-122.25,37.75
Robert W. Crown SMCA,2011-04-03,13.7685781493783,-122.27751475548094,37.76728112752839,-122.25,37.75
Robert W. Crown SMCA,2011-04-04,13.701925724744797,-122.27751475548094,37.76728112752839,-122.25,37.75
Robert W. Crown SMCA,2011-04-05,13.927518546581268,-122.27751475548094,37.76728112752839,-122.25,37.75
Robert W. Crown SMCA,2011-04-06,13.859401233494282,-122.27751475548094,37.76728112752839,-122.25,37.75
Robert W. Crown SMCA,2011-04-07,13.64625996351242,-122.27751475548094,37.76728112752839,-122.25,37.75
Robert W. Crown SMCA,2011-04-08,13.206060983240604,-122.27751475548094,37.76728112752839,-122.25,37.75
Robert W. Crown SMCA,2011-04-09,12.990722380578518,-122.27751475548094,37.76728112752839,-122.25,37.75
Robert W. Crown SMCA,2011-04-10,13.06543169170618,-122.27751475548094,37.76728112752839,-122.25,37.75
Robert W. Crown SMCA,2011-04-11,13.392834261059761,-122.27751475548094,37.76728112752839,-122.25,37.75
Robert W. Crown SMCA,2011-04-12,13.381115153431892,-122.27751475548094,37.76728112752839,-122.25,37.75
Robert W. Crown SMCA,2011-04-13,13.370860934257507,-122.27751475548094,37.76728112752839,-122.25,37.75
Robert W. Crown SMCA,2011-04-14,13.419202253222466,-122.27751475548094,37.76728112752839,-122.25,37.75
Robert W. Crown SMCA,2011-04-15,13.787621699273586,-122.27751475548094,37.76728112752839,-122.25,37.75
Robert W. Crown SMCA,2011-04-16,14.117221601307392,-122.27751475548094,37.76728112752839,-122.25,37.75
Robert W. Crown SMCA,2011-04-17,14.163365587592125,-122.27751475548094,37.76728112752839,-122.25,37.75
Robert W. Crown SMCA,2011-04-18,14.254188671708107,-122.27751475548094,37.76728112752839,-122.25,37.75
Robert W. Crown SMCA,2011-04-19,14.426313064992428,-122.27751475548094,37.76728112752839,-122.25,37.75
Robert W. Crown SMCA,2011-04-20,14.625537894666195,-122.27751475548094,37.76728112752839,-122.25,37.75
Robert W. Crown SMCA,2011-04-21,14.763237409293652,-122.27751475548094,37.76728112752839,-122.25,37.75
Robert W. Crown SMCA,2011-04-22,14.371379747986794,-122.27751475548094,37.76728112752839,-122.25,37.75
Robert W. Crown SMCA,2011-04-23,14.376506857573986,-122.27751475548094,37.76728112752839,-122.25,37.75
Robert W. Crown SMCA,2011-04-24,14.60722678899765,-122.27751475548094,37.76728112752839,-122.25,37.75
Robert W. Crown SMCA,2011-04-25,14.747856080532074,-122.27751475548094,37.76728112752839,-122.25,37.75
Robert W. Crown SMCA,2011-04-26,14.51274148374796,-122.27751475548094,37.76728112752839,-122.25,37.75
Robert W. Crown SMCA,2011-04-27,14.38236641138792,-122.27751475548094,37.76728112752839,-122.25,37.75
Robert W. Crown SMCA,2011-04-28,14.412396624684334,-122.27751475548094,37.76728112752839,-122.25,37.75
Robert W. Crown SMCA,2011-04-29,14.179479360580444,-122.27751475548094,37.76728112752839,-122.25,37.75
Robert W. Crown SMCA,2011-04-30,13.803003028035164,-122.27751475548094,37.76728112752839,-122.25,37.75
Robert W. Crown SMCA,2011-05-01,13.72389905154705,-122.27751475548094,37.76728112752839,-122.25,37.75
Robert W. Crown SMCA,2011-05-02,14.003692746162415,-122.27751475548094,37.76728112752839,-122.25,37.75
Robert W. Crown SMCA,2011-05-03,14.152378924190998,-122.27751475548094,37.76728112752839,-122.25,37.75
Robert W. Crown SMCA,2011-05-04,14.203650020062923,-122.27751475548094,37.76728112752839,-122.25,37.75
Robert W. Crown SMCA,2011-05-05,14.388958409428596,-122.27751475548094,37.76728112752839,-122.25,37.75
Robert W. Crown SMCA,2011-05-06,14.562547691166401,-122.27751475548094,37.76728112752839,-122.25,37.75
Robert W. Crown SMCA,2011-05-07,14.591845460236073,-122.27751475548094,37.76728112752839,-122.25,37.75
Robert W. Crown SMCA,2011-05-08,14.637989446520805,-122.27751475548094,37.76728112752839,-122.25,37.75
Robert W. Crown SMCA,2011-05-09,14.532517477869987,-122.27751475548094,37.76728112752839,-122.25,37.75
Robert W. Crown SMCA,2011-05-10,14.396282851696014,-122.27751475548094,37.76728112752839,-122.25,37.75
Robert W. Crown SMCA,2011-05-11,14.440961949527264,-122.27751475548094,37.76728112752839,-122.25,37.75
Robert W. Crown SMCA,2011-05-12,14.530320145189762,-122.27751475548094,37.76728112752839,-122.25,37.75
Robert W. Crown SMCA,2011-05-13,14.595507681369781,-122.27751475548094,37.76728112752839,-122.25,37.75
Robert W. Crown SMCA,2011-05-14,14.564745023846626,-122.27751475548094,37.76728112752839,-122.25,37.75
Robert W. Crown SMCA,2011-05-15,14.772759184241295,-122.27751475548094,37.76728112752839,-122.25,37.75
Robert W. Crown SMCA,2011-05-16,14.936826691031456,-122.27751475548094,37.76728112752839,-122.25,37.75
Robert W. Crown SMCA,2011-05-17,14.856257826089859,-122.27751475548094,37.76728112752839,-122.25,37.75
Robert W. Crown SMCA,2011-05-18,14.674611657857895,-122.27751475548094,37.76728112752839,-122.25,37.75
Robert W. Crown SMCA,2011-05-19,14.483443714678288,-122.27751475548094,37.76728112752839,-122.25,37.75
Robert W. Crown SMCA,2011-05-20,14.614551231265068,-122.27751475548094,37.76728112752839,-122.25,37.75
Robert W. Crown SMCA,2011-05-21,14.688528098165989,-122.27751475548094,37.76728112752839,-122.25,37.75
Robert W. Crown SMCA,2011-05-22,14.702444538474083,-122.27751475548094,37.76728112752839,-122.25,37.75
Robert W. Crown SMCA,2011-05-23,14.580126352608204,-122.27751475548094,37.76728112752839,-122.25,37.75
Robert W. Crown SMCA,2011-05-24,14.53324992209673,-122.27751475548094,37.76728112752839,-122.25,37.75
Robert W. Crown SMCA,2011-05-25,14.804254285991192,-122.27751475548094,37.76728112752839,-122.25,37.75
Robert W. Crown SMCA,2011-05-26,15.098696865141392,-122.27751475548094,37.76728112752839,-122.25,37.75
Robert W. Crown SMCA,2011-05-27,15.289132364094257,-122.27751475548094,37.76728112752839,-122.25,37.75
Robert W. Crown SMCA,2011-05-28,15.11407819390297,-122.27751475548094,37.76728112752839,-122.25,37.75
Robert W. Crown SMCA,2011-05-29,14.903866700828075,-122.27751475548094,37.76728112752839,-122.25,37.75
Robert W. Crown SMCA,2011-05-30,14.6519058868289,-122.27751475548094,37.76728112752839,-122.25,37.75
Robert W. Crown SMCA,2011-05-31,14.929502248764038,-122.27751475548094,37.76728112752839,-122.25,37.75
Robert W. Crown SMCA,2011-06-01,15.388012334704399,-122.27751475548094,37.76728112752839,-122.25,37.75
Robert W. Crown SMCA,2011-06-02,15.49055452644825,-122.27751475548094,37.76728112752839,-122.25,37.75
Robert W. Crown SMCA,2011-06-03,15.582842499017715,-122.27751475548094,37.76728112752839,-122.25,37.75
Robert W. Crown SMCA,2011-06-04,15.476638086140156,-122.27751475548094,37.76728112752839,-122.25,37.75
Robert W. Crown SMCA,2011-06-05,15.238593712449074,-122.27751475548094,37.76728112752839,-122.25,37.75
Robert W. Crown SMCA,2011-06-06,15.29425947368145,-122.27751475548094,37.76728112752839,-122.25,37.75
Robert W. Crown SMCA,2011-06-07,15.4949491918087,-122.27751475548094,37.76728112752839,-122.25,37.75
Robert W. Crown SMCA,2011-06-08,15.244453266263008,-122.27751475548094,37.76728112752839,-122.25,37.75
Robert W. Crown SMCA,2011-06-09,15.293527029454708,-122.27751475548094,37.76728112752839,-122.25,37.75
Robert W. Crown SMCA,2011-06-10,15.349192790687084,-122.27751475548094,37.76728112752839,-122.25,37.75
Robert W. Crown SMCA,2011-06-11,15.276680812239647,-122.27751475548094,37.76728112752839,-122.25,37.75
Robert W. Crown SMCA,2011-06-12,15.304513692855835,-122.27751475548094,37.76728112752839,-122.25,37.75
Robert W. Crown SMCA,2011-06-13,15.476638086140156,-122.27751475548094,37.76728112752839,-122.25,37.75
Robert W. Crown SMCA,2011-06-14,15.600421160459518,-122.27751475548094,37.76728112752839,-122.25,37.75
Robert W. Crown SMCA,2011-06-15,15.63777581602335,-122.27751475548094,37.76728112752839,-122.25,37.75
Robert W. Crown SMCA,2011-06-16,15.606280714273453,-122.27751475548094,37.76728112752839,-122.25,37.75
Robert W. Crown SMCA,2011-06-17,15.592364273965359,-122.27751475548094,37.76728112752839,-122.25,37.75
Robert W. Crown SMCA,2011-06-18,15.700766019523144,-122.27751475548094,37.76728112752839,-122.25,37.75
Robert W. Crown SMCA,2011-06-19,15.857509084045887,-122.27751475548094,37.76728112752839,-122.25,37.75
Robert W. Crown SMCA,2011-06-20,15.99374371021986,-122.27751475548094,37.76728112752839,-122.25,37.75
Robert W. Crown SMCA,2011-06-21,16.256691187620163,-122.27751475548094,37.76728112752839,-122.25,37.75
Robert W. Crown SMCA,2011-06-22,16.602404862642288,-122.27751475548094,37.76728112752839,-122.25,37.75
Robert W. Crown SMCA,2011-06-23,16.71813105046749,-122.27751475548094,37.76728112752839,-122.25,37.75
Robert W. Crown SMCA,2011-06-24,16.69249550253153,-122.27751475548094,37.76728112752839,-122.25,37.75
Robert W. Crown SMCA,2011-06-25,16.699087500572205,-122.27751475548094,37.76728112752839,-122.25,37.75
Robert W. Crown SMCA,2011-06-26,16.745231486856937,-122.27751475548094,37.76728112752839,-122.25,37.75
Robert W. Crown SMCA,2011-06-27,16.855830565094948,-122.27751475548094,37.76728112752839,-122.25,37.75
Robert W. Crown SMCA,2011-06-28,17.17151402682066,-122.27751475548094,37.76728112752839,-122.25,37.75
Robert W. Crown SMCA,2011-06-29,17.51942503452301,-122.27751475548094,37.76728112752839,-122.25,37.75
Robert W. Crown SMCA,2011-06-30,17.632953889667988,-122.27751475548094,37.76728112752839,-122.25,37.75
Robert W. Crown SMCA,2011-07-01,17.48646504431963,-122.27751475548094,37.76728112752839,-122.25,37.75
Robert W. Crown SMCA,2011-07-02,17.49891659617424,-122.27751475548094,37.76728112752839,-122.25,37.75
Robert W. Crown SMCA,2011-07-03,17.520157478749752,-122.27751475548094,37.76728112752839,-122.25,37.75
Robert W. Crown SMCA,2011-07-04,17.562639243900776,-122.27751475548094,37.76728112752839,-122.25,37.75
Robert W. Crown SMCA,2011-07-05,17.639545887708664,-122.27751475548094,37.76728112752839,-122.25,37.75
Robert W. Crown SMCA,2011-07-06,17.84243293851614,-122.27751475548094,37.76728112752839,-122.25,37.75
Robert W. Crown SMCA,2011-07-07,18.04312265664339,-122.27751475548094,37.76728112752839,-122.25,37.75
Robert W. Crown SMCA,2011-07-08,18.03506577014923,-122.27751475548094,37.76728112752839,-122.25,37.75
Robert W. Crown SMCA,2011-07-09,17.937650687992573,-122.27751475548094,37.76728112752839,-122.25,37.75
Robert W. Crown SMCA,2011-07-10,17.779442735016346,-122.27751475548094,37.76728112752839,-122.25,37.75
Robert W. Crown SMCA,2011-07-11,17.66664632409811,-122.27751475548094,37.76728112752839,-122.25,37.75
Robert W. Crown SMCA,2011-07-12,17.636616110801697,-122.27751475548094,37.76728112752839,-122.25,37.75
Robert W. Crown SMCA,2011-07-13,17.682027652859688,-122.27751475548094,37.76728112752839,-122.25,37.75
Robert W. Crown SMCA,2011-07-14,17.66664632409811,-122.27751475548094,37.76728112752839,-122.25,37.75
Robert W. Crown SMCA,2011-07-15,17.67030854523182,-122.27751475548094,37.76728112752839,-122.25,37.75
Robert W. Crown SMCA,2011-07-16,17.783104956150055,-122.27751475548094,37.76728112752839,-122.25,37.75
Robert W. Crown SMCA,2011-07-17,18.041657768189907,-122.27751475548094,37.76728112752839,-122.25,37.75
Robert W. Crown SMCA,2011-07-18,18.42252876609564,-122.27751475548094,37.76728112752839,-122.25,37.75
Robert W. Crown SMCA,2011-07-19,18.65617847442627,-122.27751475548094,37.76728112752839,-122.25,37.75
Robert W. Crown SMCA,2011-07-20,18.391766108572483,-122.27751475548094,37.76728112752839,-122.25,37.75
Robert W. Crown SMCA,2011-07-21,18.344157233834267,-122.27751475548094,37.76728112752839,-122.25,37.75
Robert W. Crown SMCA,2011-07-22,18.346354566514492,-122.27751475548094,37.76728112752839,-122.25,37.75
Robert W. Crown SMCA,2011-07-23,18.355876341462135,-122.27751475548094,37.76728112752839,-122.25,37.75
Robert W. Crown SMCA,2011-07-24,18.651051364839077,-122.27751475548094,37.76728112752839,-122.25,37.75
Robert W. Crown SMCA,2011-07-25,18.812921538949013,-122.27751475548094,37.76728112752839,-122.25,37.75
Robert W. Crown SMCA,2011-07-26,18.56169316917658,-122.27751475548094,37.76728112752839,-122.25,37.75
Robert W. Crown SMCA,2011-07-27,18.478926971554756,-122.27751475548094,37.76728112752839,-122.25,37.75
Robert W. Crown SMCA,2011-07-28,18.534592732787132,-122.27751475548094,37.76728112752839,-122.25,37.75
Robert W. Crown SMCA,2011-07-29,18.883968628942966,-122.27751475548094,37.76728112752839,-122.25,37.75
Robert W. Crown SMCA,2011-07-30,19.300729393959045,-122.27751475548094,37.76728112752839,-122.25,37.75
Robert W. Crown SMCA,2011-07-31,19.496292002499104,-122.27751475548094,37.76728112752839,-122.25,37.75
Robert W. Crown SMCA,2011-08-01,19.599566638469696,-122.27751475548094,37.76728112752839,-122.25,37.75
Robert W. Crown SMCA,2011-08-02,19.557817317545414,-122.27751475548094,37.76728112752839,-122.25,37.75
Robert W. Crown SMCA,2011-08-03,18.97479171305895,-122.27751475548094,37.76728112752839,-122.25,37.75
Robert W. Crown SMCA,2011-08-04,18.72942289710045,-122.27751475548094,37.76728112752839,-122.25,37.75
Robert W. Crown SMCA,2011-08-05,18.593920715153217,-122.27751475548094,37.76728112752839,-122.25,37.75
Robert W. Crown SMCA,2011-08-06,18.503097631037235,-122.27751475548094,37.76728112752839,-122.25,37.75
Robert W. Crown SMCA,2011-08-07,18.437177650630474,-122.27751475548094,37.76728112752839,-122.25,37.75
Robert W. Crown SMCA,2011-08-08,18.34488967806101,-122.27751475548094,37.76728112752839,-122.25,37.75
Robert W. Crown SMCA,2011-08-09,18.248939484357834,-122.27751475548094,37.76728112752839,-122.25,37.75
Robert W. Crown SMCA,2011-08-10,18.196203500032425,-122.27751475548094,37.76728112752839,-122.25,37.75
Robert W. Crown SMCA,2011-08-11,18.262123480439186,-122.27751475548094,37.76728112752839,-122.25,37.75
Robert W. Crown SMCA,2011-08-12,18.270912811160088,-122.27751475548094,37.76728112752839,-122.25,37.75
Robert W. Crown SMCA,2011-08-13,18.199133276939392,-122.27751475548094,37.76728112752839,-122.25,37.75
Robert W. Crown SMCA,2011-08-14,18.156651511788368,-122.27751475548094,37.76728112752839,-122.25,37.75
Robert W. Crown SMCA,2011-08-15,18.18228705972433,-122.27751475548094,37.76728112752839,-122.25,37.75
Robert W. Crown SMCA,2011-08-16,18.240150153636932,-122.27751475548094,37.76728112752839,-122.25,37.75
Robert W. Crown SMCA,2011-08-17,18.293618582189083,-122.27751475548094,37.76728112752839,-122.25,37.75
Robert W. Crown SMCA,2011-08-18,18.33390301465988,-122.27751475548094,37.76728112752839,-122.25,37.75
Robert W. Crown SMCA,2011-08-19,18.334635458886623,-122.27751475548094,37.76728112752839,-122.25,37.75
Robert W. Crown SMCA,2011-08-20,18.33683279156685,-122.27751475548094,37.76728112752839,-122.25,37.75
Robert W. Crown SMCA,2011-08-21,18.44743186980486,-122.27751475548094,37.76728112752839,-122.25,37.75
Robert W. Crown SMCA,2011-08-22,18.7338175624609,-122.27751475548094,37.76728112752839,-122.25,37.75
Robert W. Crown SMCA,2011-08-23,18.870784632861614,-122.27751475548094,37.76728112752839,-122.25,37.75
Robert W. Crown SMCA,2011-08-24,18.97991882264614,-122.27751475548094,37.76728112752839,-122.25,37.75
Robert W. Crown SMCA,2011-08-25,19.128605000674725,-122.27751475548094,37.76728112752839,-122.25,37.75
Robert W. Crown SMCA,2011-08-26,19.15131077170372,-122.27751475548094,37.76728112752839,-122.25,37.75
Robert W. Crown SMCA,2011-08-27,19.108096562325954,-122.27751475548094,37.76728112752839,-122.25,37.75
Robert W. Crown SMCA,2011-08-28,19.063417464494705,-122.27751475548094,37.76728112752839,-122.25,37.75
Robert W. Crown SMCA,2011-08-29,18.937437057495117,-122.27751475548094,37.76728112752839,-122.25,37.75
Robert W. Crown SMCA,2011-08-30,18.736014895141125,-122.27751475548094,37.76728112752839,-122.25,37.75
Robert W. Crown SMCA,2011-08-31,18.511154517531395,-122.27751475548094,37.76728112752839,-122.25,37.75
Robert W. Crown SMCA,2011-09-01,18.253334149718285,-122.27751475548094,37.76728112752839,-122.25,37.75
Robert W. Crown SMCA,2011-09-02,18.200598165392876,-122.27751475548094,37.76728112752839,-122.25,37.75
Robert W. Crown SMCA,2011-09-03,18.50968962907791,-122.27751475548094,37.76728112752839,-122.25,37.75
Robert W. Crown SMCA,2011-09-04,18.949156165122986,-122.27751475548094,37.76728112752839,-122.25,37.75
Robert W. Crown SMCA,2011-09-05,19.07293923944235,-122.27751475548094,37.76728112752839,-122.25,37.75
Robert W. Crown SMCA,2011-09-06,18.854670859873295,-122.27751475548094,37.76728112752839,-122.25,37.75
Robert W. Crown SMCA,2011-09-07,18.552903838455677,-122.27751475548094,37.76728112752839,-122.25,37.75
Robert W. Crown SMCA,2011-09-08,18.30533768981695,-122.27751475548094,37.76728112752839,-122.25,37.75
Robert W. Crown SMCA,2011-09-09,18.031403549015522,-122.27751475548094,37.76728112752839,-122.25,37.75
Robert W. Crown SMCA,2011-09-10,17.896633811295033,-122.27751475548094,37.76728112752839,-122.25,37.75
Robert W. Crown SMCA,2011-09-11,18.098788417875767,-122.27751475548094,37.76728112752839,-122.25,37.75
Robert W. Crown SMCA,2011-09-12,18.42252876609564,-122.27751475548094,37.76728112752839,-122.25,37.75
Robert W. Crown SMCA,2011-09-13,18.585131384432316,-122.27751475548094,37.76728112752839,-122.25,37.75
Robert W. Crown SMCA,2011-09-14,18.17715995013714,-122.27751475548094,37.76728112752839,-122.25,37.75
Robert W. Crown SMCA,2011-09-15,17.872463151812553,-122.27751475548094,37.76728112752839,-122.25,37.75
Robert W. Crown SMCA,2011-09-16,17.79775384068489,-122.27751475548094,37.76728112752839,-122.25,37.75
Robert W. Crown SMCA,2011-09-17,17.743552967906,-122.27751475548094,37.76728112752839,-122.25,37.75
Robert W. Crown SMCA,2011-09-18,17.787499621510506,-122.27751475548094,37.76728112752839,-122.25,37.75
Robert W. Crown SMCA,2011-09-19,17.921536915004253,-122.27751475548094,37.76728112752839,-122.25,37.75
Robert W. Crown SMCA,2011-09-20,18.09146397560835,-122.27751475548094,37.76728112752839,-122.25,37.75
Robert W. Crown SMCA,2011-09-21,18.221839047968388,-122.27751475548094,37.76728112752839,-122.25,37.75
Robert W. Crown SMCA,2011-09-22,18.217444382607937,-122.27751475548094,37.76728112752839,-122.25,37.75
Robert W. Crown SMCA,2011-09-23,18.265785701572895,-122.27751475548094,37.76728112752839,-122.25,37.75
Robert W. Crown SMCA,2011-09-24,18.37784966826439,-122.27751475548094,37.76728112752839,-122.25,37.75
Robert W. Crown SMCA,2011-09-25,18.489913634955883,-122.27751475548094,37.76728112752839,-122.25,37.75
Robert W. Crown SMCA,2011-09-26,18.65617847442627,-122.27751475548094,37.76728112752839,-122.25,37.75
Robert W. Crown SMCA,2011-09-27,18.667165137827396,-122.27751475548094,37.76728112752839,-122.25,37.75
Robert W. Crown SMCA,2011-09-28,18.28775902837515,-122.27751475548094,37.76728112752839,-122.25,37.75
Robert W. Crown SMCA,2011-09-29,18.433515429496765,-122.27751475548094,37.76728112752839,-122.25,37.75
Robert W. Crown SMCA,2011-09-30,18.67668691277504,-122.27751475548094,37.76728112752839,-122.25,37.75
Robert W. Crown SMCA,2011-10-01,18.731620229780674,-122.27751475548094,37.76728112752839,-122.25,37.75
Robert W. Crown SMCA,2011-10-02,18.720633566379547,-122.27751475548094,37.76728112752839,-122.25,37.75
Robert W. Crown SMCA,2011-10-03,18.63640248030424,-122.27751475548094,37.76728112752839,-122.25,37.75
Robert W. Crown SMCA,2011-10-04,18.45548875629902,-122.27751475548094,37.76728112752839,-122.25,37.75
Robert W. Crown SMCA,2011-10-05,17.96475112438202,-122.27751475548094,37.76728112752839,-122.25,37.75
Robert W. Crown SMCA,2011-10-06,17.481337934732437,-122.27751475548094,37.76728112752839,-122.25,37.75
Robert W. Crown SMCA,2011-10-07,17.23230689764023,-122.27751475548094,37.76728112752839,-122.25,37.75
Robert W. Crown SMCA,2011-10-08,17.15173803269863,-122.27751475548094,37.76728112752839,-122.25,37.75
Robert W. Crown SMCA,2011-10-09,17.11511582136154,-122.27751475548094,37.76728112752839,-122.25,37.75
Robert W. Crown SMCA,2011-10-10,17.181768245995045,-122.27751475548094,37.76728112752839,-122.25,37.75
Robert W. Crown SMCA,2011-10-11,17.3106784299016,-122.27751475548094,37.76728112752839,-122.25,37.75
Robert W. Crown SMCA,2011-10-12,17.46595660597086,-122.27751475548094,37.76728112752839,-122.25,37.75
Robert W. Crown SMCA,2011-10-13,17.465224161744118,-122.27751475548094,37.76728112752839,-122.25,37.75
Robert W. Crown SMCA,2011-10-14,17.52308725565672,-122.27751475548094,37.76728112752839,-122.25,37.75
Robert W. Crown SMCA,2011-10-15,17.751609854400158,-122.27751475548094,37.76728112752839,-122.25,37.75
Robert W. Crown SMCA,2011-10-16,18.078279979526997,-122.27751475548094,37.76728112752839,-122.25,37.75
Robert W. Crown SMCA,2011-10-17,18.185216836631298,-122.27751475548094,37.76728112752839,-122.25,37.75
Robert W. Crown SMCA,2011-10-18,18.32877590507269,-122.27751475548094,37.76728112752839,-122.25,37.75
Robert W. Crown SMCA,2011-10-19,18.32950834929943,-122.27751475548094,37.76728112752839,-122.25,37.75
Robert W. Crown SMCA,2011-10-20,17.75600451976061,-122.27751475548094,37.76728112752839,-122.25,37.75
Robert W. Crown SMCA,2011-10-21,17.58461257070303,-122.27751475548094,37.76728112752839,-122.25,37.75
Robert W. Crown SMCA,2011-10-22,17.427869506180286,-122.27751475548094,37.76728112752839,-122.25,37.75
Robert W. Crown SMCA,2011-10-23,17.41248817741871,-122.27751475548094,37.76728112752839,-122.25,37.75
Robert W. Crown SMCA,2011-10-24,17.422009952366352,-122.27751475548094,37.76728112752839,-122.25,37.75
Robert W. Crown SMCA,2011-10-25,17.186895355582237,-122.27751475548094,37.76728112752839,-122.25,37.75
Robert W. Crown SMCA,2011-10-26,16.82433546334505,-122.27751475548094,37.76728112752839,-122.25,37.75
Robert W. Crown SMCA,2011-10-27,16.526963107287884,-122.27751475548094,37.76728112752839,-122.25,37.75
Robert W. Crown SMCA,2011-10-28,16.40318003296852,-122.27751475548094,37.76728112752839,-122.25,37.75
Robert W. Crown SMCA,2011-10-29,16.274269849061966,-122.27751475548094,37.76728112752839,-122.25,37.75
Robert W. Crown SMCA,2011-10-30,16.212744534015656,-122.27751475548094,37.76728112752839,-122.25,37.75
Robert W. Crown SMCA,2011-10-31,16.13657033443451,-122.27751475548094,37.76728112752839,-122.25,37.75
Robert W. Crown SMCA,2011-11-01,15.788659326732159,-122.27751475548094,37.76728112752839,-122.25,37.75
Robert W. Crown SMCA,2011-11-02,15.448072761297226,-122.27751475548094,37.76728112752839,-122.25,37.75
Robert W. Crown SMCA,2011-11-03,15.511795409023762,-122.27751475548094,37.76728112752839,-122.25,37.75
Robert W. Crown SMCA,2011-11-04,15.262764371931553,-122.27751475548094,37.76728112752839,-122.25,37.75
Robert W. Crown SMCA,2011-11-05,14.552293471992016,-122.27751475548094,37.76728112752839,-122.25,37.75
Robert W. Crown SMCA,2011-11-06,14.135532706975937,-122.27751475548094,37.76728112752839,-122.25,37.75
Robert W. Crown SMCA,2011-11-07,13.805932804942131,-122.27751475548094,37.76728112752839,-122.25,37.75
Robert W. Crown SMCA,2011-11-08,13.604510642588139,-122.27751475548094,37.76728112752839,-122.25,37.75
Robert W. Crown SMCA,2011-11-09,13.724631495773792,-122.27751475548094,37.76728112752839,-122.25,37.75
Robert W. Crown SMCA,2011-11-10,13.730491049587727,-122.27751475548094,37.76728112752839,-122.25,37.75
Robert W. Crown SMCA,2011-11-11,13.542252883315086,-122.27751475548094,37.76728112752839,-122.25,37.75
Robert W. Crown SMCA,2011-11-12,13.500503562390804,-122.27751475548094,37.76728112752839,-122.25,37.75
Robert W. Crown SMCA,2011-11-13,13.596453756093979,-122.27751475548094,37.76728112752839,-122.25,37.75
Robert W. Crown SMCA,2011-11-14,13.403088480234146,-122.27751475548094,37.76728112752839,-122.25,37.75
Robert W. Crown SMCA,2011-11-15,13.281502738595009,-122.27751475548094,37.76728112752839,-122.25,37.75
Robert W. Crown SMCA,2011-11-16,13.247077859938145,-122.27751475548094,37.76728112752839,-122.25,37.75
Robert W. Crown SMCA,2011-11-17,13.255867190659046,-122.27751475548094,37.76728112752839,-122.25,37.75
Robert W. Crown SMCA,2011-11-18,13.214850313961506,-122.27751475548094,37.76728112752839,-122.25,37.75
Robert W. Crown SMCA,2011-11-19,13.001709043979645,-122.27751475548094,37.76728112752839,-122.25,37.75
Robert W. Crown SMCA,2011-11-20,12.960692167282104,-122.27751475548094,37.76728112752839,-122.25,37.75
Robert W. Crown SMCA,2011-11-21,13.118900120258331,-122.27751475548094,37.76728112752839,-122.25,37.75
Robert W. Crown SMCA,2011-11-22,13.082277908921242,-122.27751475548094,37.76728112752839,-122.25,37.75
Robert W. Crown SMCA,2011-11-23,12.915280625224113,-122.27751475548094,37.76728112752839,-122.25,37.75
Robert W. Crown SMCA,2011-11-24,12.839838869869709,-122.27751475548094,37.76728112752839,-122.25,37.75
Robert W. Crown SMCA,2011-11-25,12.878658413887024,-122.27751475548094,37.76728112752839,-122.25,37.75
Robert W. Crown SMCA,2011-11-26,12.922605067491531,-122.27751475548094,37.76728112752839,-122.25,37.75
Robert W. Crown SMCA,2011-11-27,13.035401478409767,-122.27751475548094,37.76728112752839,-122.25,37.75
Robert W. Crown SMCA,2011-11-28,13.021485038101673,-122.27751475548094,37.76728112752839,-122.25,37.75
Robert W. Crown SMCA,2011-11-29,12.77098911255598,-122.27751475548094,37.76728112752839,-122.25,37.75
Robert W. Crown SMCA,2011-11-30,12.379131451249123,-122.27751475548094,37.76728112752839,-122.25,37.75
Robert W. Crown SMCA,2011-12-01,12.11618397384882,-122.27751475548094,37.76728112752839,-122.25,37.75
Robert W. Crown SMCA,2011-12-02,11.84224983304739,-122.27751475548094,37.76728112752839,-122.25,37.75
Robert W. Crown SMCA,2011-12-03,11.657673887908459,-122.27751475548094,37.76728112752839,-122.25,37.75
Robert W. Crown SMCA,2011-12-04,11.496536158025265,-122.27751475548094,37.76728112752839,-122.25,37.75
Robert W. Crown SMCA,2011-12-05,11.393993966281414,-122.27751475548094,37.76728112752839,-122.25,37.75
Robert W. Crown SMCA,2011-12-06,11.53975036740303,-122.27751475548094,37.76728112752839,-122.25,37.75
Robert W. Crown SMCA,2011-12-07,11.798303179442883,-122.27751475548094,37.76728112752839,-122.25,37.75
Robert W. Crown SMCA,2011-12-08,11.844447165727615,-122.27751475548094,37.76728112752839,-122.25,37.75
Robert W. Crown SMCA,2011-12-09,11.920621365308762,-122.27751475548094,37.76728112752839,-122.25,37.75
Robert W. Crown SMCA,2011-12-10,12.073702208697796,-122.27751475548094,37.76728112752839,-122.25,37.75
Robert W. Crown SMCA,2011-12-11,12.017304003238678,-122.27751475548094,37.76728112752839,-122.25,37.75
Robert W. Crown SMCA,2011-12-12,11.755821414291859,-122.27751475548094,37.76728112752839,-122.25,37.75
Robert W. Crown SMCA,2011-12-13,11.464308612048626,-122.27751475548094,37.76728112752839,-122.25,37.75
Robert W. Crown SMCA,2011-12-14,11.599810793995857,-122.27751475548094,37.76728112752839,-122.25,37.75
Robert W. Crown SMCA,2011-12-15,11.57637257874012,-122.27751475548094,37.76728112752839,-122.25,37.75
Robert W. Crown SMCA,2011-12-16,11.180852696299553,-122.27751475548094,37.76728112752839,-122.25,37.75
Robert W. Crown SMCA,2011-12-17,11.31855221092701,-122.27751475548094,37.76728112752839,-122.25,37.75
Robert W. Crown SMCA,2011-12-18,11.544877476990223,-122.27751475548094,37.76728112752839,-122.25,37.75
Robert W. Crown SMCA,2011-12-19,11.306833103299141,-122.27751475548094,37.76728112752839,-122.25,37.75
Robert W. Crown SMCA,2011-12-20,11.196966469287872,-122.27751475548094,37.76728112752839,-122.25,37.75
Robert W. Crown SMCA,2011-12-21,11.199163801968098,-122.27751475548094,37.76728112752839,-122.25,37.75
Robert W. Crown SMCA,2011-12-22,11.168401144444942,-122.27751475548094,37.76728112752839,-122.25,37.75
Robert W. Crown SMCA,2011-12-23,11.37568286061287,-122.27751475548094,37.76728112752839,-122.25,37.75
Robert W. Crown SMCA,2011-12-24,11.712607204914093,-122.27751475548094,37.76728112752839,-122.25,37.75
Robert W. Crown SMCA,2011-12-25,11.945524469017982,-122.27751475548094,37.76728112752839,-122.25,37.75
Robert W. Crown SMCA,2011-12-26,11.947721801698208,-122.27751475548094,37.76728112752839,-122.25,37.75
Robert W. Crown SMCA,2011-12-27,11.982879124581814,-122.27751475548094,37.76728112752839,-122.25,37.75
Robert W. Crown SMCA,2011-12-28,12.069307543337345,-122.27751475548094,37.76728112752839,-122.25,37.75
Robert W. Crown SMCA,2011-12-29,12.051728881895542,-122.27751475548094,37.76728112752839,-122.25,37.75
Robert W. Crown SMCA,2011-12-30,11.984344013035297,-122.27751475548094,37.76728112752839,-122.25,37.75
Robert W. Crown SMCA,2011-12-31,11.848109386861324,-122.27751475548094,37.76728112752839,-122.25,37.75
Robert W. Crown SMCA,2012-01-01,11.931608028709888,-122.27751475548094,37.76728112752839,-122.25,37.75
Robert W. Crown SMCA,2012-01-02,12.009247116744518,-122.27751475548094,37.76728112752839,-122.25,37.75
Robert W. Crown SMCA,2012-01-03,12.05465865880251,-122.27751475548094,37.76728112752839,-122.25,37.75
Robert W. Crown SMCA,2012-01-04,12.171117290854454,-122.27751475548094,37.76728112752839,-122.25,37.75
Robert W. Crown SMCA,2012-01-05,12.23117771744728,-122.27751475548094,37.76728112752839,-122.25,37.75
Robert W. Crown SMCA,2012-01-06,11.83419294655323,-122.27751475548094,37.76728112752839,-122.25,37.75
Robert W. Crown SMCA,2012-01-07,11.492141492664814,-122.27751475548094,37.76728112752839,-122.25,37.75
Robert W. Crown SMCA,2012-01-08,11.3551744222641,-122.27751475548094,37.76728112752839,-122.25,37.75
Robert W. Crown SMCA,2012-01-09,11.471633054316044,-122.27751475548094,37.76728112752839,-122.25,37.75
Robert W. Crown SMCA,2012-01-10,11.691366322338581,-122.27751475548094,37.76728112752839,-122.25,37.75
Robert W. Crown SMCA,2012-01-11,11.79317606985569,-122.27751475548094,37.76728112752839,-122.25,37.75
Robert W. Crown SMCA,2012-01-12,11.881801821291447,-122.27751475548094,37.76728112752839,-122.25,37.75
Robert W. Crown SMCA,2012-01-13,11.955046243965626,-122.27751475548094,37.76728112752839,-122.25,37.75
Robert W. Crown SMCA,2012-01-14,12.089083537459373,-122.27751475548094,37.76728112752839,-122.25,37.75
Robert W. Crown SMCA,2012-01-15,12.012176893651485,-122.27751475548094,37.76728112752839,-122.25,37.75
Robert W. Crown SMCA,2012-01-16,11.222602017223835,-122.27751475548094,37.76728112752839,-122.25,37.75
Robert W. Crown SMCA,2012-01-17,10.700369283556938,-122.27751475548094,37.76728112752839,-122.25,37.75
Robert W. Crown SMCA,2012-01-18,10.722342610359192,-122.27751475548094,37.76728112752839,-122.25,37.75
Robert W. Crown SMCA,2012-01-19,10.697439506649971,-122.27751475548094,37.76728112752839,-122.25,37.75
Robert W. Crown SMCA,2012-01-20,10.572923988103867,-122.27751475548094,37.76728112752839,-122.25,37.75
Robert W. Crown SMCA,2012-01-21,10.587572872638702,-122.27751475548094,37.76728112752839,-122.25,37.75
Robert W. Crown SMCA,2012-01-22,10.636646635830402,-122.27751475548094,37.76728112752839,-122.25,37.75
Robert W. Crown SMCA,2012-01-23,10.60295420140028,-122.27751475548094,37.76728112752839,-122.25,37.75
Robert W. Crown SMCA,2012-01-24,10.630054637789726,-122.27751475548094,37.76728112752839,-122.25,37.75
Robert W. Crown SMCA,2012-01-25,10.760429710149765,-122.27751475548094,37.76728112752839,-122.25,37.75
Robert W. Crown SMCA,2012-01-26,10.97943053394556,-122.27751475548094,37.76728112752839,-122.25,37.75
Robert W. Crown SMCA,2012-01-27,11.017517633736134,-122.27751475548094,37.76728112752839,-122.25,37.75
Robert W. Crown SMCA,2012-01-28,11.012390524148941,-122.27751475548094,37.76728112752839,-122.25,37.75
Robert W. Crown SMCA,2012-01-29,11.225531794130802,-122.27751475548094,37.76728112752839,-122.25,37.75
Robert W. Crown SMCA,2012-01-30,11.50312815606594,-122.27751475548094,37.76728112752839,-122.25,37.75
Robert W. Crown SMCA,2012-01-31,11.49067660421133,-122.27751475548094,37.76728112752839,-122.25,37.75
Robert W. Crown SMCA,2012-02-01,11.557329028844833,-122.27751475548094,37.76728112752839,-122.25,37.75
Robert W. Crown SMCA,2012-02-02,11.657673887908459,-122.27751475548094,37.76728112752839,-122.25,37.75
Robert W. Crown SMCA,2012-02-03,11.848109386861324,-122.27751475548094,37.76728112752839,-122.25,37.75
Robert W. Crown SMCA,2012-02-04,12.127903081476688,-122.27751475548094,37.76728112752839,-122.25,37.75
Robert W. Crown SMCA,2012-02-05,12.393047891557217,-122.27751475548094,37.76728112752839,-122.25,37.75
Robert W. Crown SMCA,2012-02-06,12.325663022696972,-122.27751475548094,37.76728112752839,-122.25,37.75
Robert W. Crown SMCA,2012-02-07,11.939664915204048,-122.27751475548094,37.76728112752839,-122.25,37.75
Robert W. Crown SMCA,2012-02-08,11.97335734963417,-122.27751475548094,37.76728112752839,-122.25,37.75
Robert W. Crown SMCA,2012-02-09,12.31247902661562,-122.27751475548094,37.76728112752839,-122.25,37.75
Robert W. Crown SMCA,2012-02-10,12.440656766295433,-122.27751475548094,37.76728112752839,-122.25,37.75
Robert W. Crown SMCA,2012-02-11,12.36960967630148,-122.27751475548094,37.76728112752839,-122.25,37.75
Robert W. Crown SMCA,2012-02-12,12.036347553133965,-122.27751475548094,37.76728112752839,-122.25,37.75
Robert W. Crown SMCA,2012-02-13,11.845912054181099,-122.27751475548094,37.76728112752839,-122.25,37.75
Robert W. Crown SMCA,2012-02-14,11.51484726369381,-122.27751475548094,37.76728112752839,-122.25,37.75
Robert W. Crown SMCA,2012-02-15,11.265083782374859,-122.27751475548094,37.76728112752839,-122.25,37.75
Robert W. Crown SMCA,2012-02-16,11.013855412602425,-122.27751475548094,37.76728112752839,-122.25,37.75
Robert W. Crown SMCA,2012-02-17,11.004333637654781,-122.27751475548094,37.76728112752839,-122.25,37.75
Robert W. Crown SMCA,2012-02-18,11.005798526108265,-122.27751475548094,37.76728112752839,-122.25,37.75
Robert W. Crown SMCA,2012-02-19,10.781670592725277,-122.27751475548094,37.76728112752839,-122.25,37.75
Robert W. Crown SMCA,2012-02-20,10.767021708190441,-122.27751475548094,37.76728112752839,-122.25,37.75
Robert W. Crown SMCA,2012-02-21,10.849787905812263,-122.27751475548094,37.76728112752839,-122.25,37.75
Robert W. Crown SMCA,2012-02-22,10.854915015399456,-122.27751475548094,37.76728112752839,-122.25,37.75
Robert W. Crown SMCA,2012-02-23,10.855647459626198,-122.27751475548094,37.76728112752839,-122.25,37.75
Robert W. Crown SMCA,2012-02-24,10.817560359835625,-122.27751475548094,37.76728112752839,-122.25,37.75
Robert W. Crown SMCA,2012-02-25,10.862971901893616,-122.27751475548094,37.76728112752839,-122.25,37.75
Robert W. Crown SMCA,2012-02-26,10.572923988103867,-122.27751475548094,37.76728112752839,-122.25,37.75
Robert W. Crown SMCA,2012-02-27,10.334879614412785,-122.27751475548094,37.76728112752839,-122.25,37.75
Robert W. Crown SMCA,2012-02-28,10.061677917838097,-122.27751475548094,37.76728112752839,-122.25,37.75
Robert W. Crown SMCA,2012-02-29,10.027253039181232,-122.27751475548094,37.76728112752839,-122.25,37.75
Robert W. Crown SMCA,2012-03-01,10.08731346577406,-122.27751475548094,37.76728112752839,-122.25,37.75
Robert W. Crown SMCA,2012-03-02,10.118076123297215,-122.27751475548094,37.76728112752839,-122.25,37.75
Robert W. Crown SMCA,2012-03-03,10.323160506784916,-122.27751475548094,37.76728112752839,-122.25,37.75
Robert W. Crown SMCA,2012-03-04,10.702566616237164,-122.27751475548094,37.76728112752839,-122.25,37.75
Robert W. Crown SMCA,2012-03-05,11.103946052491665,-122.27751475548094,37.76728112752839,-122.25,37.75
Robert W. Crown SMCA,2012-03-06,11.120059825479984,-122.27751475548094,37.76728112752839,-122.25,37.75
Robert W. Crown SMCA,2012-03-07,10.81975769251585,-122.27751475548094,37.76728112752839,-122.25,37.75
Robert W. Crown SMCA,2012-03-08,10.871028788387775,-122.27751475548094,37.76728112752839,-122.25,37.75
Robert W. Crown SMCA,2012-03-09,11.340525537729263,-122.27751475548094,37.76728112752839,-122.25,37.75
Robert W. Crown SMCA,2012-03-10,11.579302355647087,-122.27751475548094,37.76728112752839,-122.25,37.75
Robert W. Crown SMCA,2012-03-11,11.51924192905426,-122.27751475548094,37.76728112752839,-122.25,37.75
Robert W. Crown SMCA,2012-03-12,11.514114819467068,-122.27751475548094,37.76728112752839,-122.25,37.75
Robert W. Crown SMCA,2012-03-13,11.401318408548832,-122.27751475548094,37.76728112752839,-122.25,37.75
Robert W. Crown SMCA,2012-03-14,11.347849979996681,-122.27751475548094,37.76728112752839,-122.25,37.75
Robert W. Crown SMCA,2012-03-15,11.422559291124344,-122.27751475548094,37.76728112752839,-122.25,37.75
Robert W. Crown SMCA,2012-03-16,11.591021463274956,-122.27751475548094,37.76728112752839,-122.25,37.75
Robert W. Crown SMCA,2012-03-17,11.714072093367577,-122.27751475548094,37.76728112752839,-122.25,37.75
Robert W. Crown SMCA,2012-03-18,11.336863316595554,-122.27751475548094,37.76728112752839,-122.25,37.75
Robert W. Crown SMCA,2012-03-19,11.170598477125168,-122.27751475548094,37.76728112752839,-122.25,37.75
Robert W. Crown SMCA,2012-03-20,11.39619129896164,-122.27751475548094,37.76728112752839,-122.25,37.75
Robert W. Crown SMCA,2012-03-21,11.684041880071163,-122.27751475548094,37.76728112752839,-122.25,37.75
Robert W. Crown SMCA,2012-03-22,11.94845424592495,-122.27751475548094,37.76728112752839,-122.25,37.75
Robert W. Crown SMCA,2012-03-23,12.182836398482323,-122.27751475548094,37.76728112752839,-122.25,37.75
Robert W. Crown SMCA,2012-03-24,12.174047067761421,-122.27751475548094,37.76728112752839,-122.25,37.75
Robert W. Crown SMCA,2012-03-25,12.30881680548191,-122.27751475548094,37.76728112752839,-122.25,37.75
Robert W. Crown SMCA,2012-03-26,12.535874515771866,-122.27751475548094,37.76728112752839,-122.25,37.75
Robert W. Crown SMCA,2012-03-27,12.192358173429966,-122.27751475548094,37.76728112752839,-122.25,37.75
Robert W. Crown SMCA,2012-03-28,12.03854488581419,-122.27751475548094,37.76728112752839,-122.25,37.75
Robert W. Crown SMCA,2012-03-29,12.327127911150455,-122.27751475548094,37.76728112752839,-122.25,37.75
Robert W. Crown SMCA,2012-03-30,12.593005165457726,-122.27751475548094,37.76728112752839,-122.25,37.75
Robert W. Crown SMCA,2012-03-31,12.790765106678009,-122.27751475548094,37.76728112752839,-122.25,37.75
Robert W. Crown SMCA,2012-04-01,12.631092265248299,-122.27751475548094,37.76728112752839,-122.25,37.75
Robert W. Crown SMCA,2012-04-02,12.535874515771866,-122.27751475548094,37.76728112752839,-122.25,37.75
Robert W. Crown SMCA,2012-04-03,12.768059335649014,-122.27751475548094,37.76728112752839,-122.25,37.75
Robert W. Crown SMCA,2012-04-04,12.809076212346554,-122.27751475548094,37.76728112752839,-122.25,37.75
Robert W. Crown SMCA,2012-04-05,12.6889553591609,-122.27751475548094,37.76728112752839,-122.25,37.75
Robert W. Crown SMCA,2012-04-06,12.45970031619072,-122.27751475548094,37.76728112752839,-122.25,37.75
Robert W. Crown SMCA,2012-04-07,12.636219374835491,-122.27751475548094,37.76728112752839,-122.25,37.75
Robert W. Crown SMCA,2012-04-08,13.088869906961918,-122.27751475548094,37.76728112752839,-122.25,37.75
Robert W. Crown SMCA,2012-04-09,13.344492942094803,-122.27751475548094,37.76728112752839,-122.25,37.75
Robert W. Crown SMCA,2012-04-10,13.370860934257507,-122.27751475548094,37.76728112752839,-122.25,37.75
Robert W. Crown SMCA,2012-04-11,13.540787994861603,-122.27751475548094,37.76728112752839,-122.25,37.75
Robert W. Crown SMCA,2012-04-12,13.599383533000946,-122.27751475548094,37.76728112752839,-122.25,37.75
Robert W. Crown SMCA,2012-04-13,13.370860934257507,-122.27751475548094,37.76728112752839,-122.25,37.75
Robert W. Crown SMCA,2012-04-14,13.219244979321957,-122.27751475548094,37.76728112752839,-122.25,37.75
Robert W. Crown SMCA,2012-04-15,13.173100993037224,-122.27751475548094,37.76728112752839,-122.25,37.75
Robert W. Crown SMCA,2012-04-16,13.370128490030766,-122.27751475548094,37.76728112752839,-122.25,37.75
Robert W. Crown SMCA,2012-04-17,13.651387073099613,-122.27751475548094,37.76728112752839,-122.25,37.75
Robert W. Crown SMCA,2012-04-18,13.799340806901455,-122.27751475548094,37.76728112752839,-122.25,37.75
Robert W. Crown SMCA,2012-04-19,14.0139469653368,-122.27751475548094,37.76728112752839,-122.25,37.75
Robert W. Crown SMCA,2012-04-20,14.131138041615486,-122.27751475548094,37.76728112752839,-122.25,37.75
Robert W. Crown SMCA,2012-04-21,14.281289108097553,-122.27751475548094,37.76728112752839,-122.25,37.75
Robert W. Crown SMCA,2012-04-22,14.696584984660149,-122.27751475548094,37.76728112752839,-122.25,37.75
Robert W. Crown SMCA,2012-04-23,15.147770628333092,-122.27751475548094,37.76728112752839,-122.25,37.75
Robert W. Crown SMCA,2012-04-24,15.214423052966595,-122.27751475548094,37.76728112752839,-122.25,37.75
Robert W. Crown SMCA,2012-04-25,15.31037324666977,-122.27751475548094,37.76728112752839,-122.25,37.75
Robert W. Crown SMCA,2012-04-26,15.456862092018127,-122.27751475548094,37.76728112752839,-122.25,37.75
Robert W. Crown SMCA,2012-04-27,15.467116311192513,-122.27751475548094,37.76728112752839,-122.25,37.75
Robert W. Crown SMCA,2012-04-28,14.947813354432583,-122.27751475548094,37.76728112752839,-122.25,37.75
Robert W. Crown SMCA,2012-04-29,14.818903170526028,-122.27751475548094,37.76728112752839,-122.25,37.75
Robert W. Crown SMCA,2012-04-30,14.789605401456356,-122.27751475548094,37.76728112752839,-122.25,37.75
Robert W. Crown SMCA,2012-05-01,14.740531638264656,-122.27751475548094,37.76728112752839,-122.25,37.75
Robert W. Crown SMCA,2012-05-02,14.514206372201443,-122.27751475548094,37.76728112752839,-122.25,37.75
Robert W. Crown SMCA,2012-05-03,14.470259718596935,-122.27751475548094,37.76728112752839,-122.25,37.75
Robert W. Crown SMCA,2012-05-04,14.495162822306156,-122.27751475548094,37.76728112752839,-122.25,37.75
Robert W. Crown SMCA,2012-05-05,14.227820679545403,-122.27751475548094,37.76728112752839,-122.25,37.75
Robert W. Crown SMCA,2012-05-06,14.01028474420309,-122.27751475548094,37.76728112752839,-122.25,37.75
Robert W. Crown SMCA,2012-05-07,13.965605646371841,-122.27751475548094,37.76728112752839,-122.25,37.75
Robert W. Crown SMCA,2012-05-08,14.004425190389156,-122.27751475548094,37.76728112752839,-122.25,37.75
Robert W. Crown SMCA,2012-05-09,13.989043861627579,-122.27751475548094,37.76728112752839,-122.25,37.75
Robert W. Crown SMCA,2012-05-10,13.89162877947092,-122.27751475548094,37.76728112752839,-122.25,37.75
Robert W. Crown SMCA,2012-05-11,13.877712339162827,-122.27751475548094,37.76728112752839,-122.25,37.75
Robert W. Crown SMCA,2012-05-12,14.257118448615074,-122.27751475548094,37.76728112752839,-122.25,37.75
Robert W. Crown SMCA,2012-05-13,14.85259560495615,-122.27751475548094,37.76728112752839,-122.25,37.75
Robert W. Crown SMCA,2012-05-14,15.381420336663723,-122.27751475548094,37.76728112752839,-122.25,37.75
Robert W. Crown SMCA,2012-05-15,15.667073585093021,-122.27751475548094,37.76728112752839,-122.25,37.75
Robert W. Crown SMCA,2012-05-16,15.413647882640362,-122.27751475548094,37.76728112752839,-122.25,37.75
Robert W. Crown SMCA,2012-05-17,15.256904818117619,-122.27751475548094,37.76728112752839,-122.25,37.75
Robert W. Crown SMCA,2012-05-18,15.083315536379814,-122.27751475548094,37.76728112752839,-122.25,37.75
Robert W. Crown SMCA,2012-05-19,14.91412092000246,-122.27751475548094,37.76728112752839,-122.25,37.75
Robert W. Crown SMCA,2012-05-20,14.948545798659325,-122.27751475548094,37.76728112752839,-122.25,37.75
Robert W. Crown SMCA,2012-05-21,15.109683528542519,-122.27751475548094,37.76728112752839,-122.25,37.75
Robert W. Crown SMCA,2012-05-22,15.346263013780117,-122.27751475548094,37.76728112752839,-122.25,37.75
Robert W. Crown SMCA,2012-05-23,15.36384167522192,-122.27751475548094,37.76728112752839,-122.25,37.75
Robert W. Crown SMCA,2012-05-24,15.066469319164753,-122.27751475548094,37.76728112752839,-122.25,37.75
Robert W. Crown SMCA,2012-05-25,14.73393964022398,-122.27751475548094,37.76728112752839,-122.25,37.75
Robert W. Crown SMCA,2012-05-26,14.48051393777132,-122.27751475548094,37.76728112752839,-122.25,37.75
Robert W. Crown SMCA,2012-05-27,14.385296188294888,-122.27751475548094,37.76728112752839,-122.25,37.75
Robert W. Crown SMCA,2012-05-28,14.428510397672653,-122.27751475548094,37.76728112752839,-122.25,37.75
Robert W. Crown SMCA,2012-05-29,14.440961949527264,-122.27751475548094,37.76728112752839,-122.25,37.75
Robert W. Crown SMCA,2012-05-30,14.481978826224804,-122.27751475548094,37.76728112752839,-122.25,37.75
Robert W. Crown SMCA,2012-05-31,14.716360978782177,-122.27751475548094,37.76728112752839,-122.25,37.75
Robert W. Crown SMCA,2012-06-01,15.010071113705635,-122.27751475548094,37.76728112752839,-122.25,37.75
Robert W. Crown SMCA,2012-06-02,15.30231636017561,-122.27751475548094,37.76728112752839,-122.25,37.75
Robert W. Crown SMCA,2012-06-03,15.534501180052757,-122.27751475548094,37.76728112752839,-122.25,37.75
Robert W. Crown SMCA,2012-06-04,15.92855617403984,-122.27751475548094,37.76728112752839,-122.25,37.75
Robert W. Crown SMCA,2012-06-05,15.970305494964123,-122.27751475548094,37.76728112752839,-122.25,37.75
Robert W. Crown SMCA,2012-06-06,15.837000645697117,-122.27751475548094,37.76728112752839,-122.25,37.75
Robert W. Crown SMCA,2012-06-07,15.79305399209261,-122.27751475548094,37.76728112752839,-122.25,37.75
Robert W. Crown SMCA,2012-06-08,15.8875392973423,-122.27751475548094,37.76728112752839,-122.25,37.75
Robert W. Crown SMCA,2012-06-09,15.74398022890091,-122.27751475548094,37.76728112752839,-122.25,37.75
Robert W. Crown SMCA,2012-06-10,15.565996281802654,-122.27751475548094,37.76728112752839,-122.25,37.75
Robert W. Crown SMCA,2012-06-11,15.63411359488964,-122.27751475548094,37.76728112752839,-122.25,37.75
Robert W. Crown SMCA,2012-06-12,15.796716213226318,-122.27751475548094,37.76728112752839,-122.25,37.75
Robert W. Crown SMCA,2012-06-13,15.876552633941174,-122.27751475548094,37.76728112752839,-122.25,37.75
Robert W. Crown SMCA,2012-06-14,15.790856659412384,-122.27751475548094,37.76728112752839,-122.25,37.75
Robert W. Crown SMCA,2012-06-15,15.664143808186054,-122.27751475548094,37.76728112752839,-122.25,37.75
Robert W. Crown SMCA,2012-06-16,15.697836242616177,-122.27751475548094,37.76728112752839,-122.25,37.75
Robert W. Crown SMCA,2012-06-17,15.932950839400291,-122.27751475548094,37.76728112752839,-122.25,37.75
Robert W. Crown SMCA,2012-06-18,16.192968539893627,-122.27751475548094,37.76728112752839,-122.25,37.75
Robert W. Crown SMCA,2012-06-19,16.229590751230717,-122.27751475548094,37.76728112752839,-122.25,37.75
Robert W. Crown SMCA,2012-06-20,16.246436968445778,-122.27751475548094,37.76728112752839,-122.25,37.75
Robert W. Crown SMCA,2012-06-21,16.35410626977682,-122.27751475548094,37.76728112752839,-122.25,37.75
Robert W. Crown SMCA,2012-06-22,16.483016453683376,-122.27751475548094,37.76728112752839,-122.25,37.75
Robert W. Crown SMCA,2012-06-23,16.78331858664751,-122.27751475548094,37.76728112752839,-122.25,37.75
Robert W. Crown SMCA,2012-06-24,17.25794244557619,-122.27751475548094,37.76728112752839,-122.25,37.75
Robert W. Crown SMCA,2012-06-25,17.717917419970036,-122.27751475548094,37.76728112752839,-122.25,37.75
Robert W. Crown SMCA,2012-06-26,17.979400008916855,-122.27751475548094,37.76728112752839,-122.25,37.75
Robert W. Crown SMCA,2012-06-27,17.816064946353436,-122.27751475548094,37.76728112752839,-122.25,37.75
Robert W. Crown SMCA,2012-06-28,17.54799035936594,-122.27751475548094,37.76728112752839,-122.25,37.75
Robert W. Crown SMCA,2012-06-29,17.81826227903366,-122.27751475548094,37.76728112752839,-122.25,37.75
Robert W. Crown SMCA,2012-06-30,18.131748408079147,-122.27751475548094,37.76728112752839,-122.25,37.75
Robert W. Crown SMCA,2012-07-01,18.28482925146818,-122.27751475548094,37.76728112752839,-122.25,37.75
Robert W. Crown SMCA,2012-07-02,18.11270485818386,-122.27751475548094,37.76728112752839,-122.25,37.75
Robert W. Crown SMCA,2012-07-03,17.972075566649437,-122.27751475548094,37.76728112752839,-122.25,37.75
Robert W. Crown SMCA,2012-07-04,17.84682760387659,-122.27751475548094,37.76728112752839,-122.25,37.75
Robert W. Crown SMCA,2012-07-05,17.856349378824234,-122.27751475548094,37.76728112752839,-122.25,37.75
Robert W. Crown SMCA,2012-07-06,17.864406265318394,-122.27751475548094,37.76728112752839,-122.25,37.75
Robert W. Crown SMCA,2012-07-07,17.899563588202,-122.27751475548094,37.76728112752839,-122.25,37.75
Robert W. Crown SMCA,2012-07-08,17.991851560771465,-122.27751475548094,37.76728112752839,-122.25,37.75
Robert W. Crown SMCA,2012-07-09,18.048982210457325,-122.27751475548094,37.76728112752839,-122.25,37.75
Robert W. Crown SMCA,2012-07-10,17.987456895411015,-122.27751475548094,37.76728112752839,-122.25,37.75
Robert W. Crown SMCA,2012-07-11,17.90322580933571,-122.27751475548094,37.76728112752839,-122.25,37.75
Robert W. Crown SMCA,2012-07-12,17.873928040266037,-122.27751475548094,37.76728112752839,-122.25,37.75
Robert W. Crown SMCA,2012-07-13,17.765526294708252,-122.27751475548094,37.76728112752839,-122.25,37.75
Robert W. Crown SMCA,2012-07-14,17.638813443481922,-122.27751475548094,37.76728112752839,-122.25,37.75
Robert W. Crown SMCA,2012-07-15,17.616107672452927,-122.27751475548094,37.76728112752839,-122.25,37.75
Robert W. Crown SMCA,2012-07-16,17.647602774202824,-122.27751475548094,37.76728112752839,-122.25,37.75
Robert W. Crown SMCA,2012-07-17,17.94936979562044,-122.27751475548094,37.76728112752839,-122.25,37.75
Robert W. Crown SMCA,2012-07-18,18.368327893316746,-122.27751475548094,37.76728112752839,-122.25,37.75
Robert W. Crown SMCA,2012-07-19,18.500167854130268,-122.27751475548094,37.76728112752839,-122.25,37.75
Robert W. Crown SMCA,2012-07-20,18.56608783453703,-122.27751475548094,37.76728112752839,-122.25,37.75
Robert W. Crown SMCA,2012-07-21,18.167638175189495,-122.27751475548094,37.76728112752839,-122.25,37.75
Robert W. Crown SMCA,2012-07-22,17.905423142015934,-122.27751475548094,37.76728112752839,-122.25,37.75
Robert W. Crown SMCA,2012-07-23,17.7611316293478,-122.27751475548094,37.76728112752839,-122.25,37.75
Robert W. Crown SMCA,2012-07-24,17.71498764306307,-122.27751475548094,37.76728112752839,-122.25,37.75
Robert W. Crown SMCA,2012-07-25,17.824854277074337,-122.27751475548094,37.76728112752839,-122.25,37.75
Robert W. Crown SMCA,2012-07-26,18.144199959933758,-122.27751475548094,37.76728112752839,-122.25,37.75
Robert W. Crown SMCA,2012-07-27,18.418134100735188,-122.27751475548094,37.76728112752839,-122.25,37.75
Robert W. Crown SMCA,2012-07-28,18.178624838590622,-122.27751475548094,37.76728112752839,-122.25,37.75
Robert W. Crown SMCA,2012-07-29,18.0065004453063,-122.27751475548094,37.76728112752839,-122.25,37.75
Robert W. Crown SMCA,2012-07-30,17.930326245725155,-122.27751475548094,37.76728112752839,-122.25,37.75
Robert W. Crown SMCA,2012-07-31,17.942045353353024,-122.27751475548094,37.76728112752839,-122.25,37.75
Robert W. Crown SMCA,2012-08-01,17.996978670358658,-122.27751475548094,37.76728112752839,-122.25,37.75
Robert W. Crown SMCA,2012-08-02,18.00210577994585,-122.27751475548094,37.76728112752839,-122.25,37.75
Robert W. Crown SMCA,2012-08-03,17.991119116544724,-122.27751475548094,37.76728112752839,-122.25,37.75
Robert W. Crown SMCA,2012-08-04,18.017487108707428,-122.27751475548094,37.76728112752839,-122.25,37.75
Robert W. Crown SMCA,2012-08-05,18.285561695694923,-122.27751475548094,37.76728112752839,-122.25,37.75
Robert W. Crown SMCA,2012-08-06,18.642262034118176,-122.27751475548094,37.76728112752839,-122.25,37.75
Robert W. Crown SMCA,2012-08-07,18.662770472466946,-122.27751475548094,37.76728112752839,-122.25,37.75
Robert W. Crown SMCA,2012-08-08,18.404217660427094,-122.27751475548094,37.76728112752839,-122.25,37.75
Robert W. Crown SMCA,2012-08-09,18.340495012700558,-122.27751475548094,37.76728112752839,-122.25,37.75
Robert W. Crown SMCA,2012-08-10,18.24381237477064,-122.27751475548094,37.76728112752839,-122.25,37.75
Robert W. Crown SMCA,2012-08-11,18.150791957974434,-122.27751475548094,37.76728112752839,-122.25,37.75
Robert W. Crown SMCA,2012-08-12,18.18155461549759,-122.27751475548094,37.76728112752839,-122.25,37.75
Robert W. Crown SMCA,2012-08-13,18.248207040131092,-122.27751475548094,37.76728112752839,-122.25,37.75
Robert W. Crown SMCA,2012-08-14,18.28849147260189,-122.27751475548094,37.76728112752839,-122.25,37.75
Robert W. Crown SMCA,2012-08-15,18.588061161339283,-122.27751475548094,37.76728112752839,-122.25,37.75
Robert W. Crown SMCA,2012-08-16,18.970397047698498,-122.27751475548094,37.76728112752839,-122.25,37.75
Robert W. Crown SMCA,2012-08-17,19.121280558407307,-122.27751475548094,37.76728112752839,-122.25,37.75
Robert W. Crown SMCA,2012-08-18,18.972594380378723,-122.27751475548094,37.76728112752839,-122.25,37.75
Robert W. Crown SMCA,2012-08-19,18.462813198566437,-122.27751475548094,37.76728112752839,-122.25,37.75
Robert W. Crown SMCA,2012-08-20,18.106112860143185,-122.27751475548094,37.76728112752839,-122.25,37.75
Robert W. Crown SMCA,2012-08-21,17.926664024591446,-122.27751475548094,37.76728112752839,-122.25,37.75
Robert W. Crown SMCA,2012-08-22,17.787499621510506,-122.27751475548094,37.76728112752839,-122.25,37.75
Robert W. Crown SMCA,2012-08-23,17.765526294708252,-122.27751475548094,37.76728112752839,-122.25,37.75
Robert W. Crown SMCA,2012-08-24,17.723044529557228,-122.27751475548094,37.76728112752839,-122.25,37.75
Robert W. Crown SMCA,2012-08-25,17.700338758528233,-122.27751475548094,37.76728112752839,-122.25,37.75
Robert W. Crown SMCA,2012-08-26,17.70693075656891,-122.27751475548094,37.76728112752839,-122.25,37.75
Robert W. Crown SMCA,2012-08-27,17.94497513025999,-122.27751475548094,37.76728112752839,-122.25,37.75
Robert W. Crown SMCA,2012-08-28,18.248207040131092,-122.27751475548094,37.76728112752839,-122.25,37.75
Robert W. Crown SMCA,2012-08-29,18.07168798148632,-122.27751475548094,37.76728112752839,-122.25,37.75
Robert W. Crown SMCA,2012-08-30,17.92812891304493,-122.27751475548094,37.76728112752839,-122.25,37.75
Robert W. Crown SMCA,2012-08-31,17.812402725219727,-122.27751475548094,37.76728112752839,-122.25,37.75
Robert W. Crown SMCA,2012-09-01,17.62196722626686,-122.27751475548094,37.76728112752839,-122.25,37.75
Robert W. Crown SMCA,2012-09-02,17.451307721436024,-122.27751475548094,37.76728112752839,-122.25,37.75
Robert W. Crown SMCA,2012-09-03,17.30262154340744,-122.27751475548094,37.76728112752839,-122.25,37.75
Robert W. Crown SMCA,2012-09-04,17.24182867258787,-122.27751475548094,37.76728112752839,-122.25,37.75
Robert W. Crown SMCA,2012-09-05,17.258674889802933,-122.27751475548094,37.76728112752839,-122.25,37.75
Robert W. Crown SMCA,2012-09-06,17.4176152870059,-122.27751475548094,37.76728112752839,-122.25,37.75
Robert W. Crown SMCA,2012-09-07,17.69960631430149,-122.27751475548094,37.76728112752839,-122.25,37.75
Robert W. Crown SMCA,2012-09-08,17.725241862237453,-122.27751475548094,37.76728112752839,-122.25,37.75
Robert W. Crown SMCA,2012-09-09,17.27845088392496,-122.27751475548094,37.76728112752839,-122.25,37.75
Robert W. Crown SMCA,2012-09-10,17.12244026362896,-122.27751475548094,37.76728112752839,-122.25,37.75
Robert W. Crown SMCA,2012-09-11,16.981078527867794,-122.27751475548094,37.76728112752839,-122.25,37.75
Robert W. Crown SMCA,2012-09-12,17.013306073844433,-122.27751475548094,37.76728112752839,-122.25,37.75
Robert W. Crown SMCA,2012-09-13,17.430799283087254,-122.27751475548094,37.76728112752839,-122.25,37.75
Robert W. Crown SMCA,2012-09-14,17.76406140625477,-122.27751475548094,37.76728112752839,-122.25,37.75
Robert W. Crown SMCA,2012-09-15,17.806543171405792,-122.27751475548094,37.76728112752839,-122.25,37.75
Robert W. Crown SMCA,2012-09-16,17.725241862237453,-122.27751475548094,37.76728112752839,-122.25,37.75
Robert W. Crown SMCA,2012-09-17,17.873928040266037,-122.27751475548094,37.76728112752839,-122.25,37.75
Robert W. Crown SMCA,2012-09-18,18.10025330632925,-122.27751475548094,37.76728112752839,-122.25,37.75
Robert W. Crown SMCA,2012-09-19,17.849024936556816,-122.27751475548094,37.76728112752839,-122.25,37.75
Robert W. Crown SMCA,2012-09-20,17.468886382877827,-122.27751475548094,37.76728112752839,-122.25,37.75
Robert W. Crown SMCA,2012-09-21,17.222785122692585,-122.27751475548094,37.76728112752839,-122.25,37.75
Robert W. Crown SMCA,2012-09-22,16.969359420239925,-122.27751475548094,37.76728112752839,-122.25,37.75
Robert W. Crown SMCA,2012-09-23,16.879268780350685,-122.27751475548094,37.76728112752839,-122.25,37.75
Robert W. Crown SMCA,2012-09-24,16.88879055529833,-122.27751475548094,37.76728112752839,-122.25,37.75
Robert W. Crown SMCA,2012-09-25,16.818475909531116,-122.27751475548094,37.76728112752839,-122.25,37.75
Robert W. Crown SMCA,2012-09-26,16.679311506450176,-122.27751475548094,37.76728112752839,-122.25,37.75
Robert W. Crown SMCA,2012-09-27,16.576036870479584,-122.27751475548094,37.76728112752839,-122.25,37.75
Robert W. Crown SMCA,2012-09-28,16.771599479019642,-122.27751475548094,37.76728112752839,-122.25,37.75
Robert W. Crown SMCA,2012-09-29,17.06164739280939,-122.27751475548094,37.76728112752839,-122.25,37.75
Robert W. Crown SMCA,2012-09-30,16.97888119518757,-122.27751475548094,37.76728112752839,-122.25,37.75
Robert W. Crown SMCA,2012-10-01,16.68956572562456,-122.27751475548094,37.76728112752839,-122.25,37.75
Robert W. Crown SMCA,2012-10-02,16.659535512328148,-122.27751475548094,37.76728112752839,-122.25,37.75
Robert W. Crown SMCA,2012-10-03,16.6324350759387,-122.27751475548094,37.76728112752839,-122.25,37.75
Robert W. Crown SMCA,2012-10-04,16.841914124786854,-122.27751475548094,37.76728112752839,-122.25,37.75
Robert W. Crown SMCA,2012-10-05,17.088747829198837,-122.27751475548094,37.76728112752839,-122.25,37.75
Robert W. Crown SMCA,2012-10-06,17.244026005268097,-122.27751475548094,37.76728112752839,-122.25,37.75
Robert W. Crown SMCA,2012-10-07,17.352427750825882,-122.27751475548094,37.76728112752839,-122.25,37.75
Robert W. Crown SMCA,2012-10-08,17.427137061953545,-122.27751475548094,37.76728112752839,-122.25,37.75
Robert W. Crown SMCA,2012-10-09,17.509903259575367,-122.27751475548094,37.76728112752839,-122.25,37.75
Robert W. Crown SMCA,2012-10-10,17.460829496383667,-122.27751475548094,37.76728112752839,-122.25,37.75
Robert W. Crown SMCA,2012-10-11,17.27771843969822,-122.27751475548094,37.76728112752839,-122.25,37.75
Robert W. Crown SMCA,2012-10-12,16.984740749001503,-122.27751475548094,37.76728112752839,-122.25,37.75
Robert W. Crown SMCA,2012-10-13,17.096804715692997,-122.27751475548094,37.76728112752839,-122.25,37.75
Robert W. Crown SMCA,2012-10-14,17.20886868238449,-122.27751475548094,37.76728112752839,-122.25,37.75
Robert W. Crown SMCA,2012-10-15,17.222785122692585,-122.27751475548094,37.76728112752839,-122.25,37.75
Robert W. Crown SMCA,2012-10-16,17.079958498477936,-122.27751475548094,37.76728112752839,-122.25,37.75
Robert W. Crown SMCA,2012-10-17,16.784051030874252,-122.27751475548094,37.76728112752839,-122.25,37.75
Robert W. Crown SMCA,2012-10-18,16.595812864601612,-122.27751475548094,37.76728112752839,-122.25,37.75
Robert W. Crown SMCA,2012-10-19,16.69689016789198,-122.27751475548094,37.76728112752839,-122.25,37.75
Robert W. Crown SMCA,2012-10-20,16.699087500572205,-122.27751475548094,37.76728112752839,-122.25,37.75
Robert W. Crown SMCA,2012-10-21,16.151951663196087,-122.27751475548094,37.76728112752839,-122.25,37.75
Robert W. Crown SMCA,2012-10-22,15.868495747447014,-122.27751475548094,37.76728112752839,-122.25,37.75
Robert W. Crown SMCA,2012-10-23,15.537430956959724,-122.27751475548094,37.76728112752839,-122.25,37.75
Robert W. Crown SMCA,2012-10-24,15.307443469762802,-122.27751475548094,37.76728112752839,-122.25,37.75
Robert W. Crown SMCA,2012-10-25,15.42536699026823,-122.27751475548094,37.76728112752839,-122.25,37.75
Robert W. Crown SMCA,2012-10-26,15.558671839535236,-122.27751475548094,37.76728112752839,-122.25,37.75
Robert W. Crown SMCA,2012-10-27,15.36384167522192,-122.27751475548094,37.76728112752839,-122.25,37.75
Robert W. Crown SMCA,2012-10-28,15.38435011357069,-122.27751475548094,37.76728112752839,-122.25,37.75
Robert W. Crown SMCA,2012-10-29,15.495681636035442,-122.27751475548094,37.76728112752839,-122.25,37.75
Robert W. Crown SMCA,2012-10-30,15.659016698598862,-122.27751475548094,37.76728112752839,-122.25,37.75
Robert W. Crown SMCA,2012-10-31,15.790856659412384,-122.27751475548094,37.76728112752839,-122.25,37.75
Robert W. Crown SMCA,2012-11-01,15.782799772918224,-122.27751475548094,37.76728112752839,-122.25,37.75
Robert W. Crown SMCA,2012-11-02,15.943205058574677,-122.27751475548094,37.76728112752839,-122.25,37.75
Robert W. Crown SMCA,2012-11-03,16.106540121138096,-122.27751475548094,37.76728112752839,-122.25,37.75
Robert W. Crown SMCA,2012-11-04,16.209082312881947,-122.27751475548094,37.76728112752839,-122.25,37.75
Robert W. Crown SMCA,2012-11-05,16.283059179782867,-122.27751475548094,37.76728112752839,-122.25,37.75
Robert W. Crown SMCA,2012-11-06,16.445661798119545,-122.27751475548094,37.76728112752839,-122.25,37.75
Robert W. Crown SMCA,2012-11-07,16.597277753055096,-122.27751475548094,37.76728112752839,-122.25,37.75
Robert W. Crown SMCA,2012-11-08,16.074312575161457,-122.27751475548094,37.76728112752839,-122.25,37.75
Robert W. Crown SMCA,2012-11-09,15.407055884599686,-122.27751475548094,37.76728112752839,-122.25,37.75
Robert W. Crown SMCA,2012-11-10,14.753715634346008,-122.27751475548094,37.76728112752839,-122.25,37.75
Robert W. Crown SMCA,2012-11-11,14.320108652114868,-122.27751475548094,37.76728112752839,-122.25,37.75
Robert W. Crown SMCA,2012-11-12,14.369182415306568,-122.27751475548094,37.76728112752839,-122.25,37.75
Robert W. Crown SMCA,2012-11-13,14.583056129515171,-122.27751475548094,37.76728112752839,-122.25,37.75
Robert W. Crown SMCA,2012-11-14,14.618945896625519,-122.27751475548094,37.76728112752839,-122.25,37.75
Robert W. Crown SMCA,2012-11-15,14.602099679410458,-122.27751475548094,37.76728112752839,-122.25,37.75
Robert W. Crown SMCA,2012-11-16,14.444624170660973,-122.27751475548094,37.76728112752839,-122.25,37.75
Robert W. Crown SMCA,2012-11-17,14.110629603266716,-122.27751475548094,37.76728112752839,-122.25,37.75
Robert W. Crown SMCA,2012-11-18,14.107699826359749,-122.27751475548094,37.76728112752839,-122.25,37.75
Robert W. Crown SMCA,2012-11-19,13.965605646371841,-122.27751475548094,37.76728112752839,-122.25,37.75
Robert W. Crown SMCA,2012-11-20,13.862331010401249,-122.27751475548094,37.76728112752839,-122.25,37.75
Robert W. Crown SMCA,2012-11-21,13.877712339162827,-122.27751475548094,37.76728112752839,-122.25,37.75
Robert W. Crown SMCA,2012-11-22,13.824976354837418,-122.27751475548094,37.76728112752839,-122.25,37.75
Robert W. Crown SMCA,2012-11-23,13.78908658772707,-122.27751475548094,37.76728112752839,-122.25,37.75
Robert W. Crown SMCA,2012-11-24,13.90774255245924,-122.27751475548094,37.76728112752839,-122.25,37.75
Robert W. Crown SMCA,2012-11-25,13.868923008441925,-122.27751475548094,37.76728112752839,-122.25,37.75
Robert W. Crown SMCA,2012-11-26,13.791283920407295,-122.27751475548094,37.76728112752839,-122.25,37.75
Robert W. Crown SMCA,2012-11-27,13.901150554418564,-122.27751475548094,37.76728112752839,-122.25,37.75
Robert W. Crown SMCA,2012-11-28,13.738547936081886,-122.27751475548094,37.76728112752839,-122.25,37.75
Robert W. Crown SMCA,2012-11-29,13.680684842169285,-122.27751475548094,37.76728112752839,-122.25,37.75
Robert W. Crown SMCA,2012-11-30,13.761253707110882,-122.27751475548094,37.76728112752839,-122.25,37.75
Robert W. Crown SMCA,2012-12-01,13.868190564215183,-122.27751475548094,37.76728112752839,-122.25,37.75
Robert W. Crown SMCA,2012-12-02,13.954618982970715,-122.27751475548094,37.76728112752839,-122.25,37.75
Robert W. Crown SMCA,2012-12-03,14.076937168836594,-122.27751475548094,37.76728112752839,-122.25,37.75
Robert W. Crown SMCA,2012-12-04,14.110629603266716,-122.27751475548094,37.76728112752839,-122.25,37.75
Robert W. Crown SMCA,2012-12-05,14.049104288220406,-122.27751475548094,37.76728112752839,-122.25,37.75
Robert W. Crown SMCA,2012-12-06,14.016876742243767,-122.27751475548094,37.76728112752839,-122.25,37.75
Robert W. Crown SMCA,2012-12-07,13.72389905154705,-122.27751475548094,37.76728112752839,-122.25,37.75
Robert W. Crown SMCA,2012-12-08,13.467543572187424,-122.27751475548094,37.76728112752839,-122.25,37.75
Robert W. Crown SMCA,2012-12-09,13.178960546851158,-122.27751475548094,37.76728112752839,-122.25,37.75
Robert W. Crown SMCA,2012-12-10,13.01635792851448,-122.27751475548094,37.76728112752839,-122.25,37.75
Robert W. Crown SMCA,2012-12-11,13.017090372741222,-122.27751475548094,37.76728112752839,-122.25,37.75
Robert W. Crown SMCA,2012-12-12,12.836176648736,-122.27751475548094,37.76728112752839,-122.25,37.75
Robert W. Crown SMCA,2012-12-13,12.64427626132965,-122.27751475548094,37.76728112752839,-122.25,37.75
Robert W. Crown SMCA,2012-12-14,12.517563410103321,-122.27751475548094,37.76728112752839,-122.25,37.75
Robert W. Crown SMCA,2012-12-15,12.497787415981293,-122.27751475548094,37.76728112752839,-122.25,37.75
Robert W. Crown SMCA,2012-12-16,12.450910985469818,-122.27751475548094,37.76728112752839,-122.25,37.75
Robert W. Crown SMCA,2012-12-17,12.517563410103321,-122.27751475548094,37.76728112752839,-122.25,37.75
Robert W. Crown SMCA,2012-12-18,12.486800752580166,-122.27751475548094,37.76728112752839,-122.25,37.75
Robert W. Crown SMCA,2012-12-19,12.155735962092876,-122.27751475548094,37.76728112752839,-122.25,37.75
Robert W. Crown SMCA,2012-12-20,11.978484459221363,-122.27751475548094,37.76728112752839,-122.25,37.75
Robert W. Crown SMCA,2012-12-21,11.779259629547596,-122.27751475548094,37.76728112752839,-122.25,37.75
Robert W. Crown SMCA,2012-12-22,11.654744111001492,-122.27751475548094,37.76728112752839,-122.25,37.75
Robert W. Crown SMCA,2012-12-23,11.577105022966862,-122.27751475548094,37.76728112752839,-122.25,37.75
Robert W. Crown SMCA,2012-12-24,11.524369038641453,-122.27751475548094,37.76728112752839,-122.25,37.75
Robert W. Crown SMCA,2012-12-25,11.54341258853674,-122.27751475548094,37.76728112752839,-122.25,37.75
Robert W. Crown SMCA,2012-12-26,11.329538874328136,-122.27751475548094,37.76728112752839,-122.25,37.75
Robert W. Crown SMCA,2012-12-27,11.113467827439308,-122.27751475548094,37.76728112752839,-122.25,37.75
Robert W. Crown SMCA,2012-12-28,11.095156721770763,-122.27751475548094,37.76728112752839,-122.25,37.75
Robert W. Crown SMCA,2012-12-29,11.161809146404266,-122.27751475548094,37.76728112752839,-122.25,37.75
Robert W. Crown SMCA,2012-12-30,11.189642027020454,-122.27751475548094,37.76728112752839,-122.25,37.75
Robert W. Crown SMCA,2012-12-31,10.795587033033371,-122.27751475548094,37.76728112752839,-122.25,37.75
Robert W. Crown SMCA,2013-01-01,10.773613706231117,-122.27751475548094,37.76728112752839,-122.25,37.75
Robert W. Crown SMCA,2013-01-02,10.997009195387363,-122.27751475548094,37.76728112752839,-122.25,37.75
Robert W. Crown SMCA,2013-01-03,11.226996682584286,-122.27751475548094,37.76728112752839,-122.25,37.75
Robert W. Crown SMCA,2013-01-04,11.315622434020042,-122.27751475548094,37.76728112752839,-122.25,37.75
Robert W. Crown SMCA,2013-01-05,11.401318408548832,-122.27751475548094,37.76728112752839,-122.25,37.75
Robert W. Crown SMCA,2013-01-06,11.092959389090538,-122.27751475548094,37.76728112752839,-122.25,37.75
Robert W. Crown SMCA,2013-01-07,10.753105267882347,-122.27751475548094,37.76728112752839,-122.25,37.75
Robert W. Crown SMCA,2013-01-08,10.792657256126404,-122.27751475548094,37.76728112752839,-122.25,37.75
Robert W. Crown SMCA,2013-01-09,10.982360310852528,-122.27751475548094,37.76728112752839,-122.25,37.75
Robert W. Crown SMCA,2013-01-10,10.761162154376507,-122.27751475548094,37.76728112752839,-122.25,37.75
Robert W. Crown SMCA,2013-01-11,10.339274279773235,-122.27751475548094,37.76728112752839,-122.25,37.75
Robert W. Crown SMCA,2013-01-12,10.088778354227543,-122.27751475548094,37.76728112752839,-122.25,37.75
Robert W. Crown SMCA,2013-01-13,9.935697510838509,-122.27751475548094,37.76728112752839,-122.25,37.75
Robert W. Crown SMCA,2013-01-14,9.728415794670582,-122.27751475548094,37.76728112752839,-122.25,37.75
Robert W. Crown SMCA,2013-01-15,9.770897559821606,-122.27751475548094,37.76728112752839,-122.25,37.75
Robert W. Crown SMCA,2013-01-16,10.121005900204182,-122.27751475548094,37.76728112752839,-122.25,37.75
Robert W. Crown SMCA,2013-01-17,10.496017344295979,-122.27751475548094,37.76728112752839,-122.25,37.75
Robert W. Crown SMCA,2013-01-18,10.835139021277428,-122.27751475548094,37.76728112752839,-122.25,37.75
Robert W. Crown SMCA,2013-01-19,11.128116711974144,-122.27751475548094,37.76728112752839,-122.25,37.75
Robert W. Crown SMCA,2013-01-20,11.316354878246784,-122.27751475548094,37.76728112752839,-122.25,37.75
Robert W. Crown SMCA,2013-01-21,11.50679037719965,-122.27751475548094,37.76728112752839,-122.25,37.75
Robert W. Crown SMCA,2013-01-22,11.651081889867783,-122.27751475548094,37.76728112752839,-122.25,37.75
Robert W. Crown SMCA,2013-01-23,11.397656187415123,-122.27751475548094,37.76728112752839,-122.25,37.75
Robert W. Crown SMCA,2013-01-24,11.248237565159798,-122.27751475548094,37.76728112752839,-122.25,37.75
Robert W. Crown SMCA,2013-01-25,11.459913946688175,-122.27751475548094,37.76728112752839,-122.25,37.75
Robert W. Crown SMCA,2013-01-26,11.595416128635406,-122.27751475548094,37.76728112752839,-122.25,37.75
Robert W. Crown SMCA,2013-01-27,11.56831569224596,-122.27751475548094,37.76728112752839,-122.25,37.75
Robert W. Crown SMCA,2013-01-28,11.223334461450577,-122.27751475548094,37.76728112752839,-122.25,37.75
Robert W. Crown SMCA,2013-01-29,10.991882085800171,-122.27751475548094,37.76728112752839,-122.25,37.75
Robert W. Crown SMCA,2013-01-30,10.876155897974968,-122.27751475548094,37.76728112752839,-122.25,37.75
Robert W. Crown SMCA,2013-01-31,11.033631406724453,-122.27751475548094,37.76728112752839,-122.25,37.75
Robert W. Crown SMCA,2013-02-01,11.29804377257824,-122.27751475548094,37.76728112752839,-122.25,37.75
Robert W. Crown SMCA,2013-02-02,11.700888097286224,-122.27751475548094,37.76728112752839,-122.25,37.75
Robert W. Crown SMCA,2013-02-03,11.840052500367165,-122.27751475548094,37.76728112752839,-122.25,37.75
Robert W. Crown SMCA,2013-02-04,11.821008950471878,-122.27751475548094,37.76728112752839,-122.25,37.75
Robert W. Crown SMCA,2013-02-05,11.807824954390526,-122.27751475548094,37.76728112752839,-122.25,37.75
Robert W. Crown SMCA,2013-02-06,11.623249009251595,-122.27751475548094,37.76728112752839,-122.25,37.75
Robert W. Crown SMCA,2013-02-07,11.659871220588684,-122.27751475548094,37.76728112752839,-122.25,37.75
Robert W. Crown SMCA,2013-02-08,11.53169348090887,-122.27751475548094,37.76728112752839,-122.25,37.75
Robert W. Crown SMCA,2013-02-09,11.267281115055084,-122.27751475548094,37.76728112752839,-122.25,37.75
Robert W. Crown SMCA,2013-02-10,11.136173598468304,-122.27751475548094,37.76728112752839,-122.25,37.75
Robert W. Crown SMCA,2013-02-11,11.195501580834389,-122.27751475548094,37.76728112752839,-122.25,37.75
Robert W. Crown SMCA,2013-02-12,11.292184218764305,-122.27751475548094,37.76728112752839,-122.25,37.75
Robert W. Crown SMCA,2013-02-13,11.418897069990635,-122.27751475548094,37.76728112752839,-122.25,37.75
Robert W. Crown SMCA,2013-02-14,11.347849979996681,-122.27751475548094,37.76728112752839,-122.25,37.75
Robert W. Crown SMCA,2013-02-15,11.562456138432026,-122.27751475548094,37.76728112752839,-122.25,37.75
Robert W. Crown SMCA,2013-02-16,11.909634701907635,-122.27751475548094,37.76728112752839,-122.25,37.75
Robert W. Crown SMCA,2013-02-17,11.749961860477924,-122.27751475548094,37.76728112752839,-122.25,37.75
Robert W. Crown SMCA,2013-02-18,11.393261522054672,-122.27751475548094,37.76728112752839,-122.25,37.75
Robert W. Crown SMCA,2013-02-19,11.158146925270557,-122.27751475548094,37.76728112752839,-122.25,37.75
Robert W. Crown SMCA,2013-02-20,10.753105267882347,-122.27751475548094,37.76728112752839,-122.25,37.75
Robert W. Crown SMCA,2013-02-21,10.470381796360016,-122.27751475548094,37.76728112752839,-122.25,37.75
Robert W. Crown SMCA,2013-02-22,10.34952849894762,-122.27751475548094,37.76728112752839,-122.25,37.75
Robert W. Crown SMCA,2013-02-23,10.385418266057968,-122.27751475548094,37.76728112752839,-122.25,37.75
Robert W. Crown SMCA,2013-02-24,10.17374188452959,-122.27751475548094,37.76728112752839,-122.25,37.75
Robert W. Crown SMCA,2013-02-25,10.16934721916914,-122.27751475548094,37.76728112752839,-122.25,37.75
Robert W. Crown SMCA,2013-02-26,10.162022776901722,-122.27751475548094,37.76728112752839,-122.25,37.75
Robert W. Crown SMCA,2013-02-27,10.199377432465553,-122.27751475548094,37.76728112752839,-122.25,37.75
Robert W. Crown SMCA,2013-02-28,10.413983590900898,-122.27751475548094,37.76728112752839,-122.25,37.75
Robert W. Crown SMCA,2013-03-01,10.693777285516262,-122.27751475548094,37.76728112752839,-122.25,37.75
Robert W. Crown SMCA,2013-03-02,10.931089214980602,-122.27751475548094,37.76728112752839,-122.25,37.75
Robert W. Crown SMCA,2013-03-03,11.076845616102219,-122.27751475548094,37.76728112752839,-122.25,37.75
Robert W. Crown SMCA,2013-03-04,10.97943053394556,-122.27751475548094,37.76728112752839,-122.25,37.75
Robert W. Crown SMCA,2013-03-05,11.099551387131214,-122.27751475548094,37.76728112752839,-122.25,37.75
Robert W. Crown SMCA,2013-03-06,11.096621610224247,-122.27751475548094,37.76728112752839,-122.25,37.75
Robert W. Crown SMCA,2013-03-07,11.217474907636642,-122.27751475548094,37.76728112752839,-122.25,37.75
Robert W. Crown SMCA,2013-03-08,11.369823306798935,-122.27751475548094,37.76728112752839,-122.25,37.75
Robert W. Crown SMCA,2013-03-09,11.008728303015232,-122.27751475548094,37.76728112752839,-122.25,37.75
Robert W. Crown SMCA,2013-03-10,11.005798526108265,-122.27751475548094,37.76728112752839,-122.25,37.75
Robert W. Crown SMCA,2013-03-11,11.138370931148529,-122.27751475548094,37.76728112752839,-122.25,37.75
Robert W. Crown SMCA,2013-03-12,11.299508661031723,-122.27751475548094,37.76728112752839,-122.25,37.75
Robert W. Crown SMCA,2013-03-13,11.495803713798523,-122.27751475548094,37.76728112752839,-122.25,37.75
Robert W. Crown SMCA,2013-03-14,11.790246292948723,-122.27751475548094,37.76728112752839,-122.25,37.75
Robert W. Crown SMCA,2013-03-15,11.96530046314001,-122.27751475548094,37.76728112752839,-122.25,37.75
Robert W. Crown SMCA,2013-03-16,11.904507592320442,-122.27751475548094,37.76728112752839,-122.25,37.75
Robert W. Crown SMCA,2013-03-17,11.88326670974493,-122.27751475548094,37.76728112752839,-122.25,37.75
Robert W. Crown SMCA,2013-03-18,11.779992073774338,-122.27751475548094,37.76728112752839,-122.25,37.75
Robert W. Crown SMCA,2013-03-19,11.875942267477512,-122.27751475548094,37.76728112752839,-122.25,37.75
Robert W. Crown SMCA,2013-03-20,12.069307543337345,-122.27751475548094,37.76728112752839,-122.25,37.75
Robert W. Crown SMCA,2013-03-21,11.98947112262249,-122.27751475548094,37.76728112752839,-122.25,37.75
Robert W. Crown SMCA,2013-03-22,11.703817874193192,-122.27751475548094,37.76728112752839,-122.25,37.75
Robert W. Crown SMCA,2013-03-23,11.524369038641453,-122.27751475548094,37.76728112752839,-122.25,37.75
Robert W. Crown SMCA,2013-03-24,11.534623257815838,-122.27751475548094,37.76728112752839,-122.25,37.75
Robert W. Crown SMCA,2013-03-25,11.637165449559689,-122.27751475548094,37.76728112752839,-122.25,37.75
Robert W. Crown SMCA,2013-03-26,11.881069377064705,-122.27751475548094,37.76728112752839,-122.25,37.75
Robert W. Crown SMCA,2013-03-27,12.226050607860088,-122.27751475548094,37.76728112752839,-122.25,37.75
Robert W. Crown SMCA,2013-03-28,12.477278977632523,-122.27751475548094,37.76728112752839,-122.25,37.75
Robert W. Crown SMCA,2013-03-29,12.682363361120224,-122.27751475548094,37.76728112752839,-122.25,37.75
Robert W. Crown SMCA,2013-03-30,12.89330729842186,-122.27751475548094,37.76728112752839,-122.25,37.75
Robert W. Crown SMCA,2013-03-31,13.045655697584152,-122.27751475548094,37.76728112752839,-122.25,37.75
Robert W. Crown SMCA,2013-04-01,13.318124949932098,-122.27751475548094,37.76728112752839,-122.25,37.75
Robert W. Crown SMCA,2013-04-02,13.577410206198692,-122.27751475548094,37.76728112752839,-122.25,37.75
Robert W. Crown SMCA,2013-04-03,13.840357683598995,-122.27751475548094,37.76728112752839,-122.25,37.75
Robert W. Crown SMCA,2013-04-04,14.09158605337143,-122.27751475548094,37.76728112752839,-122.25,37.75
Robert W. Crown SMCA,2013-04-05,14.221228681504726,-122.27751475548094,37.76728112752839,-122.25,37.75
Robert W. Crown SMCA,2013-04-06,14.355998419225216,-122.27751475548094,37.76728112752839,-122.25,37.75
Robert W. Crown SMCA,2013-04-07,14.294473104178905,-122.27751475548094,37.76728112752839,-122.25,37.75
Robert W. Crown SMCA,2013-04-08,13.92385632544756,-122.27751475548094,37.76728112752839,-122.25,37.75
Robert W. Crown SMCA,2013-04-09,13.403088480234146,-122.27751475548094,37.76728112752839,-122.25,37.75
Robert W. Crown SMCA,2013-04-10,13.232428975403309,-122.27751475548094,37.76728112752839,-122.25,37.75
Robert W. Crown SMCA,2013-04-11,13.229499198496342,-122.27751475548094,37.76728112752839,-122.25,37.75
Robert W. Crown SMCA,2013-04-12,12.996581934392452,-122.27751475548094,37.76728112752839,-122.25,37.75
Robert W. Crown SMCA,2013-04-13,12.888180188834667,-122.27751475548094,37.76728112752839,-122.25,37.75
Robert W. Crown SMCA,2013-04-14,12.60325938463211,-122.27751475548094,37.76728112752839,-122.25,37.75
Robert W. Crown SMCA,2013-04-15,12.385723449289799,-122.27751475548094,37.76728112752839,-122.25,37.75
Robert W. Crown SMCA,2013-04-16,12.03415022045374,-122.27751475548094,37.76728112752839,-122.25,37.75
Robert W. Crown SMCA,2013-04-17,11.816614285111427,-122.27751475548094,37.76728112752839,-122.25,37.75
Robert W. Crown SMCA,2013-04-18,11.853968940675259,-122.27751475548094,37.76728112752839,-122.25,37.75
Robert W. Crown SMCA,2013-04-19,12.086153760552406,-122.27751475548094,37.76728112752839,-122.25,37.75
Robert W. Crown SMCA,2013-04-20,12.350566126406193,-122.27751475548094,37.76728112752839,-122.25,37.75
Robert W. Crown SMCA,2013-04-21,12.543931402266026,-122.27751475548094,37.76728112752839,-122.25,37.75
Robert W. Crown SMCA,2013-04-22,12.842768646776676,-122.27751475548094,37.76728112752839,-122.25,37.75
Robert W. Crown SMCA,2013-04-23,13.300546288490295,-122.27751475548094,37.76728112752839,-122.25,37.75
Robert W. Crown SMCA,2013-04-24,13.931180767714977,-122.27751475548094,37.76728112752839,-122.25,37.75
Robert W. Crown SMCA,2013-04-25,14.48857082426548,-122.27751475548094,37.76728112752839,-122.25,37.75
Robert W. Crown SMCA,2013-04-26,14.699514761567116,-122.27751475548094,37.76728112752839,-122.25,37.75
Robert W. Crown SMCA,2013-04-27,14.834284499287605,-122.27751475548094,37.76728112752839,-122.25,37.75
Robert W. Crown SMCA,2013-04-28,14.57426679879427,-122.27751475548094,37.76728112752839,-122.25,37.75
Robert W. Crown SMCA,2013-04-29,14.459273055195808,-122.27751475548094,37.76728112752839,-122.25,37.75
Robert W. Crown SMCA,2013-04-30,14.36185797303915,-122.27751475548094,37.76728112752839,-122.25,37.75
Robert W. Crown SMCA,2013-05-01,14.160435810685158,-122.27751475548094,37.76728112752839,-122.25,37.75
Robert W. Crown SMCA,2013-05-02,14.434369951486588,-122.27751475548094,37.76728112752839,-122.25,37.75
Robert W. Crown SMCA,2013-05-03,14.870174266397953,-122.27751475548094,37.76728112752839,-122.25,37.75
Robert W. Crown SMCA,2013-05-04,15.030579552054405,-122.27751475548094,37.76728112752839,-122.25,37.75
Robert W. Crown SMCA,2013-05-05,15.37995544821024,-122.27751475548094,37.76728112752839,-122.25,37.75
Robert W. Crown SMCA,2013-05-06,15.467116311192513,-122.27751475548094,37.76728112752839,-122.25,37.75
Robert W. Crown SMCA,2013-05-07,15.6912442445755,-122.27751475548094,37.76728112752839,-122.25,37.75
Robert W. Crown SMCA,2013-05-08,15.939542837440968,-122.27751475548094,37.76728112752839,-122.25,37.75
Robert W. Crown SMCA,2013-05-09,16.164403215050697,-122.27751475548094,37.76728112752839,-122.25,37.75
Robert W. Crown SMCA,2013-05-10,16.316019169986248,-122.27751475548094,37.76728112752839,-122.25,37.75
Robert W. Crown SMCA,2013-05-11,15.89559618383646,-122.27751475548094,37.76728112752839,-122.25,37.75
Robert W. Crown SMCA,2013-05-12,15.998870819807053,-122.27751475548094,37.76728112752839,-122.25,37.75
Robert W. Crown SMCA,2013-05-13,16.11166723072529,-122.27751475548094,37.76728112752839,-122.25,37.75
Robert W. Crown SMCA,2013-05-14,16.08310190588236,-122.27751475548094,37.76728112752839,-122.25,37.75
Robert W. Crown SMCA,2013-05-15,15.881679743528366,-122.27751475548094,37.76728112752839,-122.25,37.75
Robert W. Crown SMCA,2013-05-16,15.855311751365662,-122.27751475548094,37.76728112752839,-122.25,37.75
Robert W. Crown SMCA,2013-05-17,15.94906461238861,-122.27751475548094,37.76728112752839,-122.25,37.75
Robert W. Crown SMCA,2013-05-18,16.03915525227785,-122.27751475548094,37.76728112752839,-122.25,37.75
Robert W. Crown SMCA,2013-05-19,15.959318831562996,-122.27751475548094,37.76728112752839,-122.25,37.75
Robert W. Crown SMCA,2013-05-20,15.818689540028572,-122.27751475548094,37.76728112752839,-122.25,37.75
Robert W. Crown SMCA,2013-05-21,15.790856659412384,-122.27751475548094,37.76728112752839,-122.25,37.75
Robert W. Crown SMCA,2013-05-22,15.446607872843742,-122.27751475548094,37.76728112752839,-122.25,37.75
Robert W. Crown SMCA,2013-05-23,14.960997350513935,-122.27751475548094,37.76728112752839,-122.25,37.75
Robert W. Crown SMCA,2013-05-24,14.714163646101952,-122.27751475548094,37.76728112752839,-122.25,37.75
Robert W. Crown SMCA,2013-05-25,14.616016119718552,-122.27751475548094,37.76728112752839,-122.25,37.75
Robert W. Crown SMCA,2013-05-26,14.673146769404411,-122.27751475548094,37.76728112752839,-122.25,37.75
Robert W. Crown SMCA,2013-05-27,14.872371599078178,-122.27751475548094,37.76728112752839,-122.25,37.75
Robert W. Crown SMCA,2013-05-28,15.043031103909016,-122.27751475548094,37.76728112752839,-122.25,37.75
Robert W. Crown SMCA,2013-05-29,15.152897737920284,-122.27751475548094,37.76728112752839,-122.25,37.75
Robert W. Crown SMCA,2013-05-30,15.111148416996002,-122.27751475548094,37.76728112752839,-122.25,37.75
Robert W. Crown SMCA,2013-05-31,14.97491379082203,-122.27751475548094,37.76728112752839,-122.25,37.75
Robert W. Crown SMCA,2013-06-01,14.918515585362911,-122.27751475548094,37.76728112752839,-122.25,37.75
Robert W. Crown SMCA,2013-06-02,14.956602685153484,-122.27751475548094,37.76728112752839,-122.25,37.75
Robert W. Crown SMCA,2013-06-03,15.0532853230834,-122.27751475548094,37.76728112752839,-122.25,37.75
Robert W. Crown SMCA,2013-06-04,15.538895845413208,-122.27751475548094,37.76728112752839,-122.25,37.75
Robert W. Crown SMCA,2013-06-05,16.203222759068012,-122.27751475548094,37.76728112752839,-122.25,37.75
Robert W. Crown SMCA,2013-06-06,16.424420915544033,-122.27751475548094,37.76728112752839,-122.25,37.75
Robert W. Crown SMCA,2013-06-07,16.48081912100315,-122.27751475548094,37.76728112752839,-122.25,37.75
Robert W. Crown SMCA,2013-06-08,16.298440508544445,-122.27751475548094,37.76728112752839,-122.25,37.75
Robert W. Crown SMCA,2013-06-09,16.69762261211872,-122.27751475548094,37.76728112752839,-122.25,37.75
Robert W. Crown SMCA,2013-06-10,17.19202246516943,-122.27751475548094,37.76728112752839,-122.25,37.75
Robert W. Crown SMCA,2013-06-11,17.377330854535103,-122.27751475548094,37.76728112752839,-122.25,37.75
Robert W. Crown SMCA,2013-06-12,17.132694482803345,-122.27751475548094,37.76728112752839,-122.25,37.75
Robert W. Crown SMCA,2013-06-13,16.765007480978966,-122.27751475548094,37.76728112752839,-122.25,37.75
Robert W. Crown SMCA,2013-06-14,16.567247539758682,-122.27751475548094,37.76728112752839,-122.25,37.75
Robert W. Crown SMCA,2013-06-15,16.518906220793724,-122.27751475548094,37.76728112752839,-122.25,37.75
Robert W. Crown SMCA,2013-06-16,16.56212043017149,-122.27751475548094,37.76728112752839,-122.25,37.75
Robert W. Crown SMCA,2013-06-17,16.663197733461857,-122.27751475548094,37.76728112752839,-122.25,37.75
Robert W. Crown SMCA,2013-06-18,16.827265240252018,-122.27751475548094,37.76728112752839,-122.25,37.75
Robert W. Crown SMCA,2013-06-19,16.892452776432037,-122.27751475548094,37.76728112752839,-122.25,37.75
Robert W. Crown SMCA,2013-06-20,16.887325666844845,-122.27751475548094,37.76728112752839,-122.25,37.75
Robert W. Crown SMCA,2013-06-21,16.829462572932243,-122.27751475548094,37.76728112752839,-122.25,37.75
Robert W. Crown SMCA,2013-06-22,16.810419023036957,-122.27751475548094,37.76728112752839,-122.25,37.75
Robert W. Crown SMCA,2013-06-23,16.895382553339005,-122.27751475548094,37.76728112752839,-122.25,37.75
Robert W. Crown SMCA,2013-06-24,17.12683492898941,-122.27751475548094,37.76728112752839,-122.25,37.75
Robert W. Crown SMCA,2013-06-25,17.402966402471066,-122.27751475548094,37.76728112752839,-122.25,37.75
Robert W. Crown SMCA,2013-06-26,17.627094335854053,-122.27751475548094,37.76728112752839,-122.25,37.75
Robert W. Crown SMCA,2013-06-27,17.933256022632122,-122.27751475548094,37.76728112752839,-122.25,37.75
Robert W. Crown SMCA,2013-06-28,18.209387496113777,-122.27751475548094,37.76728112752839,-122.25,37.75
Robert W. Crown SMCA,2013-06-29,18.361003451049328,-122.27751475548094,37.76728112752839,-122.25,37.75
Robert W. Crown SMCA,2013-06-30,18.445966981351376,-122.27751475548094,37.76728112752839,-122.25,37.75
Robert W. Crown SMCA,2013-07-01,18.59465315937996,-122.27751475548094,37.76728112752839,-122.25,37.75
Robert W. Crown SMCA,2013-07-02,18.829767756164074,-122.27751475548094,37.76728112752839,-122.25,37.75
Robert W. Crown SMCA,2013-07-03,19.067812129855156,-122.27751475548094,37.76728112752839,-122.25,37.75
Robert W. Crown SMCA,2013-07-04,19.206976532936096,-122.27751475548094,37.76728112752839,-122.25,37.75
Robert W. Crown SMCA,2013-07-05,19.11395611613989,-122.27751475548094,37.76728112752839,-122.25,37.75
Robert W. Crown SMCA,2013-07-06,18.948423720896244,-122.27751475548094,37.76728112752839,-122.25,37.75
Robert W. Crown SMCA,2013-07-07,18.928647726774216,-122.27751475548094,37.76728112752839,-122.25,37.75
Robert W. Crown SMCA,2013-07-08,19.00848414748907,-122.27751475548094,37.76728112752839,-122.25,37.75
Robert W. Crown SMCA,2013-07-09,19.14325388520956,-122.27751475548094,37.76728112752839,-122.25,37.75
Robert W. Crown SMCA,2013-07-10,19.165227212011814,-122.27751475548094,37.76728112752839,-122.25,37.75
Robert W. Crown SMCA,2013-07-11,19.075136572122574,-122.27751475548094,37.76728112752839,-122.25,37.75
Robert W. Crown SMCA,2013-07-12,19.002624593675137,-122.27751475548094,37.76728112752839,-122.25,37.75
Robert W. Crown SMCA,2013-07-13,18.937437057495117,-122.27751475548094,37.76728112752839,-122.25,37.75
Robert W. Crown SMCA,2013-07-14,18.882503740489483,-122.27751475548094,37.76728112752839,-122.25,37.75
Robert W. Crown SMCA,2013-07-15,18.84514908492565,-122.27751475548094,37.76728112752839,-122.25,37.75
Robert W. Crown SMCA,2013-07-16,18.83635975420475,-122.27751475548094,37.76728112752839,-122.25,37.75
Robert W. Crown SMCA,2013-07-17,18.892025515437126,-122.27751475548094,37.76728112752839,-122.25,37.75
Robert W. Crown SMCA,2013-07-18,18.834162421524525,-122.27751475548094,37.76728112752839,-122.25,37.75
Robert W. Crown SMCA,2013-07-19,18.692068241536617,-122.27751475548094,37.76728112752839,-122.25,37.75
Robert W. Crown SMCA,2013-07-20,18.55436872690916,-122.27751475548094,37.76728112752839,-122.25,37.75
Robert W. Crown SMCA,2013-07-21,18.507492296397686,-122.27751475548094,37.76728112752839,-122.25,37.75
Robert W. Crown SMCA,2013-07-22,18.80339976400137,-122.27751475548094,37.76728112752839,-122.25,37.75
Robert W. Crown SMCA,2013-07-23,19.295602284371853,-122.27751475548094,37.76728112752839,-122.25,37.75
Robert W. Crown SMCA,2013-07-24,19.51973021775484,-122.27751475548094,37.76728112752839,-122.25,37.75
Robert W. Crown SMCA,2013-07-25,19.685262612998486,-122.27751475548094,37.76728112752839,-122.25,37.75
Robert W. Crown SMCA,2013-07-26,19.746787928044796,-122.27751475548094,37.76728112752839,-122.25,37.75
Robert W. Crown SMCA,2013-07-27,19.32343516498804,-122.27751475548094,37.76728112752839,-122.25,37.75
Robert W. Crown SMCA,2013-07-28,19.015076145529747,-122.27751475548094,37.76728112752839,-122.25,37.75
Robert W. Crown SMCA,2013-07-29,18.966002382338047,-122.27751475548094,37.76728112752839,-122.25,37.75
Robert W. Crown SMCA,2013-07-30,18.99969481676817,-122.27751475548094,37.76728112752839,-122.25,37.75
Robert W. Crown SMCA,2013-07-31,19.026795253157616,-122.27751475548094,37.76728112752839,-122.25,37.75
Robert W. Crown SMCA,2013-08-01,18.870052188634872,-122.27751475548094,37.76728112752839,-122.25,37.75
Robert W. Crown SMCA,2013-08-02,18.634937591850758,-122.27751475548094,37.76728112752839,-122.25,37.75
Robert W. Crown SMCA,2013-08-03,18.465742975473404,-122.27751475548094,37.76728112752839,-122.25,37.75
Robert W. Crown SMCA,2013-08-04,18.421796321868896,-122.27751475548094,37.76728112752839,-122.25,37.75
Robert W. Crown SMCA,2013-08-05,18.43131809681654,-122.27751475548094,37.76728112752839,-122.25,37.75
Robert W. Crown SMCA,2013-08-06,18.462080754339695,-122.27751475548094,37.76728112752839,-122.25,37.75
Robert W. Crown SMCA,2013-08-07,18.486983858048916,-122.27751475548094,37.76728112752839,-122.25,37.75
Robert W. Crown SMCA,2013-08-08,18.526535846292973,-122.27751475548094,37.76728112752839,-122.25,37.75
Robert W. Crown SMCA,2013-08-09,18.46061586588621,-122.27751475548094,37.76728112752839,-122.25,37.75
Robert W. Crown SMCA,2013-08-10,18.49650563299656,-122.27751475548094,37.76728112752839,-122.25,37.75
Robert W. Crown SMCA,2013-08-11,18.576342053711414,-122.27751475548094,37.76728112752839,-122.25,37.75
Robert W. Crown SMCA,2013-08-12,18.57853938639164,-122.27751475548094,37.76728112752839,-122.25,37.75
Robert W. Crown SMCA,2013-08-13,18.555101171135902,-122.27751475548094,37.76728112752839,-122.25,37.75
Robert W. Crown SMCA,2013-08-14,18.60271004587412,-122.27751475548094,37.76728112752839,-122.25,37.75
Robert W. Crown SMCA,2013-08-15,18.6847437992692,-122.27751475548094,37.76728112752839,-122.25,37.75
Robert W. Crown SMCA,2013-08-16,18.829767756164074,-122.27751475548094,37.76728112752839,-122.25,37.75
Robert W. Crown SMCA,2013-08-17,18.87737663090229,-122.27751475548094,37.76728112752839,-122.25,37.75
Robert W. Crown SMCA,2013-08-18,18.8407544195652,-122.27751475548094,37.76728112752839,-122.25,37.75
Robert W. Crown SMCA,2013-08-19,18.84441664069891,-122.27751475548094,37.76728112752839,-122.25,37.75
Robert W. Crown SMCA,2013-08-20,19.116153448820114,-122.27751475548094,37.76728112752839,-122.25,37.75
Robert W. Crown SMCA,2013-08-21,19.554887540638447,-122.27751475548094,37.76728112752839,-122.25,37.75
Robert W. Crown SMCA,2013-08-22,19.88741721957922,-122.27751475548094,37.76728112752839,-122.25,37.75
Robert W. Crown SMCA,2013-08-23,19.84200567752123,-122.27751475548094,37.76728112752839,-122.25,37.75
Robert W. Crown SMCA,2013-08-24,19.284615620970726,-122.27751475548094,37.76728112752839,-122.25,37.75
Robert W. Crown SMCA,2013-08-25,19.227484971284866,-122.27751475548094,37.76728112752839,-122.25,37.75
Robert W. Crown SMCA,2013-08-26,19.29047517478466,-122.27751475548094,37.76728112752839,-122.25,37.75
Robert W. Crown SMCA,2013-08-27,19.31025116890669,-122.27751475548094,37.76728112752839,-122.25,37.75
Robert W. Crown SMCA,2013-08-28,19.37983337044716,-122.27751475548094,37.76728112752839,-122.25,37.75
Robert W. Crown SMCA,2013-08-29,19.657429732382298,-122.27751475548094,37.76728112752839,-122.25,37.75
Robert W. Crown SMCA,2013-08-30,19.89107944071293,-122.27751475548094,37.76728112752839,-122.25,37.75
Robert W. Crown SMCA,2013-08-31,19.75630970299244,-122.27751475548094,37.76728112752839,-122.25,37.75
Robert W. Crown SMCA,2013-09-01,19.677938170731068,-122.27751475548094,37.76728112752839,-122.25,37.75
Robert W. Crown SMCA,2013-09-02,19.92843409627676,-122.27751475548094,37.76728112752839,-122.25,37.75
Robert W. Crown SMCA,2013-09-03,20.19797357171774,-122.27751475548094,37.76728112752839,-122.25,37.75
Robert W. Crown SMCA,2013-09-04,20.23093356192112,-122.27751475548094,37.76728112752839,-122.25,37.75
Robert W. Crown SMCA,2013-09-05,19.93649098277092,-122.27751475548094,37.76728112752839,-122.25,37.75
Robert W. Crown SMCA,2013-09-06,19.790734581649303,-122.27751475548094,37.76728112752839,-122.25,37.75
Robert W. Crown SMCA,2013-09-07,19.712363049387932,-122.27751475548094,37.76728112752839,-122.25,37.75
Robert W. Crown SMCA,2013-09-08,19.725547045469284,-122.27751475548094,37.76728112752839,-122.25,37.75
Robert W. Crown SMCA,2013-09-09,19.755577258765697,-122.27751475548094,37.76728112752839,-122.25,37.75
Robert W. Crown SMCA,2013-09-10,19.861781671643257,-122.27751475548094,37.76728112752839,-122.25,37.75
Robert W. Crown SMCA,2013-09-11,20.118869595229626,-122.27751475548094,37.76728112752839,-122.25,37.75
Robert W. Crown SMCA,2013-09-12,20.388409070670605,-122.27751475548094,37.76728112752839,-122.25,37.75
Robert W. Crown SMCA,2013-09-13,20.17380291223526,-122.27751475548094,37.76728112752839,-122.25,37.75
Robert W. Crown SMCA,2013-09-14,19.497756890952587,-122.27751475548094,37.76728112752839,-122.25,37.75
Robert W. Crown SMCA,2013-09-15,19.231879636645317,-122.27751475548094,37.76728112752839,-122.25,37.75
Robert W. Crown SMCA,2013-09-16,19.19232764840126,-122.27751475548094,37.76728112752839,-122.25,37.75
Robert W. Crown SMCA,2013-09-17,19.01580858975649,-122.27751475548094,37.76728112752839,-122.25,37.75
Robert W. Crown SMCA,2013-09-18,18.655446030199528,-122.27751475548094,37.76728112752839,-122.25,37.75
Robert W. Crown SMCA,2013-09-19,18.351481676101685,-122.27751475548094,37.76728112752839,-122.25,37.75
Robert W. Crown SMCA,2013-09-20,18.256263926625252,-122.27751475548094,37.76728112752839,-122.25,37.75
Robert W. Crown SMCA,2013-09-21,18.360271006822586,-122.27751475548094,37.76728112752839,-122.25,37.75
Robert W. Crown SMCA,2013-09-22,18.40348521620035,-122.27751475548094,37.76728112752839,-122.25,37.75
Robert W. Crown SMCA,2013-09-23,18.15738395601511,-122.27751475548094,37.76728112752839,-122.25,37.75
Robert W. Crown SMCA,2013-09-24,18.106112860143185,-122.27751475548094,37.76728112752839,-122.25,37.75
Robert W. Crown SMCA,2013-09-25,17.860744044184685,-122.27751475548094,37.76728112752839,-122.25,37.75
Robert W. Crown SMCA,2013-09-26,17.353892639279366,-122.27751475548094,37.76728112752839,-122.25,37.75
Robert W. Crown SMCA,2013-09-27,16.939329206943512,-122.27751475548094,37.76728112752839,-122.25,37.75
Robert W. Crown SMCA,2013-09-28,16.83239234983921,-122.27751475548094,37.76728112752839,-122.25,37.75
Robert W. Crown SMCA,2013-09-29,16.985473193228245,-122.27751475548094,37.76728112752839,-122.25,37.75
Robert W. Crown SMCA,2013-09-30,17.148075811564922,-122.27751475548094,37.76728112752839,-122.25,37.75
Robert W. Crown SMCA,2013-10-01,17.08142338693142,-122.27751475548094,37.76728112752839,-122.25,37.75
Robert W. Crown SMCA,2013-10-02,16.767937257885933,-122.27751475548094,37.76728112752839,-122.25,37.75
Robert W. Crown SMCA,2013-10-03,16.38193915039301,-122.27751475548094,37.76728112752839,-122.25,37.75
Robert W. Crown SMCA,2013-10-04,15.930753506720066,-122.27751475548094,37.76728112752839,-122.25,37.75
Robert W. Crown SMCA,2013-10-05,15.827478870749474,-122.27751475548094,37.76728112752839,-122.25,37.75
Robert W. Crown SMCA,2013-10-06,16.07138279825449,-122.27751475548094,37.76728112752839,-122.25,37.75
Robert W. Crown SMCA,2013-10-07,16.399517811834812,-122.27751475548094,37.76728112752839,-122.25,37.75
Robert W. Crown SMCA,2013-10-08,15.988616600632668,-122.27751475548094,37.76728112752839,-122.25,37.75
Robert W. Crown SMCA,2013-10-09,15.492019414901733,-122.27751475548094,37.76728112752839,-122.25,37.75
Robert W. Crown SMCA,2013-10-10,15.147770628333092,-122.27751475548094,37.76728112752839,-122.25,37.75
Robert W. Crown SMCA,2013-10-11,15.067201763391495,-122.27751475548094,37.76728112752839,-122.25,37.75
Robert W. Crown SMCA,2013-10-12,14.935361802577972,-122.27751475548094,37.76728112752839,-122.25,37.75
Robert W. Crown SMCA,2013-10-13,14.798394732177258,-122.27751475548094,37.76728112752839,-122.25,37.75
Robert W. Crown SMCA,2013-10-14,14.683400988578796,-122.27751475548094,37.76728112752839,-122.25,37.75
Robert W. Crown SMCA,2013-10-15,14.700247205793858,-122.27751475548094,37.76728112752839,-122.25,37.75
Robert W. Crown SMCA,2013-10-16,14.871639154851437,-122.27751475548094,37.76728112752839,-122.25,37.75
Robert W. Crown SMCA,2013-10-17,15.220282606780529,-122.27751475548094,37.76728112752839,-122.25,37.75
Robert W. Crown SMCA,2013-10-18,15.456129647791386,-122.27751475548094,37.76728112752839,-122.25,37.75
Robert W. Crown SMCA,2013-10-19,15.608478046953678,-122.27751475548094,37.76728112752839,-122.25,37.75
Robert W. Crown SMCA,2013-10-20,15.682454913854599,-122.27751475548094,37.76728112752839,-122.25,37.75
Robert W. Crown SMCA,2013-10-21,15.5440229550004,-122.27751475548094,37.76728112752839,-122.25,37.75
Robert W. Crown SMCA,2013-10-22,15.648030035197735,-122.27751475548094,37.76728112752839,-122.25,37.75
Robert W. Crown SMCA,2013-10-23,15.89120151847601,-122.27751475548094,37.76728112752839,-122.25,37.75
Robert W. Crown SMCA,2013-10-24,15.913174845278263,-122.27751475548094,37.76728112752839,-122.25,37.75
Robert W. Crown SMCA,2013-10-25,15.816492207348347,-122.27751475548094,37.76728112752839,-122.25,37.75
Robert W. Crown SMCA,2013-10-26,15.678060248494148,-122.27751475548094,37.76728112752839,-122.25,37.75
Robert W. Crown SMCA,2013-10-27,15.450270093977451,-122.27751475548094,37.76728112752839,-122.25,37.75
Robert W. Crown SMCA,2013-10-28,14.75444807857275,-122.27751475548094,37.76728112752839,-122.25,37.75
Robert W. Crown SMCA,2013-10-29,14.429242841899395,-122.27751475548094,37.76728112752839,-122.25,37.75
Robert W. Crown SMCA,2013-10-30,14.238074898719788,-122.27751475548094,37.76728112752839,-122.25,37.75
Robert W. Crown SMCA,2013-10-31,14.093050941824913,-122.27751475548094,37.76728112752839,-122.25,37.75
Robert W. Crown SMCA,2013-11-01,13.967802979052067,-122.27751475548094,37.76728112752839,-122.25,37.75
Robert W. Crown SMCA,2013-11-02,13.986846528947353,-122.27751475548094,37.76728112752839,-122.25,37.75
Robert W. Crown SMCA,2013-11-03,13.569353319704533,-122.27751475548094,37.76728112752839,-122.25,37.75
Robert W. Crown SMCA,2013-11-04,12.982665494084358,-122.27751475548094,37.76728112752839,-122.25,37.75
Robert W. Crown SMCA,2013-11-05,12.628162488341331,-122.27751475548094,37.76728112752839,-122.25,37.75
Robert W. Crown SMCA,2013-11-06,12.582018502056599,-122.27751475548094,37.76728112752839,-122.25,37.75
Robert W. Crown SMCA,2013-11-07,12.699942022562027,-122.27751475548094,37.76728112752839,-122.25,37.75
Robert W. Crown SMCA,2013-11-08,12.79149755090475,-122.27751475548094,37.76728112752839,-122.25,37.75
Robert W. Crown SMCA,2013-11-09,12.760002449154854,-122.27751475548094,37.76728112752839,-122.25,37.75
Robert W. Crown SMCA,2013-11-10,12.899899296462536,-122.27751475548094,37.76728112752839,-122.25,37.75
Robert W. Crown SMCA,2013-11-11,12.907956182956696,-122.27751475548094,37.76728112752839,-122.25,37.75
Robert W. Crown SMCA,2013-11-12,12.870601527392864,-122.27751475548094,37.76728112752839,-122.25,37.75
Robert W. Crown SMCA,2013-11-13,12.92187262326479,-122.27751475548094,37.76728112752839,-122.25,37.75
Robert W. Crown SMCA,2013-11-14,12.867671750485897,-122.27751475548094,37.76728112752839,-122.25,37.75
Robert W. Crown SMCA,2013-11-15,12.69701224565506,-122.27751475548094,37.76728112752839,-122.25,37.75
Robert W. Crown SMCA,2013-11-16,12.535142071545124,-122.27751475548094,37.76728112752839,-122.25,37.75
Robert W. Crown SMCA,2013-11-17,12.458967871963978,-122.27751475548094,37.76728112752839,-122.25,37.75
Robert W. Crown SMCA,2013-11-18,12.592272721230984,-122.27751475548094,37.76728112752839,-122.25,37.75
Robert W. Crown SMCA,2013-11-19,12.683828249573708,-122.27751475548094,37.76728112752839,-122.25,37.75
Robert W. Crown SMCA,2013-11-20,12.710196241736412,-122.27751475548094,37.76728112752839,-122.25,37.75
Robert W. Crown SMCA,2013-11-21,12.710928685963154,-122.27751475548094,37.76728112752839,-122.25,37.75
Robert W. Crown SMCA,2013-11-22,12.469954535365105,-122.27751475548094,37.76728112752839,-122.25,37.75
Robert W. Crown SMCA,2013-11-23,12.43919187784195,-122.27751475548094,37.76728112752839,-122.25,37.75
Robert W. Crown SMCA,2013-11-24,12.666982032358646,-122.27751475548094,37.76728112752839,-122.25,37.75
Robert W. Crown SMCA,2013-11-25,12.876461081206799,-122.27751475548094,37.76728112752839,-122.25,37.75
Robert W. Crown SMCA,2013-11-26,12.99145482480526,-122.27751475548094,37.76728112752839,-122.25,37.75
Robert W. Crown SMCA,2013-11-27,12.966551721096039,-122.27751475548094,37.76728112752839,-122.25,37.75
Robert W. Crown SMCA,2013-11-28,12.881588190793991,-122.27751475548094,37.76728112752839,-122.25,37.75
Robert W. Crown SMCA,2013-11-29,12.873531304299831,-122.27751475548094,37.76728112752839,-122.25,37.75
Robert W. Crown SMCA,2013-11-30,12.978270828723907,-122.27751475548094,37.76728112752839,-122.25,37.75
Robert W. Crown SMCA,2013-12-01,13.092532128095627,-122.27751475548094,37.76728112752839,-122.25,37.75
Robert W. Crown SMCA,2013-12-02,13.11450545489788,-122.27751475548094,37.76728112752839,-122.25,37.75
Robert W. Crown SMCA,2013-12-03,12.824457541108131,-122.27751475548094,37.76728112752839,-122.25,37.75
Robert W. Crown SMCA,2013-12-04,12.348368793725967,-122.27751475548094,37.76728112752839,-122.25,37.75
Robert W. Crown SMCA,2013-12-05,11.69502854347229,-122.27751475548094,37.76728112752839,-122.25,37.75
Robert W. Crown SMCA,2013-12-06,11.229194015264511,-122.27751475548094,37.76728112752839,-122.25,37.75
Robert W. Crown SMCA,2013-12-07,10.903256334364414,-122.27751475548094,37.76728112752839,-122.25,37.75
Robert W. Crown SMCA,2013-12-08,10.418378256261349,-122.27751475548094,37.76728112752839,-122.25,37.75
Robert W. Crown SMCA,2013-12-09,9.951078839600086,-122.27751475548094,37.76728112752839,-122.25,37.75
Robert W. Crown SMCA,2013-12-10,9.774559780955315,-122.27751475548094,37.76728112752839,-122.25,37.75
Robert W. Crown SMCA,2013-12-11,9.866115309298038,-122.27751475548094,37.76728112752839,-122.25,37.75
Robert W. Crown SMCA,2013-12-12,10.088045910000801,-122.27751475548094,37.76728112752839,-122.25,37.75
Robert W. Crown SMCA,2013-12-13,10.14517655968666,-122.27751475548094,37.76728112752839,-122.25,37.75
Robert W. Crown SMCA,2013-12-14,10.15689566731453,-122.27751475548094,37.76728112752839,-122.25,37.75
Robert W. Crown SMCA,2013-12-15,10.260170303285122,-122.27751475548094,37.76728112752839,-122.25,37.75
Robert W. Crown SMCA,2013-12-16,10.340739168226719,-122.27751475548094,37.76728112752839,-122.25,37.75
Robert W. Crown SMCA,2013-12-17,10.519455559551716,-122.27751475548094,37.76728112752839,-122.25,37.75
Robert W. Crown SMCA,2013-12-18,10.564867101609707,-122.27751475548094,37.76728112752839,-122.25,37.75
Robert W. Crown SMCA,2013-12-19,10.15323344618082,-122.27751475548094,37.76728112752839,-122.25,37.75
Robert W. Crown SMCA,2013-12-20,9.84194464981556,-122.27751475548094,37.76728112752839,-122.25,37.75
Robert W. Crown SMCA,2013-12-21,9.751121565699577,-122.27751475548094,37.76728112752839,-122.25,37.75
Robert W. Crown SMCA,2013-12-22,9.800927773118019,-122.27751475548094,37.76728112752839,-122.25,37.75
Robert W. Crown SMCA,2013-12-23,9.963530391454697,-122.27751475548094,37.76728112752839,-122.25,37.75
Robert W. Crown SMCA,2013-12-24,10.175206772983074,-122.27751475548094,37.76728112752839,-122.25,37.75
Robert W. Crown SMCA,2013-12-25,10.304849401116371,-122.27751475548094,37.76728112752839,-122.25,37.75
Robert W. Crown SMCA,2013-12-26,10.507004007697105,-122.27751475548094,37.76728112752839,-122.25,37.75
Robert W. Crown SMCA,2013-12-27,10.718680389225483,-122.27751475548094,37.76728112752839,-122.25,37.75
Robert W. Crown SMCA,2013-12-28,10.706228837370872,-122.27751475548094,37.76728112752839,-122.25,37.75
Robert W. Crown SMCA,2013-12-29,10.613940864801407,-122.27751475548094,37.76728112752839,-122.25,37.75
Robert W. Crown SMCA,2013-12-30,10.81170080602169,-122.27751475548094,37.76728112752839,-122.25,37.75
Robert W. Crown SMCA,2013-12-31,10.953062541782856,-122.27751475548094,37.76728112752839,-122.25,37.75
Robert W. Crown SMCA,2014-01-01,10.927426993846893,-122.27751475548094,37.76728112752839,-122.25,37.75
Robert W. Crown SMCA,2014-01-02,11.0116580799222,-122.27751475548094,37.76728112752839,-122.25,37.75
Robert W. Crown SMCA,2014-01-03,11.116397604346275,-122.27751475548094,37.76728112752839,-122.25,37.75
Robert W. Crown SMCA,2014-01-04,11.162541590631008,-122.27751475548094,37.76728112752839,-122.25,37.75
Robert W. Crown SMCA,2014-01-05,11.312692657113075,-122.27751475548094,37.76728112752839,-122.25,37.75
Robert W. Crown SMCA,2014-01-06,11.491409048438072,-122.27751475548094,37.76728112752839,-122.25,37.75
Robert W. Crown SMCA,2014-01-07,11.544877476990223,-122.27751475548094,37.76728112752839,-122.25,37.75
Robert W. Crown SMCA,2014-01-08,11.435010842978954,-122.27751475548094,37.76728112752839,-122.25,37.75
Robert W. Crown SMCA,2014-01-09,11.365428641438484,-122.27751475548094,37.76728112752839,-122.25,37.75
Robert W. Crown SMCA,2014-01-10,11.17133092135191,-122.27751475548094,37.76728112752839,-122.25,37.75
Robert W. Crown SMCA,2014-01-11,11.22479934990406,-122.27751475548094,37.76728112752839,-122.25,37.75
Robert W. Crown SMCA,2014-01-12,11.13031404465437,-122.27751475548094,37.76728112752839,-122.25,37.75
Robert W. Crown SMCA,2014-01-13,11.051942512392998,-122.27751475548094,37.76728112752839,-122.25,37.75
Robert W. Crown SMCA,2014-01-14,11.191106915473938,-122.27751475548094,37.76728112752839,-122.25,37.75
Robert W. Crown SMCA,2014-01-15,11.447462394833565,-122.27751475548094,37.76728112752839,-122.25,37.75
Robert W. Crown SMCA,2014-01-16,11.724326312541962,-122.27751475548094,37.76728112752839,-122.25,37.75
Robert W. Crown SMCA,2014-01-17,12.004120007157326,-122.27751475548094,37.76728112752839,-122.25,37.75
Robert W. Crown SMCA,2014-01-18,12.248023934662342,-122.27751475548094,37.76728112752839,-122.25,37.75
Robert W. Crown SMCA,2014-01-19,12.350566126406193,-122.27751475548094,37.76728112752839,-122.25,37.75
Robert W. Crown SMCA,2014-01-20,12.563707396388054,-122.27751475548094,37.76728112752839,-122.25,37.75
Robert W. Crown SMCA,2014-01-21,12.737296678125858,-122.27751475548094,37.76728112752839,-122.25,37.75
Robert W. Crown SMCA,2014-01-22,12.718253128230572,-122.27751475548094,37.76728112752839,-122.25,37.75
Robert W. Crown SMCA,2014-01-23,12.790032662451267,-122.27751475548094,37.76728112752839,-122.25,37.75
Robert W. Crown SMCA,2014-01-24,12.87279886007309,-122.27751475548094,37.76728112752839,-122.25,37.75
Robert W. Crown SMCA,2014-01-25,12.871333971619606,-122.27751475548094,37.76728112752839,-122.25,37.75
Robert W. Crown SMCA,2014-01-26,13.119632564485073,-122.27751475548094,37.76728112752839,-122.25,37.75
Robert W. Crown SMCA,2014-01-27,13.22070986777544,-122.27751475548094,37.76728112752839,-122.25,37.75
Robert W. Crown SMCA,2014-01-28,13.271248519420624,-122.27751475548094,37.76728112752839,-122.25,37.75
Robert W. Crown SMCA,2014-01-29,13.32251961529255,-122.27751475548094,37.76728112752839,-122.25,37.75
Robert W. Crown SMCA,2014-01-30,13.359141826629639,-122.27751475548094,37.76728112752839,-122.25,37.75
Robert W. Crown SMCA,2014-01-31,13.005371265113354,-122.27751475548094,37.76728112752839,-122.25,37.75
Robert W. Crown SMCA,2014-02-01,12.707998909056187,-122.27751475548094,37.76728112752839,-122.25,37.75
Robert W. Crown SMCA,2014-02-02,12.759270004928112,-122.27751475548094,37.76728112752839,-122.25,37.75
Robert W. Crown SMCA,2014-02-03,12.801019325852394,-122.27751475548094,37.76728112752839,-122.25,37.75
Robert W. Crown SMCA,2014-02-04,12.35349590331316,-122.27751475548094,37.76728112752839,-122.25,37.75
Robert W. Crown SMCA,2014-02-05,12.061250656843185,-122.27751475548094,37.76728112752839,-122.25,37.75
Robert W. Crown SMCA,2014-02-06,12.111789308488369,-122.27751475548094,37.76728112752839,-122.25,37.75
Robert W. Crown SMCA,2014-02-07,12.138889744877815,-122.27751475548094,37.76728112752839,-122.25,37.75
Robert W. Crown SMCA,2014-02-08,12.078829318284988,-122.27751475548094,37.76728112752839,-122.25,37.75
Robert W. Crown SMCA,2014-02-09,12.215796388685703,-122.27751475548094,37.76728112752839,-122.25,37.75
Robert W. Crown SMCA,2014-02-10,12.403302110731602,-122.27751475548094,37.76728112752839,-122.25,37.75
Robert W. Crown SMCA,2014-02-11,12.605456717312336,-122.27751475548094,37.76728112752839,-122.25,37.75
Robert W. Crown SMCA,2014-02-12,12.79515977203846,-122.27751475548094,37.76728112752839,-122.25,37.75
Robert W. Crown SMCA,2014-02-13,13.006836153566837,-122.27751475548094,37.76728112752839,-122.25,37.75
Robert W. Crown SMCA,2014-02-14,13.164311662316322,-122.27751475548094,37.76728112752839,-122.25,37.75
Robert W. Crown SMCA,2014-02-15,13.272713407874107,-122.27751475548094,37.76728112752839,-122.25,37.75
Robert W. Crown SMCA,2014-02-16,13.345225386321545,-122.27751475548094,37.76728112752839,-122.25,37.75
Robert W. Crown SMCA,2014-02-17,13.573015540838242,-122.27751475548094,37.76728112752839,-122.25,37.75
Robert W. Crown SMCA,2014-02-18,13.554704435169697,-122.27751475548094,37.76728112752839,-122.25,37.75
Robert W. Crown SMCA,2014-02-19,13.424329362809658,-122.27751475548094,37.76728112752839,-122.25,37.75
Robert W. Crown SMCA,2014-02-20,13.12622456252575,-122.27751475548094,37.76728112752839,-122.25,37.75
Robert W. Crown SMCA,2014-02-21,13.059572137892246,-122.27751475548094,37.76728112752839,-122.25,37.75
Robert W. Crown SMCA,2014-02-22,13.091799683868885,-122.27751475548094,37.76728112752839,-122.25,37.75
Robert W. Crown SMCA,2014-02-23,13.135746337473392,-122.27751475548094,37.76728112752839,-122.25,37.75
Robert W. Crown SMCA,2014-02-24,13.373790711164474,-122.27751475548094,37.76728112752839,-122.25,37.75
Robert W. Crown SMCA,2014-02-25,13.740745268762112,-122.27751475548094,37.76728112752839,-122.25,37.75
Robert W. Crown SMCA,2014-02-26,13.611835084855556,-122.27751475548094,37.76728112752839,-122.25,37.75
Robert W. Crown SMCA,2014-02-27,13.38404493033886,-122.27751475548094,37.76728112752839,-122.25,37.75
Robert W. Crown SMCA,2014-02-28,13.40455336868763,-122.27751475548094,37.76728112752839,-122.25,37.75
Robert W. Crown SMCA,2014-03-01,13.365001380443573,-122.27751475548094,37.76728112752839,-122.25,37.75
Robert W. Crown SMCA,2014-03-02,13.547379992902279,-122.27751475548094,37.76728112752839,-122.25,37.75
Robert W. Crown SMCA,2014-03-03,13.61329997330904,-122.27751475548094,37.76728112752839,-122.25,37.75
Robert W. Crown SMCA,2014-03-04,13.645527519285679,-122.27751475548094,37.76728112752839,-122.25,37.75
Robert W. Crown SMCA,2014-03-05,13.736350603401661,-122.27751475548094,37.76728112752839,-122.25,37.75
Robert W. Crown SMCA,2014-03-06,13.792016364634037,-122.27751475548094,37.76728112752839,-122.25,37.75
Robert W. Crown SMCA,2014-03-07,13.907010108232498,-122.27751475548094,37.76728112752839,-122.25,37.75
Robert W. Crown SMCA,2014-03-08,14.043977178633213,-122.27751475548094,37.76728112752839,-122.25,37.75
Robert W. Crown SMCA,2014-03-09,14.332560203969479,-122.27751475548094,37.76728112752839,-122.25,37.75
Robert W. Crown SMCA,2014-03-10,14.536912143230438,-122.27751475548094,37.76728112752839,-122.25,37.75
Robert W. Crown SMCA,2014-03-11,14.223426014184952,-122.27751475548094,37.76728112752839,-122.25,37.75
Robert W. Crown SMCA,2014-03-12,14.2102420181036,-122.27751475548094,37.76728112752839,-122.25,37.75
Robert W. Crown SMCA,2014-03-13,14.46000549942255,-122.27751475548094,37.76728112752839,-122.25,37.75
Robert W. Crown SMCA,2014-03-14,14.421918399631977,-122.27751475548094,37.76728112752839,-122.25,37.75
Robert W. Crown SMCA,2014-03-15,14.41459395736456,-122.27751475548094,37.76728112752839,-122.25,37.75
Robert W. Crown SMCA,2014-03-16,14.624073006212711,-122.27751475548094,37.76728112752839,-122.25,37.75
Robert W. Crown SMCA,2014-03-17,14.577929019927979,-122.27751475548094,37.76728112752839,-122.25,37.75
Robert W. Crown SMCA,2014-03-18,14.219763793051243,-122.27751475548094,37.76728112752839,-122.25,37.75
Robert W. Crown SMCA,2014-03-19,14.134800262749195,-122.27751475548094,37.76728112752839,-122.25,37.75
Robert W. Crown SMCA,2014-03-20,14.22708823531866,-122.27751475548094,37.76728112752839,-122.25,37.75
Robert W. Crown SMCA,2014-03-21,14.161900699138641,-122.27751475548094,37.76728112752839,-122.25,37.75
Robert W. Crown SMCA,2014-03-22,14.082796722650528,-122.27751475548094,37.76728112752839,-122.25,37.75
Robert W. Crown SMCA,2014-03-23,14.088656276464462,-122.27751475548094,37.76728112752839,-122.25,37.75
Robert W. Crown SMCA,2014-03-24,14.41093173623085,-122.27751475548094,37.76728112752839,-122.25,37.75
Robert W. Crown SMCA,2014-03-25,14.799127176404,-122.27751475548094,37.76728112752839,-122.25,37.75
Robert W. Crown SMCA,2014-03-26,14.829889833927155,-122.27751475548094,37.76728112752839,-122.25,37.75
Robert W. Crown SMCA,2014-03-27,14.683400988578796,-122.27751475548094,37.76728112752839,-122.25,37.75
Robert W. Crown SMCA,2014-03-28,14.94268624484539,-122.27751475548094,37.76728112752839,-122.25,37.75
Robert W. Crown SMCA,2014-03-29,15.1426435187459,-122.27751475548094,37.76728112752839,-122.25,37.75
Robert W. Crown SMCA,2014-03-30,15.018860444426537,-122.27751475548094,37.76728112752839,-122.25,37.75
Robert W. Crown SMCA,2014-03-31,14.970519125461578,-122.27751475548094,37.76728112752839,-122.25,37.75
Robert W. Crown SMCA,2014-04-01,14.763237409293652,-122.27751475548094,37.76728112752839,-122.25,37.75
Robert W. Crown SMCA,2014-04-02,14.628467671573162,-122.27751475548094,37.76728112752839,-122.25,37.75
Robert W. Crown SMCA,2014-04-03,14.866512045264244,-122.27751475548094,37.76728112752839,-122.25,37.75
Robert W. Crown SMCA,2014-04-04,15.089175090193748,-122.27751475548094,37.76728112752839,-122.25,37.75
Robert W. Crown SMCA,2014-04-05,14.93829157948494,-122.27751475548094,37.76728112752839,-122.25,37.75
Robert W. Crown SMCA,2014-04-06,15.056215099990368,-122.27751475548094,37.76728112752839,-122.25,37.75
Robert W. Crown SMCA,2014-04-07,15.305978581309319,-122.27751475548094,37.76728112752839,-122.25,37.75
Robert W. Crown SMCA,2014-04-08,15.656819365918636,-122.27751475548094,37.76728112752839,-122.25,37.75
Robert W. Crown SMCA,2014-04-09,16.060396134853363,-122.27751475548094,37.76728112752839,-122.25,37.75
Robert W. Crown SMCA,2014-04-10,16.212012089788914,-122.27751475548094,37.76728112752839,-122.25,37.75
Robert W. Crown SMCA,2014-04-11,16.326273389160633,-122.27751475548094,37.76728112752839,-122.25,37.75
Robert W. Crown SMCA,2014-04-12,16.48448134213686,-122.27751475548094,37.76728112752839,-122.25,37.75
Robert W. Crown SMCA,2014-04-13,16.221533864736557,-122.27751475548094,37.76728112752839,-122.25,37.75
Robert W. Crown SMCA,2014-04-14,16.17026276886463,-122.27751475548094,37.76728112752839,-122.25,37.75
Robert W. Crown SMCA,2014-04-15,16.01058992743492,-122.27751475548094,37.76728112752839,-122.25,37.75
Robert W. Crown SMCA,2014-04-16,15.721274457871914,-122.27751475548094,37.76728112752839,-122.25,37.75
Robert W. Crown SMCA,2014-04-17,15.414380326867104,-122.27751475548094,37.76728112752839,-122.25,37.75
Robert W. Crown SMCA,2014-04-18,15.171208843588829,-122.27751475548094,37.76728112752839,-122.25,37.75
Robert W. Crown SMCA,2014-04-19,15.003479115664959,-122.27751475548094,37.76728112752839,-122.25,37.75
Robert W. Crown SMCA,2014-04-20,14.867244489490986,-122.27751475548094,37.76728112752839,-122.25,37.75
Robert W. Crown SMCA,2014-04-21,14.7588427439332,-122.27751475548094,37.76728112752839,-122.25,37.75
Robert W. Crown SMCA,2014-04-22,14.550828583538532,-122.27751475548094,37.76728112752839,-122.25,37.75
Robert W. Crown SMCA,2014-04-23,14.311319321393967,-122.27751475548094,37.76728112752839,-122.25,37.75
Robert W. Crown SMCA,2014-04-24,14.43949706107378,-122.27751475548094,37.76728112752839,-122.25,37.75
Robert W. Crown SMCA,2014-04-25,14.652638331055641,-122.27751475548094,37.76728112752839,-122.25,37.75
Robert W. Crown SMCA,2014-04-26,14.413129068911076,-122.27751475548094,37.76728112752839,-122.25,37.75
Robert W. Crown SMCA,2014-04-27,14.37430952489376,-122.27751475548094,37.76728112752839,-122.25,37.75
Robert W. Crown SMCA,2014-04-28,14.41093173623085,-122.27751475548094,37.76728112752839,-122.25,37.75
Robert W. Crown SMCA,2014-04-29,14.539109475910664,-122.27751475548094,37.76728112752839,-122.25,37.75
Robert W. Crown SMCA,2014-04-30,14.887020483613014,-122.27751475548094,37.76728112752839,-122.25,37.75
Robert W. Crown SMCA,2014-05-01,15.464186534285545,-122.27751475548094,37.76728112752839,-122.25,37.75
Robert W. Crown SMCA,2014-05-02,15.868495747447014,-122.27751475548094,37.76728112752839,-122.25,37.75
Robert W. Crown SMCA,2014-05-03,16.011322371661663,-122.27751475548094,37.76728112752839,-122.25,37.75
Robert W. Crown SMCA,2014-05-04,15.999603264033794,-122.27751475548094,37.76728112752839,-122.25,37.75
Robert W. Crown SMCA,2014-05-05,15.915372177958488,-122.27751475548094,37.76728112752839,-122.25,37.75
Robert W. Crown SMCA,2014-05-06,15.66634114086628,-122.27751475548094,37.76728112752839,-122.25,37.75
Robert W. Crown SMCA,2014-05-07,15.285470142960548,-122.27751475548094,37.76728112752839,-122.25,37.75
Robert W. Crown SMCA,2014-05-08,15.02032533288002,-122.27751475548094,37.76728112752839,-122.25,37.75
Robert W. Crown SMCA,2014-05-09,15.048158213496208,-122.27751475548094,37.76728112752839,-122.25,37.75
Robert W. Crown SMCA,2014-05-10,14.944151133298874,-122.27751475548094,37.76728112752839,-122.25,37.75
Robert W. Crown SMCA,2014-05-11,14.68926054239273,-122.27751475548094,37.76728112752839,-122.25,37.75
Robert W. Crown SMCA,2014-05-12,14.628467671573162,-122.27751475548094,37.76728112752839,-122.25,37.75
Robert W. Crown SMCA,2014-05-13,14.763969853520393,-122.27751475548094,37.76728112752839,-122.25,37.75
Robert W. Crown SMCA,2014-05-14,15.228339493274689,-122.27751475548094,37.76728112752839,-122.25,37.75
Robert W. Crown SMCA,2014-05-15,15.848719753324986,-122.27751475548094,37.76728112752839,-122.25,37.75
Robert W. Crown SMCA,2014-05-16,16.09115879237652,-122.27751475548094,37.76728112752839,-122.25,37.75
Robert W. Crown SMCA,2014-05-17,15.865565970540047,-122.27751475548094,37.76728112752839,-122.25,37.75
Robert W. Crown SMCA,2014-05-18,15.866298414766788,-122.27751475548094,37.76728112752839,-122.25,37.75
Robert W. Crown SMCA,2014-05-19,15.881679743528366,-122.27751475548094,37.76728112752839,-122.25,37.75
Robert W. Crown SMCA,2014-05-20,15.947599723935127,-122.27751475548094,37.76728112752839,-122.25,37.75
Robert W. Crown SMCA,2014-05-21,15.910977512598038,-122.27751475548094,37.76728112752839,-122.25,37.75
Robert W. Crown SMCA,2014-05-22,15.910977512598038,-122.27751475548094,37.76728112752839,-122.25,37.75
Robert W. Crown SMCA,2014-05-23,16.04281747341156,-122.27751475548094,37.76728112752839,-122.25,37.75
Robert W. Crown SMCA,2014-05-24,16.143162332475185,-122.27751475548094,37.76728112752839,-122.25,37.75
Robert W. Crown SMCA,2014-05-25,16.12485122680664,-122.27751475548094,37.76728112752839,-122.25,37.75
Robert W. Crown SMCA,2014-05-26,16.16953032463789,-122.27751475548094,37.76728112752839,-122.25,37.75
Robert W. Crown SMCA,2014-05-27,16.166600547730923,-122.27751475548094,37.76728112752839,-122.25,37.75
Robert W. Crown SMCA,2014-05-28,16.064058355987072,-122.27751475548094,37.76728112752839,-122.25,37.75
Robert W. Crown SMCA,2014-05-29,15.919034399092197,-122.27751475548094,37.76728112752839,-122.25,37.75
Robert W. Crown SMCA,2014-05-30,15.899258404970169,-122.27751475548094,37.76728112752839,-122.25,37.75
Robert W. Crown SMCA,2014-05-31,15.888271741569042,-122.27751475548094,37.76728112752839,-122.25,37.75
Robert W. Crown SMCA,2014-06-01,15.874355301260948,-122.27751475548094,37.76728112752839,-122.25,37.75
Robert W. Crown SMCA,2014-06-02,15.883877076208591,-122.27751475548094,37.76728112752839,-122.25,37.75
Robert W. Crown SMCA,2014-06-03,15.92416150867939,-122.27751475548094,37.76728112752839,-122.25,37.75
Robert W. Crown SMCA,2014-06-04,15.942472614347935,-122.27751475548094,37.76728112752839,-122.25,37.75
Robert W. Crown SMCA,2014-06-05,16.097750790417194,-122.27751475548094,37.76728112752839,-122.25,37.75
Robert W. Crown SMCA,2014-06-06,16.391460925340652,-122.27751475548094,37.76728112752839,-122.25,37.75
Robert W. Crown SMCA,2014-06-07,16.61119419336319,-122.27751475548094,37.76728112752839,-122.25,37.75
Robert W. Crown SMCA,2014-06-08,16.830195017158985,-122.27751475548094,37.76728112752839,-122.25,37.75
Robert W. Crown SMCA,2014-06-09,17.099002048373222,-122.27751475548094,37.76728112752839,-122.25,37.75
Robert W. Crown SMCA,2014-06-10,17.352427750825882,-122.27751475548094,37.76728112752839,-122.25,37.75
Robert W. Crown SMCA,2014-06-11,17.632953889667988,-122.27751475548094,37.76728112752839,-122.25,37.75
Robert W. Crown SMCA,2014-06-12,17.701803646981716,-122.27751475548094,37.76728112752839,-122.25,37.75
Robert W. Crown SMCA,2014-06-13,17.635883666574955,-122.27751475548094,37.76728112752839,-122.25,37.75
Robert W. Crown SMCA,2014-06-14,17.43372905999422,-122.27751475548094,37.76728112752839,-122.25,37.75
Robert W. Crown SMCA,2014-06-15,17.239631339907646,-122.27751475548094,37.76728112752839,-122.25,37.75
Robert W. Crown SMCA,2014-06-16,17.046266064047813,-122.27751475548094,37.76728112752839,-122.25,37.75
Robert W. Crown SMCA,2014-06-17,16.83678701519966,-122.27751475548094,37.76728112752839,-122.25,37.75
Robert W. Crown SMCA,2014-06-18,16.65221107006073,-122.27751475548094,37.76728112752839,-122.25,37.75
Robert W. Crown SMCA,2014-06-19,16.652943514287472,-122.27751475548094,37.76728112752839,-122.25,37.75
Robert W. Crown SMCA,2014-06-20,16.70494705438614,-122.27751475548094,37.76728112752839,-122.25,37.75
Robert W. Crown SMCA,2014-06-21,16.64781640470028,-122.27751475548094,37.76728112752839,-122.25,37.75
Robert W. Crown SMCA,2014-06-22,16.575304426252842,-122.27751475548094,37.76728112752839,-122.25,37.75
Robert W. Crown SMCA,2014-06-23,16.53355510532856,-122.27751475548094,37.76728112752839,-122.25,37.75
Robert W. Crown SMCA,2014-06-24,16.5657826513052,-122.27751475548094,37.76728112752839,-122.25,37.75
Robert W. Crown SMCA,2014-06-25,16.64342173933983,-122.27751475548094,37.76728112752839,-122.25,37.75
Robert W. Crown SMCA,2014-06-26,16.871944338083267,-122.27751475548094,37.76728112752839,-122.25,37.75
Robert W. Crown SMCA,2014-06-27,17.246955782175064,-122.27751475548094,37.76728112752839,-122.25,37.75
Robert W. Crown SMCA,2014-06-28,17.4578997194767,-122.27751475548094,37.76728112752839,-122.25,37.75
Robert W. Crown SMCA,2014-06-29,17.315805539488792,-122.27751475548094,37.76728112752839,-122.25,37.75
Robert W. Crown SMCA,2014-06-30,17.32239753752947,-122.27751475548094,37.76728112752839,-122.25,37.75
Robert W. Crown SMCA,2014-07-01,17.521622367203236,-122.27751475548094,37.76728112752839,-122.25,37.75
Robert W. Crown SMCA,2014-07-02,17.70766320079565,-122.27751475548094,37.76728112752839,-122.25,37.75
Robert W. Crown SMCA,2014-07-03,17.741355635225773,-122.27751475548094,37.76728112752839,-122.25,37.75
Robert W. Crown SMCA,2014-07-04,17.736960969865322,-122.27751475548094,37.76728112752839,-122.25,37.75
Robert W. Crown SMCA,2014-07-05,17.819727167487144,-122.27751475548094,37.76728112752839,-122.25,37.75
Robert W. Crown SMCA,2014-07-06,17.95669423788786,-122.27751475548094,37.76728112752839,-122.25,37.75
Robert W. Crown SMCA,2014-07-07,18.07974486798048,-122.27751475548094,37.76728112752839,-122.25,37.75
Robert W. Crown SMCA,2014-07-08,18.20645771920681,-122.27751475548094,37.76728112752839,-122.25,37.75
Robert W. Crown SMCA,2014-07-09,18.336100347340107,-122.27751475548094,37.76728112752839,-122.25,37.75
Robert W. Crown SMCA,2014-07-10,18.642262034118176,-122.27751475548094,37.76728112752839,-122.25,37.75
Robert W. Crown SMCA,2014-07-11,19.084658347070217,-122.27751475548094,37.76728112752839,-122.25,37.75
Robert W. Crown SMCA,2014-07-12,19.349070712924004,-122.27751475548094,37.76728112752839,-122.25,37.75
Robert W. Crown SMCA,2014-07-13,18.97552415728569,-122.27751475548094,37.76728112752839,-122.25,37.75
Robert W. Crown SMCA,2014-07-14,18.548509173095226,-122.27751475548094,37.76728112752839,-122.25,37.75
Robert W. Crown SMCA,2014-07-15,18.753593556582928,-122.27751475548094,37.76728112752839,-122.25,37.75
Robert W. Crown SMCA,2014-07-16,19.154240548610687,-122.27751475548094,37.76728112752839,-122.25,37.75
Robert W. Crown SMCA,2014-07-17,19.33588671684265,-122.27751475548094,37.76728112752839,-122.25,37.75
Robert W. Crown SMCA,2014-07-18,19.518265329301357,-122.27751475548094,37.76728112752839,-122.25,37.75
Robert W. Crown SMCA,2014-07-19,19.734336376190186,-122.27751475548094,37.76728112752839,-122.25,37.75
Robert W. Crown SMCA,2014-07-20,19.954069644212723,-122.27751475548094,37.76728112752839,-122.25,37.75
Robert W. Crown SMCA,2014-07-21,20.08444471657276,-122.27751475548094,37.76728112752839,-122.25,37.75
Robert W. Crown SMCA,2014-07-22,20.205298013985157,-122.27751475548094,37.76728112752839,-122.25,37.75
Robert W. Crown SMCA,2014-07-23,20.331278420984745,-122.27751475548094,37.76728112752839,-122.25,37.75
Robert W. Crown SMCA,2014-07-24,20.323221534490585,-122.27751475548094,37.76728112752839,-122.25,37.75
Robert W. Crown SMCA,2014-07-25,19.81856746226549,-122.27751475548094,37.76728112752839,-122.25,37.75
Robert W. Crown SMCA,2014-07-26,19.824427016079426,-122.27751475548094,37.76728112752839,-122.25,37.75
Robert W. Crown SMCA,2014-07-27,19.917447432875633,-122.27751475548094,37.76728112752839,-122.25,37.75
Robert W. Crown SMCA,2014-07-28,20.08005005121231,-122.27751475548094,37.76728112752839,-122.25,37.75
Robert W. Crown SMCA,2014-07-29,20.24338511377573,-122.27751475548094,37.76728112752839,-122.25,37.75
Robert W. Crown SMCA,2014-07-30,20.299783319234848,-122.27751475548094,37.76728112752839,-122.25,37.75
Robert W. Crown SMCA,2014-07-31,20.262428663671017,-122.27751475548094,37.76728112752839,-122.25,37.75
Robert W. Crown SMCA,2014-08-01,20.188451796770096,-122.27751475548094,37.76728112752839,-122.25,37.75
Robert W. Crown SMCA,2014-08-02,20.11593981832266,-122.27751475548094,37.76728112752839,-122.25,37.75
Robert W. Crown SMCA,2014-08-03,20.029511399567127,-122.27751475548094,37.76728112752839,-122.25,37.75
Robert W. Crown SMCA,2014-08-04,19.98117008060217,-122.27751475548094,37.76728112752839,-122.25,37.75
Robert W. Crown SMCA,2014-08-05,19.9694509729743,-122.27751475548094,37.76728112752839,-122.25,37.75
Robert W. Crown SMCA,2014-08-06,19.955534532666206,-122.27751475548094,37.76728112752839,-122.25,37.75
Robert W. Crown SMCA,2014-08-07,19.88814966380596,-122.27751475548094,37.76728112752839,-122.25,37.75
Robert W. Crown SMCA,2014-08-08,19.706503495573997,-122.27751475548094,37.76728112752839,-122.25,37.75
Robert W. Crown SMCA,2014-08-09,19.502151556313038,-122.27751475548094,37.76728112752839,-122.25,37.75
Robert W. Crown SMCA,2014-08-10,19.35200048983097,-122.27751475548094,37.76728112752839,-122.25,37.75
Robert W. Crown SMCA,2014-08-11,19.411328472197056,-122.27751475548094,37.76728112752839,-122.25,37.75
Robert W. Crown SMCA,2014-08-12,19.692587055265903,-122.27751475548094,37.76728112752839,-122.25,37.75
Robert W. Crown SMCA,2014-08-13,19.913785211741924,-122.27751475548094,37.76728112752839,-122.25,37.75
Robert W. Crown SMCA,2014-08-14,19.84273812174797,-122.27751475548094,37.76728112752839,-122.25,37.75
Robert W. Crown SMCA,2014-08-15,19.738731041550636,-122.27751475548094,37.76728112752839,-122.25,37.75
Robert W. Crown SMCA,2014-08-16,19.80611591041088,-122.27751475548094,37.76728112752839,-122.25,37.75
Robert W. Crown SMCA,2014-08-17,19.824427016079426,-122.27751475548094,37.76728112752839,-122.25,37.75
Robert W. Crown SMCA,2014-08-18,19.784142583608627,-122.27751475548094,37.76728112752839,-122.25,37.75
Robert W. Crown SMCA,2014-08-19,19.69185461103916,-122.27751475548094,37.76728112752839,-122.25,37.75
Robert W. Crown SMCA,2014-08-20,19.713827937841415,-122.27751475548094,37.76728112752839,-122.25,37.75
Robert W. Crown SMCA,2014-08-21,19.8134403526783,-122.27751475548094,37.76728112752839,-122.25,37.75
Robert W. Crown SMCA,2014-08-22,19.88741721957922,-122.27751475548094,37.76728112752839,-122.25,37.75
Robert W. Crown SMCA,2014-08-23,19.864711448550224,-122.27751475548094,37.76728112752839,-122.25,37.75
Robert W. Crown SMCA,2014-08-24,19.90426343679428,-122.27751475548094,37.76728112752839,-122.25,37.75
Robert W. Crown SMCA,2014-08-25,20.114474929869175,-122.27751475548094,37.76728112752839,-122.25,37.75
Robert W. Crown SMCA,2014-08-26,20.384746849536896,-122.27751475548094,37.76728112752839,-122.25,37.75
Robert W. Crown SMCA,2014-08-27,20.671864986419678,-122.27751475548094,37.76728112752839,-122.25,37.75
Robert W. Crown SMCA,2014-08-28,20.81542405486107,-122.27751475548094,37.76728112752839,-122.25,37.75
Robert W. Crown SMCA,2014-08-29,20.515854366123676,-122.27751475548094,37.76728112752839,-122.25,37.75
Robert W. Crown SMCA,2014-08-30,20.25217444449663,-122.27751475548094,37.76728112752839,-122.25,37.75
Robert W. Crown SMCA,2014-08-31,20.213354900479317,-122.27751475548094,37.76728112752839,-122.25,37.75
Robert W. Crown SMCA,2014-09-01,20.099093601107597,-122.27751475548094,37.76728112752839,-122.25,37.75
Robert W. Crown SMCA,2014-09-02,20.065401166677475,-122.27751475548094,37.76728112752839,-122.25,37.75
Robert W. Crown SMCA,2014-09-03,20.01413007080555,-122.27751475548094,37.76728112752839,-122.25,37.75
Robert W. Crown SMCA,2014-09-04,19.893276773393154,-122.27751475548094,37.76728112752839,-122.25,37.75
Robert W. Crown SMCA,2014-09-05,20.00607318431139,-122.27751475548094,37.76728112752839,-122.25,37.75
Robert W. Crown SMCA,2014-09-06,20.356913968920708,-122.27751475548094,37.76728112752839,-122.25,37.75
Robert W. Crown SMCA,2014-09-07,20.450666829943657,-122.27751475548094,37.76728112752839,-122.25,37.75
Robert W. Crown SMCA,2014-09-08,20.2060304582119,-122.27751475548094,37.76728112752839,-122.25,37.75
Robert W. Crown SMCA,2014-09-09,19.627399519085884,-122.27751475548094,37.76728112752839,-122.25,37.75
Robert W. Crown SMCA,2014-09-10,19.450880460441113,-122.27751475548094,37.76728112752839,-122.25,37.75
Robert W. Crown SMCA,2014-09-11,19.420117802917957,-122.27751475548094,37.76728112752839,-122.25,37.75
Robert W. Crown SMCA,2014-09-12,19.631061740219593,-122.27751475548094,37.76728112752839,-122.25,37.75
Robert W. Crown SMCA,2014-09-13,19.884487442672253,-122.27751475548094,37.76728112752839,-122.25,37.75
Robert W. Crown SMCA,2014-09-14,20.004608295857906,-122.27751475548094,37.76728112752839,-122.25,37.75
Robert W. Crown SMCA,2014-09-15,20.119602039456367,-122.27751475548094,37.76728112752839,-122.25,37.75
Robert W. Crown SMCA,2014-09-16,20.238258004188538,-122.27751475548094,37.76728112752839,-122.25,37.75
Robert W. Crown SMCA,2014-09-17,20.375957518815994,-122.27751475548094,37.76728112752839,-122.25,37.75
Robert W. Crown SMCA,2014-09-18,20.375957518815994,-122.27751475548094,37.76728112752839,-122.25,37.75
Robert W. Crown SMCA,2014-09-19,20.48509170860052,-122.27751475548094,37.76728112752839,-122.25,37.75
Robert W. Crown SMCA,2014-09-20,20.655018769204617,-122.27751475548094,37.76728112752839,-122.25,37.75
Robert W. Crown SMCA,2014-09-21,20.824945829808712,-122.27751475548094,37.76728112752839,-122.25,37.75
Robert W. Crown SMCA,2014-09-22,20.831537827849388,-122.27751475548094,37.76728112752839,-122.25,37.75
Robert W. Crown SMCA,2014-09-23,20.775872066617012,-122.27751475548094,37.76728112752839,-122.25,37.75
Robert W. Crown SMCA,2014-09-24,20.73851741105318,-122.27751475548094,37.76728112752839,-122.25,37.75
Robert W. Crown SMCA,2014-09-25,20.743644520640373,-122.27751475548094,37.76728112752839,-122.25,37.75
Robert W. Crown SMCA,2014-09-26,20.772209845483303,-122.27751475548094,37.76728112752839,-122.25,37.75
Robert W. Crown SMCA,2014-09-27,20.195043794810772,-122.27751475548094,37.76728112752839,-122.25,37.75
Robert W. Crown SMCA,2014-09-28,19.653035067021847,-122.27751475548094,37.76728112752839,-122.25,37.75
Robert W. Crown SMCA,2014-09-29,19.39301736652851,-122.27751475548094,37.76728112752839,-122.25,37.75
Robert W. Crown SMCA,2014-09-30,19.116885893046856,-122.27751475548094,37.76728112752839,-122.25,37.75
Robert W. Crown SMCA,2014-10-01,18.72576067596674,-122.27751475548094,37.76728112752839,-122.25,37.75
Robert W. Crown SMCA,2014-10-02,18.482589192688465,-122.27751475548094,37.76728112752839,-122.25,37.75
Robert W. Crown SMCA,2014-10-03,18.592455826699734,-122.27751475548094,37.76728112752839,-122.25,37.75
Robert W. Crown SMCA,2014-10-04,18.78728599101305,-122.27751475548094,37.76728112752839,-122.25,37.75
Robert W. Crown SMCA,2014-10-05,18.842951752245426,-122.27751475548094,37.76728112752839,-122.25,37.75
Robert W. Crown SMCA,2014-10-06,18.866389967501163,-122.27751475548094,37.76728112752839,-122.25,37.75
Robert W. Crown SMCA,2014-10-07,18.866389967501163,-122.27751475548094,37.76728112752839,-122.25,37.75
Robert W. Crown SMCA,2014-10-08,18.580004274845123,-122.27751475548094,37.76728112752839,-122.25,37.75
Robert W. Crown SMCA,2014-10-09,18.34488967806101,-122.27751475548094,37.76728112752839,-122.25,37.75
Robert W. Crown SMCA,2014-10-10,18.23575548827648,-122.27751475548094,37.76728112752839,-122.25,37.75
Robert W. Crown SMCA,2014-10-11,18.06363109499216,-122.27751475548094,37.76728112752839,-122.25,37.75
Robert W. Crown SMCA,2014-10-12,17.87173070758581,-122.27751475548094,37.76728112752839,-122.25,37.75
Robert W. Crown SMCA,2014-10-13,17.78164006769657,-122.27751475548094,37.76728112752839,-122.25,37.75
Robert W. Crown SMCA,2014-10-14,17.950834684073925,-122.27751475548094,37.76728112752839,-122.25,37.75
Robert W. Crown SMCA,2014-10-15,17.966216012835503,-122.27751475548094,37.76728112752839,-122.25,37.75
Robert W. Crown SMCA,2014-10-16,18.01455733180046,-122.27751475548094,37.76728112752839,-122.25,37.75
Robert W. Crown SMCA,2014-10-17,17.94497513025999,-122.27751475548094,37.76728112752839,-122.25,37.75
Robert W. Crown SMCA,2014-10-18,17.684957429766655,-122.27751475548094,37.76728112752839,-122.25,37.75
Robert W. Crown SMCA,2014-10-19,17.726706750690937,-122.27751475548094,37.76728112752839,-122.25,37.75
Robert W. Crown SMCA,2014-10-20,17.78969695419073,-122.27751475548094,37.76728112752839,-122.25,37.75
Robert W. Crown SMCA,2014-10-21,17.69960631430149,-122.27751475548094,37.76728112752839,-122.25,37.75
Robert W. Crown SMCA,2014-10-22,17.65858943760395,-122.27751475548094,37.76728112752839,-122.25,37.75
Robert W. Crown SMCA,2014-10-23,17.739158302545547,-122.27751475548094,37.76728112752839,-122.25,37.75
Robert W. Crown SMCA,2014-10-24,17.799951173365116,-122.27751475548094,37.76728112752839,-122.25,37.75
Robert W. Crown SMCA,2014-10-25,17.532609030604362,-122.27751475548094,37.76728112752839,-122.25,37.75
Robert W. Crown SMCA,2014-10-26,17.326059758663177,-122.27751475548094,37.76728112752839,-122.25,37.75
Robert W. Crown SMCA,2014-10-27,17.079226054251194,-122.27751475548094,37.76728112752839,-122.25,37.75
Robert W. Crown SMCA,2014-10-28,16.89757988601923,-122.27751475548094,37.76728112752839,-122.25,37.75
Robert W. Crown SMCA,2014-10-29,16.903439439833164,-122.27751475548094,37.76728112752839,-122.25,37.75
Robert W. Crown SMCA,2014-10-30,17.058717615902424,-122.27751475548094,37.76728112752839,-122.25,37.75
Robert W. Crown SMCA,2014-10-31,17.22058779001236,-122.27751475548094,37.76728112752839,-122.25,37.75
Robert W. Crown SMCA,2014-11-01,16.951780758798122,-122.27751475548094,37.76728112752839,-122.25,37.75
Robert W. Crown SMCA,2014-11-02,16.433210246264935,-122.27751475548094,37.76728112752839,-122.25,37.75
Robert W. Crown SMCA,2014-11-03,16.134373001754284,-122.27751475548094,37.76728112752839,-122.25,37.75
Robert W. Crown SMCA,2014-11-04,16.05893124639988,-122.27751475548094,37.76728112752839,-122.25,37.75
Robert W. Crown SMCA,2014-11-05,16.174657434225082,-122.27751475548094,37.76728112752839,-122.25,37.75
Robert W. Crown SMCA,2014-11-06,16.387798704206944,-122.27751475548094,37.76728112752839,-122.25,37.75
Robert W. Crown SMCA,2014-11-07,16.387798704206944,-122.27751475548094,37.76728112752839,-122.25,37.75
Robert W. Crown SMCA,2014-11-08,16.168065436184406,-122.27751475548094,37.76728112752839,-122.25,37.75
Robert W. Crown SMCA,2014-11-09,16.105807676911354,-122.27751475548094,37.76728112752839,-122.25,37.75
Robert W. Crown SMCA,2014-11-10,15.962981052696705,-122.27751475548094,37.76728112752839,-122.25,37.75
Robert W. Crown SMCA,2014-11-11,15.97762993723154,-122.27751475548094,37.76728112752839,-122.25,37.75
Robert W. Crown SMCA,2014-11-12,16.082369461655617,-122.27751475548094,37.76728112752839,-122.25,37.75
Robert W. Crown SMCA,2014-11-13,16.024506367743015,-122.27751475548094,37.76728112752839,-122.25,37.75
Robert W. Crown SMCA,2014-11-14,15.938077948987484,-122.27751475548094,37.76728112752839,-122.25,37.75
Robert W. Crown SMCA,2014-11-15,15.87508774548769,-122.27751475548094,37.76728112752839,-122.25,37.75
Robert W. Crown SMCA,2014-11-16,15.763756223022938,-122.27751475548094,37.76728112752839,-122.25,37.75
Robert W. Crown SMCA,2014-11-17,15.812097541987896,-122.27751475548094,37.76728112752839,-122.25,37.75
Robert W. Crown SMCA,2014-11-18,15.779869996011257,-122.27751475548094,37.76728112752839,-122.25,37.75
Robert W. Crown SMCA,2014-11-19,15.354319900274277,-122.27751475548094,37.76728112752839,-122.25,37.75
Robert W. Crown SMCA,2014-11-20,15.124332413077354,-122.27751475548094,37.76728112752839,-122.25,37.75
Robert W. Crown SMCA,2014-11-21,15.076723538339138,-122.27751475548094,37.76728112752839,-122.25,37.75
Robert W. Crown SMCA,2014-11-22,14.969054237008095,-122.27751475548094,37.76728112752839,-122.25,37.75
Robert W. Crown SMCA,2014-11-23,14.628467671573162,-122.27751475548094,37.76728112752839,-122.25,37.75
Robert W. Crown SMCA,2014-11-24,14.458540610969067,-122.27751475548094,37.76728112752839,-122.25,37.75
Robert W. Crown SMCA,2014-11-25,14.56620991230011,-122.27751475548094,37.76728112752839,-122.25,37.75
Robert W. Crown SMCA,2014-11-26,14.797662287950516,-122.27751475548094,37.76728112752839,-122.25,37.75
Robert W. Crown SMCA,2014-11-27,14.900936923921108,-122.27751475548094,37.76728112752839,-122.25,37.75
Robert W. Crown SMCA,2014-11-28,14.878963597118855,-122.27751475548094,37.76728112752839,-122.25,37.75
Robert W. Crown SMCA,2014-11-29,14.802056953310966,-122.27751475548094,37.76728112752839,-122.25,37.75
Robert W. Crown SMCA,2014-11-30,14.825495168566704,-122.27751475548094,37.76728112752839,-122.25,37.75
Robert W. Crown SMCA,2014-12-01,14.7097689807415,-122.27751475548094,37.76728112752839,-122.25,37.75
Robert W. Crown SMCA,2014-12-02,14.629200115799904,-122.27751475548094,37.76728112752839,-122.25,37.75
Robert W. Crown SMCA,2014-12-03,14.547166362404823,-122.27751475548094,37.76728112752839,-122.25,37.75
Robert W. Crown SMCA,2014-12-04,14.598437458276749,-122.27751475548094,37.76728112752839,-122.25,37.75
Robert W. Crown SMCA,2014-12-05,14.665089882910252,-122.27751475548094,37.76728112752839,-122.25,37.75
Robert W. Crown SMCA,2014-12-06,14.682668544352055,-122.27751475548094,37.76728112752839,-122.25,37.75
Robert W. Crown SMCA,2014-12-07,14.796929843723774,-122.27751475548094,37.76728112752839,-122.25,37.75
Robert W. Crown SMCA,2014-12-08,14.7588427439332,-122.27751475548094,37.76728112752839,-122.25,37.75
Robert W. Crown SMCA,2014-12-09,14.847468495368958,-122.27751475548094,37.76728112752839,-122.25,37.75
Robert W. Crown SMCA,2014-12-10,14.907528921961784,-122.27751475548094,37.76728112752839,-122.25,37.75
Robert W. Crown SMCA,2014-12-11,14.900936923921108,-122.27751475548094,37.76728112752839,-122.25,37.75
Robert W. Crown SMCA,2014-12-12,14.881893374025822,-122.27751475548094,37.76728112752839,-122.25,37.75
Robert W. Crown SMCA,2014-12-13,14.74199652671814,-122.27751475548094,37.76728112752839,-122.25,37.75
Robert W. Crown SMCA,2014-12-14,14.777153849601746,-122.27751475548094,37.76728112752839,-122.25,37.75
Robert W. Crown SMCA,2014-12-15,14.592577904462814,-122.27751475548094,37.76728112752839,-122.25,37.75
Robert W. Crown SMCA,2014-12-16,14.506149485707283,-122.27751475548094,37.76728112752839,-122.25,37.75
Robert W. Crown SMCA,2014-12-17,14.236610010266304,-122.27751475548094,37.76728112752839,-122.25,37.75
Robert W. Crown SMCA,2014-12-18,14.098178051412106,-122.27751475548094,37.76728112752839,-122.25,37.75
Robert W. Crown SMCA,2014-12-19,14.109164714813232,-122.27751475548094,37.76728112752839,-122.25,37.75
Robert W. Crown SMCA,2014-12-20,14.092318497598171,-122.27751475548094,37.76728112752839,-122.25,37.75
Robert W. Crown SMCA,2014-12-21,14.076204724609852,-122.27751475548094,37.76728112752839,-122.25,37.75
Robert W. Crown SMCA,2014-12-22,14.184606470167637,-122.27751475548094,37.76728112752839,-122.25,37.75
Robert W. Crown SMCA,2014-12-23,14.234412677586079,-122.27751475548094,37.76728112752839,-122.25,37.75
Robert W. Crown SMCA,2014-12-24,14.27176733314991,-122.27751475548094,37.76728112752839,-122.25,37.75
Robert W. Crown SMCA,2014-12-25,13.869655452668667,-122.27751475548094,37.76728112752839,-122.25,37.75
Robert W. Crown SMCA,2014-12-26,13.334238722920418,-122.27751475548094,37.76728112752839,-122.25,37.75
Robert W. Crown SMCA,2014-12-27,13.06543169170618,-122.27751475548094,37.76728112752839,-122.25,37.75
Robert W. Crown SMCA,2014-12-28,13.170903660356998,-122.27751475548094,37.76728112752839,-122.25,37.75
Robert W. Crown SMCA,2014-12-29,13.030274368822575,-122.27751475548094,37.76728112752839,-122.25,37.75
Robert W. Crown SMCA,2014-12-30,12.600329607725143,-122.27751475548094,37.76728112752839,-122.25,37.75
Robert W. Crown SMCA,2014-12-31,11.996795564889908,-122.27751475548094,37.76728112752839,-122.25,37.75
Robert W. Crown SMCA,2015-01-01,11.591753907501698,-122.27751475548094,37.76728112752839,-122.25,37.75
Robert W. Crown SMCA,2015-01-02,11.69063387811184,-122.27751475548094,37.76728112752839,-122.25,37.75
Robert W. Crown SMCA,2015-01-03,11.911099590361118,-122.27751475548094,37.76728112752839,-122.25,37.75
Robert W. Crown SMCA,2015-01-04,12.14108707755804,-122.27751475548094,37.76728112752839,-122.25,37.75
Robert W. Crown SMCA,2015-01-05,12.302957251667976,-122.27751475548094,37.76728112752839,-122.25,37.75
Robert W. Crown SMCA,2015-01-06,12.466292314231396,-122.27751475548094,37.76728112752839,-122.25,37.75
Robert W. Crown SMCA,2015-01-07,12.601794496178627,-122.27751475548094,37.76728112752839,-122.25,37.75
Robert W. Crown SMCA,2015-01-08,12.68089847266674,-122.27751475548094,37.76728112752839,-122.25,37.75
Robert W. Crown SMCA,2015-01-09,12.735831789672375,-122.27751475548094,37.76728112752839,-122.25,37.75
Robert W. Crown SMCA,2015-01-10,12.828852206468582,-122.27751475548094,37.76728112752839,-122.25,37.75
Robert W. Crown SMCA,2015-01-11,12.747550897300243,-122.27751475548094,37.76728112752839,-122.25,37.75
Robert W. Crown SMCA,2015-01-12,12.663319811224937,-122.27751475548094,37.76728112752839,-122.25,37.75
Robert W. Crown SMCA,2015-01-13,12.66844692081213,-122.27751475548094,37.76728112752839,-122.25,37.75
Robert W. Crown SMCA,2015-01-14,12.825189985334873,-122.27751475548094,37.76728112752839,-122.25,37.75
Robert W. Crown SMCA,2015-01-15,12.93871884047985,-122.27751475548094,37.76728112752839,-122.25,37.75
Robert W. Crown SMCA,2015-01-16,12.843501091003418,-122.27751475548094,37.76728112752839,-122.25,37.75
Robert W. Crown SMCA,2015-01-17,12.954100169241428,-122.27751475548094,37.76728112752839,-122.25,37.75
Robert W. Crown SMCA,2015-01-18,12.987060159444809,-122.27751475548094,37.76728112752839,-122.25,37.75
Robert W. Crown SMCA,2015-01-19,13.039796143770218,-122.27751475548094,37.76728112752839,-122.25,37.75
Robert W. Crown SMCA,2015-01-20,13.045655697584152,-122.27751475548094,37.76728112752839,-122.25,37.75
Robert W. Crown SMCA,2015-01-21,12.72191534936428,-122.27751475548094,37.76728112752839,-122.25,37.75
Robert W. Crown SMCA,2015-01-22,12.869869083166122,-122.27751475548094,37.76728112752839,-122.25,37.75
Robert W. Crown SMCA,2015-01-23,13.189947210252285,-122.27751475548094,37.76728112752839,-122.25,37.75
Robert W. Crown SMCA,2015-01-24,13.436048470437527,-122.27751475548094,37.76728112752839,-122.25,37.75
Robert W. Crown SMCA,2015-01-25,13.706320390105247,-122.27751475548094,37.76728112752839,-122.25,37.75
Robert W. Crown SMCA,2015-01-26,13.945829652249813,-122.27751475548094,37.76728112752839,-122.25,37.75
Robert W. Crown SMCA,2015-01-27,14.025666072964668,-122.27751475548094,37.76728112752839,-122.25,37.75
Robert W. Crown SMCA,2015-01-28,14.094515830278397,-122.27751475548094,37.76728112752839,-122.25,37.75
Robert W. Crown SMCA,2015-01-29,14.150914035737514,-122.27751475548094,37.76728112752839,-122.25,37.75
Robert W. Crown SMCA,2015-01-30,14.107699826359749,-122.27751475548094,37.76728112752839,-122.25,37.75
Robert W. Crown SMCA,2015-01-31,13.75246437638998,-122.27751475548094,37.76728112752839,-122.25,37.75
Robert W. Crown SMCA,2015-02-01,13.786889255046844,-122.27751475548094,37.76728112752839,-122.25,37.75
Robert W. Crown SMCA,2015-02-02,13.946562096476555,-122.27751475548094,37.76728112752839,-122.25,37.75
Robert W. Crown SMCA,2015-02-03,14.220496237277985,-122.27751475548094,37.76728112752839,-122.25,37.75
Robert W. Crown SMCA,2015-02-04,14.389690853655338,-122.27751475548094,37.76728112752839,-122.25,37.75
Robert W. Crown SMCA,2015-02-05,14.138462483882904,-122.27751475548094,37.76728112752839,-122.25,37.75
Robert W. Crown SMCA,2015-02-06,13.852076791226864,-122.27751475548094,37.76728112752839,-122.25,37.75
Robert W. Crown SMCA,2015-02-07,13.890896335244179,-122.27751475548094,37.76728112752839,-122.25,37.75
Robert W. Crown SMCA,2015-02-08,14.009552299976349,-122.27751475548094,37.76728112752839,-122.25,37.75
Robert W. Crown SMCA,2015-02-09,13.998565636575222,-122.27751475548094,37.76728112752839,-122.25,37.75
Robert W. Crown SMCA,2015-02-10,14.013214521110058,-122.27751475548094,37.76728112752839,-122.25,37.75
Robert W. Crown SMCA,2015-02-11,13.996368303894997,-122.27751475548094,37.76728112752839,-122.25,37.75
Robert W. Crown SMCA,2015-02-12,14.213171795010567,-122.27751475548094,37.76728112752839,-122.25,37.75
Robert W. Crown SMCA,2015-02-13,14.648976109921932,-122.27751475548094,37.76728112752839,-122.25,37.75
Robert W. Crown SMCA,2015-02-14,14.904599145054817,-122.27751475548094,37.76728112752839,-122.25,37.75
Robert W. Crown SMCA,2015-02-15,15.094302199780941,-122.27751475548094,37.76728112752839,-122.25,37.75
Robert W. Crown SMCA,2015-02-16,15.397534109652042,-122.27751475548094,37.76728112752839,-122.25,37.75
Robert W. Crown SMCA,2015-02-17,15.620929598808289,-122.27751475548094,37.76728112752839,-122.25,37.75
Robert W. Crown SMCA,2015-02-18,15.695638909935951,-122.27751475548094,37.76728112752839,-122.25,37.75
Robert W. Crown SMCA,2015-02-19,15.590166941285133,-122.27751475548094,37.76728112752839,-122.25,37.75
Robert W. Crown SMCA,2015-02-20,15.129459522664547,-122.27751475548094,37.76728112752839,-122.25,37.75
Robert W. Crown SMCA,2015-02-21,15.078920871019363,-122.27751475548094,37.76728112752839,-122.25,37.75
Robert W. Crown SMCA,2015-02-22,15.17999817430973,-122.27751475548094,37.76728112752839,-122.25,37.75
Robert W. Crown SMCA,2015-02-23,14.955870240926743,-122.27751475548094,37.76728112752839,-122.25,37.75
Robert W. Crown SMCA,2015-02-24,14.896542258560658,-122.27751475548094,37.76728112752839,-122.25,37.75
Robert W. Crown SMCA,2015-02-25,14.822565391659737,-122.27751475548094,37.76728112752839,-122.25,37.75
Robert W. Crown SMCA,2015-02-26,14.711233869194984,-122.27751475548094,37.76728112752839,-122.25,37.75
Robert W. Crown SMCA,2015-02-27,14.596972569823265,-122.27751475548094,37.76728112752839,-122.25,37.75
Robert W. Crown SMCA,2015-02-28,14.434369951486588,-122.27751475548094,37.76728112752839,-122.25,37.75
Robert W. Crown SMCA,2015-03-01,14.381633967161179,-122.27751475548094,37.76728112752839,-122.25,37.75
Robert W. Crown SMCA,2015-03-02,14.43949706107378,-122.27751475548094,37.76728112752839,-122.25,37.75
Robert W. Crown SMCA,2015-03-03,14.14871670305729,-122.27751475548094,37.76728112752839,-122.25,37.75
Robert W. Crown SMCA,2015-03-04,14.072542503476143,-122.27751475548094,37.76728112752839,-122.25,37.75
Robert W. Crown SMCA,2015-03-05,14.426313064992428,-122.27751475548094,37.76728112752839,-122.25,37.75
Robert W. Crown SMCA,2015-03-06,14.99176000803709,-122.27751475548094,37.76728112752839,-122.25,37.75
Robert W. Crown SMCA,2015-03-07,15.239326156675816,-122.27751475548094,37.76728112752839,-122.25,37.75
Robert W. Crown SMCA,2015-03-08,15.260567039251328,-122.27751475548094,37.76728112752839,-122.25,37.75
Robert W. Crown SMCA,2015-03-09,14.960997350513935,-122.27751475548094,37.76728112752839,-122.25,37.75
Robert W. Crown SMCA,2015-03-10,15.150700405240059,-122.27751475548094,37.76728112752839,-122.25,37.75
Robert W. Crown SMCA,2015-03-11,15.357982121407986,-122.27751475548094,37.76728112752839,-122.25,37.75
Robert W. Crown SMCA,2015-03-12,15.486159861087799,-122.27751475548094,37.76728112752839,-122.25,37.75
Robert W. Crown SMCA,2015-03-13,15.664143808186054,-122.27751475548094,37.76728112752839,-122.25,37.75
Robert W. Crown SMCA,2015-03-14,15.886806853115559,-122.27751475548094,37.76728112752839,-122.25,37.75
Robert W. Crown SMCA,2015-03-15,16.032563254237175,-122.27751475548094,37.76728112752839,-122.25,37.75
Robert W. Crown SMCA,2015-03-16,16.045014806091785,-122.27751475548094,37.76728112752839,-122.25,37.75
Robert W. Crown SMCA,2015-03-17,16.125583671033382,-122.27751475548094,37.76728112752839,-122.25,37.75
Robert W. Crown SMCA,2015-03-18,15.722739346325397,-122.27751475548094,37.76728112752839,-122.25,37.75
Robert W. Crown SMCA,2015-03-19,15.415112771093845,-122.27751475548094,37.76728112752839,-122.25,37.75
Robert W. Crown SMCA,2015-03-20,15.377758115530014,-122.27751475548094,37.76728112752839,-122.25,37.75
Robert W. Crown SMCA,2015-03-21,15.500808745622635,-122.27751475548094,37.76728112752839,-122.25,37.75
Robert W. Crown SMCA,2015-03-22,15.680990025401115,-122.27751475548094,37.76728112752839,-122.25,37.75
Robert W. Crown SMCA,2015-03-23,15.583574943244457,-122.27751475548094,37.76728112752839,-122.25,37.75
Robert W. Crown SMCA,2015-03-24,15.246650598943233,-122.27751475548094,37.76728112752839,-122.25,37.75
Robert W. Crown SMCA,2015-03-25,15.095767088234425,-122.27751475548094,37.76728112752839,-122.25,37.75
Robert W. Crown SMCA,2015-03-26,15.047425769269466,-122.27751475548094,37.76728112752839,-122.25,37.75
Robert W. Crown SMCA,2015-03-27,15.158024847507477,-122.27751475548094,37.76728112752839,-122.25,37.75
Robert W. Crown SMCA,2015-03-28,14.971984013915062,-122.27751475548094,37.76728112752839,-122.25,37.75
Robert W. Crown SMCA,2015-03-29,14.767632074654102,-122.27751475548094,37.76728112752839,-122.25,37.75
Robert W. Crown SMCA,2015-03-30,14.666554771363735,-122.27751475548094,37.76728112752839,-122.25,37.75
Robert W. Crown SMCA,2015-03-31,14.59111301600933,-122.27751475548094,37.76728112752839,-122.25,37.75
Robert W. Crown SMCA,2015-04-01,14.285683773458004,-122.27751475548094,37.76728112752839,-122.25,37.75
Robert W. Crown SMCA,2015-04-02,13.778832368552685,-122.27751475548094,37.76728112752839,-122.25,37.75
Robert W. Crown SMCA,2015-04-03,13.386242263019085,-122.27751475548094,37.76728112752839,-122.25,37.75
Robert W. Crown SMCA,2015-04-04,13.181890323758125,-122.27751475548094,37.76728112752839,-122.25,37.75
Robert W. Crown SMCA,2015-04-05,13.06543169170618,-122.27751475548094,37.76728112752839,-122.25,37.75
Robert W. Crown SMCA,2015-04-06,12.988525047898293,-122.27751475548094,37.76728112752839,-122.25,37.75
Robert W. Crown SMCA,2015-04-07,12.905026406049728,-122.27751475548094,37.76728112752839,-122.25,37.75
Robert W. Crown SMCA,2015-04-08,12.781975775957108,-122.27751475548094,37.76728112752839,-122.25,37.75
Robert W. Crown SMCA,2015-04-09,12.982665494084358,-122.27751475548094,37.76728112752839,-122.25,37.75
Robert W. Crown SMCA,2015-04-10,13.420667141675949,-122.27751475548094,37.76728112752839,-122.25,37.75
Robert W. Crown SMCA,2015-04-11,13.732688382267952,-122.27751475548094,37.76728112752839,-122.25,37.75
Robert W. Crown SMCA,2015-04-12,13.438245803117752,-122.27751475548094,37.76728112752839,-122.25,37.75
Robert W. Crown SMCA,2015-04-13,13.34302805364132,-122.27751475548094,37.76728112752839,-122.25,37.75
Robert W. Crown SMCA,2015-04-14,13.327646724879742,-122.27751475548094,37.76728112752839,-122.25,37.75
Robert W. Crown SMCA,2015-04-15,13.054445028305054,-122.27751475548094,37.76728112752839,-122.25,37.75
Robert W. Crown SMCA,2015-04-16,12.956297501921654,-122.27751475548094,37.76728112752839,-122.25,37.75
Robert W. Crown SMCA,2015-04-17,13.203131206333637,-122.27751475548094,37.76728112752839,-122.25,37.75
Robert W. Crown SMCA,2015-04-18,13.408215589821339,-122.27751475548094,37.76728112752839,-122.25,37.75
Robert W. Crown SMCA,2015-04-19,13.638203077018261,-122.27751475548094,37.76728112752839,-122.25,37.75
Robert W. Crown SMCA,2015-04-20,13.99783319234848,-122.27751475548094,37.76728112752839,-122.25,37.75
Robert W. Crown SMCA,2015-04-21,14.234412677586079,-122.27751475548094,37.76728112752839,-122.25,37.75
Robert W. Crown SMCA,2015-04-22,14.068147838115692,-122.27751475548094,37.76728112752839,-122.25,37.75
Robert W. Crown SMCA,2015-04-23,13.994170971214771,-122.27751475548094,37.76728112752839,-122.25,37.75
Robert W. Crown SMCA,2015-04-24,13.94436476379633,-122.27751475548094,37.76728112752839,-122.25,37.75
Robert W. Crown SMCA,2015-04-25,14.068147838115692,-122.27751475548094,37.76728112752839,-122.25,37.75
Robert W. Crown SMCA,2015-04-26,14.066682949662209,-122.27751475548094,37.76728112752839,-122.25,37.75
Robert W. Crown SMCA,2015-04-27,14.109164714813232,-122.27751475548094,37.76728112752839,-122.25,37.75
Robert W. Crown SMCA,2015-04-28,14.305459767580032,-122.27751475548094,37.76728112752839,-122.25,37.75
Robert W. Crown SMCA,2015-04-29,14.358928196132183,-122.27751475548094,37.76728112752839,-122.25,37.75
Robert W. Crown SMCA,2015-04-30,14.309854432940483,-122.27751475548094,37.76728112752839,-122.25,37.75
Robert W. Crown SMCA,2015-05-01,14.43949706107378,-122.27751475548094,37.76728112752839,-122.25,37.75
Robert W. Crown SMCA,2015-05-02,14.702444538474083,-122.27751475548094,37.76728112752839,-122.25,37.75
Robert W. Crown SMCA,2015-05-03,14.88555559515953,-122.27751475548094,37.76728112752839,-122.25,37.75
Robert W. Crown SMCA,2015-05-04,14.95074313133955,-122.27751475548094,37.76728112752839,-122.25,37.75
Robert W. Crown SMCA,2015-05-05,14.691457875072956,-122.27751475548094,37.76728112752839,-122.25,37.75
Robert W. Crown SMCA,2015-05-06,14.528855256736279,-122.27751475548094,37.76728112752839,-122.25,37.75
Robert W. Crown SMCA,2015-05-07,14.314249098300934,-122.27751475548094,37.76728112752839,-122.25,37.75
Robert W. Crown SMCA,2015-05-08,14.213904239237309,-122.27751475548094,37.76728112752839,-122.25,37.75
Robert W. Crown SMCA,2015-05-09,14.303262434899807,-122.27751475548094,37.76728112752839,-122.25,37.75
Robert W. Crown SMCA,2015-05-10,14.408734403550625,-122.27751475548094,37.76728112752839,-122.25,37.75
Robert W. Crown SMCA,2015-05-11,14.383098855614662,-122.27751475548094,37.76728112752839,-122.25,37.75
Robert W. Crown SMCA,2015-05-12,14.262978002429008,-122.27751475548094,37.76728112752839,-122.25,37.75
Robert W. Crown SMCA,2015-05-13,14.227820679545403,-122.27751475548094,37.76728112752839,-122.25,37.75
Robert W. Crown SMCA,2015-05-14,14.575731687247753,-122.27751475548094,37.76728112752839,-122.25,37.75
Robert W. Crown SMCA,2015-05-15,14.996154673397541,-122.27751475548094,37.76728112752839,-122.25,37.75
Robert W. Crown SMCA,2015-05-16,14.725150309503078,-122.27751475548094,37.76728112752839,-122.25,37.75
Robert W. Crown SMCA,2015-05-17,14.457808166742325,-122.27751475548094,37.76728112752839,-122.25,37.75
Robert W. Crown SMCA,2015-05-18,14.484908603131771,-122.27751475548094,37.76728112752839,-122.25,37.75
Robert W. Crown SMCA,2015-05-19,14.518601037561893,-122.27751475548094,37.76728112752839,-122.25,37.75
Robert W. Crown SMCA,2015-05-20,14.549363695085049,-122.27751475548094,37.76728112752839,-122.25,37.75
Robert W. Crown SMCA,2015-05-21,14.648976109921932,-122.27751475548094,37.76728112752839,-122.25,37.75
Robert W. Crown SMCA,2015-05-22,14.837946720421314,-122.27751475548094,37.76728112752839,-122.25,37.75
Robert W. Crown SMCA,2015-05-23,14.928769804537296,-122.27751475548094,37.76728112752839,-122.25,37.75
Robert W. Crown SMCA,2015-05-24,14.939024023711681,-122.27751475548094,37.76728112752839,-122.25,37.75
Robert W. Crown SMCA,2015-05-25,14.955870240926743,-122.27751475548094,37.76728112752839,-122.25,37.75
Robert W. Crown SMCA,2015-05-26,15.051820434629917,-122.27751475548094,37.76728112752839,-122.25,37.75
Robert W. Crown SMCA,2015-05-27,15.185857728123665,-122.27751475548094,37.76728112752839,-122.25,37.75
Robert W. Crown SMCA,2015-05-28,15.25324259698391,-122.27751475548094,37.76728112752839,-122.25,37.75
Robert W. Crown SMCA,2015-05-29,15.31916257739067,-122.27751475548094,37.76728112752839,-122.25,37.75
Robert W. Crown SMCA,2015-05-30,15.412182994186878,-122.27751475548094,37.76728112752839,-122.25,37.75
Robert W. Crown SMCA,2015-05-31,15.672200694680214,-122.27751475548094,37.76728112752839,-122.25,37.75
Robert W. Crown SMCA,2015-06-01,16.060396134853363,-122.27751475548094,37.76728112752839,-122.25,37.75
Robert W. Crown SMCA,2015-06-02,16.31748405843973,-122.27751475548094,37.76728112752839,-122.25,37.75
Robert W. Crown SMCA,2015-06-03,16.09994812309742,-122.27751475548094,37.76728112752839,-122.25,37.75
Robert W. Crown SMCA,2015-06-04,15.880214855074883,-122.27751475548094,37.76728112752839,-122.25,37.75
Robert W. Crown SMCA,2015-06-05,15.800378434360027,-122.27751475548094,37.76728112752839,-122.25,37.75
Robert W. Crown SMCA,2015-06-06,15.938810393214226,-122.27751475548094,37.76728112752839,-122.25,37.75
Robert W. Crown SMCA,2015-06-07,16.302102729678154,-122.27751475548094,37.76728112752839,-122.25,37.75
Robert W. Crown SMCA,2015-06-08,16.67638172954321,-122.27751475548094,37.76728112752839,-122.25,37.75
Robert W. Crown SMCA,2015-06-09,17.05359050631523,-122.27751475548094,37.76728112752839,-122.25,37.75
Robert W. Crown SMCA,2015-06-10,17.309945985674858,-122.27751475548094,37.76728112752839,-122.25,37.75
Robert W. Crown SMCA,2015-06-11,17.42127750813961,-122.27751475548094,37.76728112752839,-122.25,37.75
Robert W. Crown SMCA,2015-06-12,17.359019748866558,-122.27751475548094,37.76728112752839,-122.25,37.75
Robert W. Crown SMCA,2015-06-13,17.2703939974308,-122.27751475548094,37.76728112752839,-122.25,37.75
Robert W. Crown SMCA,2015-06-14,17.250618003308773,-122.27751475548094,37.76728112752839,-122.25,37.75
Robert W. Crown SMCA,2015-06-15,17.227179788053036,-122.27751475548094,37.76728112752839,-122.25,37.75
Robert W. Crown SMCA,2015-06-16,17.104861602187157,-122.27751475548094,37.76728112752839,-122.25,37.75
Robert W. Crown SMCA,2015-06-17,17.023560293018818,-122.27751475548094,37.76728112752839,-122.25,37.75
Robert W. Crown SMCA,2015-06-18,16.9583727568388,-122.27751475548094,37.76728112752839,-122.25,37.75
Robert W. Crown SMCA,2015-06-19,16.907101660966873,-122.27751475548094,37.76728112752839,-122.25,37.75
Robert W. Crown SMCA,2015-06-20,16.882198557257652,-122.27751475548094,37.76728112752839,-122.25,37.75
Robert W. Crown SMCA,2015-06-21,16.959837645292282,-122.27751475548094,37.76728112752839,-122.25,37.75
Robert W. Crown SMCA,2015-06-22,16.99133274704218,-122.27751475548094,37.76728112752839,-122.25,37.75
Robert W. Crown SMCA,2015-06-23,16.982543416321278,-122.27751475548094,37.76728112752839,-122.25,37.75
Robert W. Crown SMCA,2015-06-24,16.97082430869341,-122.27751475548094,37.76728112752839,-122.25,37.75
Robert W. Crown SMCA,2015-06-25,17.038209177553654,-122.27751475548094,37.76728112752839,-122.25,37.75
Robert W. Crown SMCA,2015-06-26,17.24915311485529,-122.27751475548094,37.76728112752839,-122.25,37.75
Robert W. Crown SMCA,2015-06-27,17.68349254131317,-122.27751475548094,37.76728112752839,-122.25,37.75
Robert W. Crown SMCA,2015-06-28,18.22257149219513,-122.27751475548094,37.76728112752839,-122.25,37.75
Robert W. Crown SMCA,2015-06-29,18.39396344125271,-122.27751475548094,37.76728112752839,-122.25,37.75
Robert W. Crown SMCA,2015-06-30,18.09659108519554,-122.27751475548094,37.76728112752839,-122.25,37.75
Robert W. Crown SMCA,2015-07-01,18.09219641983509,-122.27751475548094,37.76728112752839,-122.25,37.75
Robert W. Crown SMCA,2015-07-02,18.48112430423498,-122.27751475548094,37.76728112752839,-122.25,37.75
Robert W. Crown SMCA,2015-07-03,18.912533953785896,-122.27751475548094,37.76728112752839,-122.25,37.75
Robert W. Crown SMCA,2015-07-04,19.16815698891878,-122.27751475548094,37.76728112752839,-122.25,37.75
Robert W. Crown SMCA,2015-07-05,19.346140936017036,-122.27751475548094,37.76728112752839,-122.25,37.75
Robert W. Crown SMCA,2015-07-06,19.513138219714165,-122.27751475548094,37.76728112752839,-122.25,37.75
Robert W. Crown SMCA,2015-07-07,19.685995057225227,-122.27751475548094,37.76728112752839,-122.25,37.75
Robert W. Crown SMCA,2015-07-08,19.74385815113783,-122.27751475548094,37.76728112752839,-122.25,37.75
Robert W. Crown SMCA,2015-07-09,19.571733757853508,-122.27751475548094,37.76728112752839,-122.25,37.75
Robert W. Crown SMCA,2015-07-10,19.669148840010166,-122.27751475548094,37.76728112752839,-122.25,37.75
Robert W. Crown SMCA,2015-07-11,19.964323863387108,-122.27751475548094,37.76728112752839,-122.25,37.75
Robert W. Crown SMCA,2015-07-12,20.148167364299297,-122.27751475548094,37.76728112752839,-122.25,37.75
Robert W. Crown SMCA,2015-07-13,20.20310068130493,-122.27751475548094,37.76728112752839,-122.25,37.75
Robert W. Crown SMCA,2015-07-14,19.643513292074203,-122.27751475548094,37.76728112752839,-122.25,37.75
Robert W. Crown SMCA,2015-07-15,19.360789820551872,-122.27751475548094,37.76728112752839,-122.25,37.75
Robert W. Crown SMCA,2015-07-16,19.279488511383533,-122.27751475548094,37.76728112752839,-122.25,37.75
Robert W. Crown SMCA,2015-07-17,19.338084049522877,-122.27751475548094,37.76728112752839,-122.25,37.75
Robert W. Crown SMCA,2015-07-18,19.685262612998486,-122.27751475548094,37.76728112752839,-122.25,37.75
Robert W. Crown SMCA,2015-07-19,20.101290933787823,-122.27751475548094,37.76728112752839,-122.25,37.75
Robert W. Crown SMCA,2015-07-20,20.265358440577984,-122.27751475548094,37.76728112752839,-122.25,37.75
Robert W. Crown SMCA,2015-07-21,20.43089083582163,-122.27751475548094,37.76728112752839,-122.25,37.75
Robert W. Crown SMCA,2015-07-22,20.11593981832266,-122.27751475548094,37.76728112752839,-122.25,37.75
Robert W. Crown SMCA,2015-07-23,19.848597675561905,-122.27751475548094,37.76728112752839,-122.25,37.75
Robert W. Crown SMCA,2015-07-24,19.794396802783012,-122.27751475548094,37.76728112752839,-122.25,37.75
Robert W. Crown SMCA,2015-07-25,19.787072360515594,-122.27751475548094,37.76728112752839,-122.25,37.75
Robert W. Crown SMCA,2015-07-26,19.696981720626354,-122.27751475548094,37.76728112752839,-122.25,37.75
Robert W. Crown SMCA,2015-07-27,19.562211982905865,-122.27751475548094,37.76728112752839,-122.25,37.75
Robert W. Crown SMCA,2015-07-28,19.44209112972021,-122.27751475548094,37.76728112752839,-122.25,37.75
Robert W. Crown SMCA,2015-07-29,19.53584399074316,-122.27751475548094,37.76728112752839,-122.25,37.75
Robert W. Crown SMCA,2015-07-30,19.966521196067333,-122.27751475548094,37.76728112752839,-122.25,37.75
Robert W. Crown SMCA,2015-07-31,20.5004730373621,-122.27751475548094,37.76728112752839,-122.25,37.75
Robert W. Crown SMCA,2015-08-01,20.659413434565067,-122.27751475548094,37.76728112752839,-122.25,37.75
Robert W. Crown SMCA,2015-08-02,20.649891659617424,-122.27751475548094,37.76728112752839,-122.25,37.75
Robert W. Crown SMCA,2015-08-03,20.474105045199394,-122.27751475548094,37.76728112752839,-122.25,37.75
Robert W. Crown SMCA,2015-08-04,20.197241127490997,-122.27751475548094,37.76728112752839,-122.25,37.75
Robert W. Crown SMCA,2015-08-05,20.134983368217945,-122.27751475548094,37.76728112752839,-122.25,37.75
Robert W. Crown SMCA,2015-08-06,20.064668722450733,-122.27751475548094,37.76728112752839,-122.25,37.75
Robert W. Crown SMCA,2015-08-07,20.028046511113644,-122.27751475548094,37.76728112752839,-122.25,37.75
Robert W. Crown SMCA,2015-08-08,20.00680562853813,-122.27751475548094,37.76728112752839,-122.25,37.75
Robert W. Crown SMCA,2015-08-09,19.96578875184059,-122.27751475548094,37.76728112752839,-122.25,37.75
Robert W. Crown SMCA,2015-08-10,19.954069644212723,-122.27751475548094,37.76728112752839,-122.25,37.75
Robert W. Crown SMCA,2015-08-11,19.950407423079014,-122.27751475548094,37.76728112752839,-122.25,37.75
Robert W. Crown SMCA,2015-08-12,20.089571826159954,-122.27751475548094,37.76728112752839,-122.25,37.75
Robert W. Crown SMCA,2015-08-13,20.441145054996014,-122.27751475548094,37.76728112752839,-122.25,37.75
Robert W. Crown SMCA,2015-08-14,20.57884456962347,-122.27751475548094,37.76728112752839,-122.25,37.75
Robert W. Crown SMCA,2015-08-15,20.25217444449663,-122.27751475548094,37.76728112752839,-122.25,37.75
Robert W. Crown SMCA,2015-08-16,20.158421583473682,-122.27751475548094,37.76728112752839,-122.25,37.75
Robert W. Crown SMCA,2015-08-17,20.145970031619072,-122.27751475548094,37.76728112752839,-122.25,37.75
Robert W. Crown SMCA,2015-08-18,20.203833125531673,-122.27751475548094,37.76728112752839,-122.25,37.75
Robert W. Crown SMCA,2015-08-19,20.45213171839714,-122.27751475548094,37.76728112752839,-122.25,37.75
Robert W. Crown SMCA,2015-08-20,20.600817896425724,-122.27751475548094,37.76728112752839,-122.25,37.75
Robert W. Crown SMCA,2015-08-21,20.213354900479317,-122.27751475548094,37.76728112752839,-122.25,37.75
Robert W. Crown SMCA,2015-08-22,20.061738945543766,-122.27751475548094,37.76728112752839,-122.25,37.75
Robert W. Crown SMCA,2015-08-23,20.10055848956108,-122.27751475548094,37.76728112752839,-122.25,37.75
Robert W. Crown SMCA,2015-08-24,20.090304270386696,-122.27751475548094,37.76728112752839,-122.25,37.75
Robert W. Crown SMCA,2015-08-25,19.95333719998598,-122.27751475548094,37.76728112752839,-122.25,37.75
Robert W. Crown SMCA,2015-08-26,19.901333659887314,-122.27751475548094,37.76728112752839,-122.25,37.75
Robert W. Crown SMCA,2015-08-27,19.872035890817642,-122.27751475548094,37.76728112752839,-122.25,37.75
Robert W. Crown SMCA,2015-08-28,19.89913632720709,-122.27751475548094,37.76728112752839,-122.25,37.75
Robert W. Crown SMCA,2015-08-29,20.103488266468048,-122.27751475548094,37.76728112752839,-122.25,37.75
Robert W. Crown SMCA,2015-08-30,20.35398419201374,-122.27751475548094,37.76728112752839,-122.25,37.75
Robert W. Crown SMCA,2015-08-31,20.018524736166,-122.27751475548094,37.76728112752839,-122.25,37.75
Robert W. Crown SMCA,2015-09-01,19.766563922166824,-122.27751475548094,37.76728112752839,-122.25,37.75
Robert W. Crown SMCA,2015-09-02,19.628864407539368,-122.27751475548094,37.76728112752839,-122.25,37.75
Robert W. Crown SMCA,2015-09-03,19.4699240103364,-122.27751475548094,37.76728112752839,-122.25,37.75
Robert W. Crown SMCA,2015-09-04,19.172551654279232,-122.27751475548094,37.76728112752839,-122.25,37.75
Robert W. Crown SMCA,2015-09-05,18.793145544826984,-122.27751475548094,37.76728112752839,-122.25,37.75
Robert W. Crown SMCA,2015-09-06,18.478926971554756,-122.27751475548094,37.76728112752839,-122.25,37.75
Robert W. Crown SMCA,2015-09-07,18.343424789607525,-122.27751475548094,37.76728112752839,-122.25,37.75
Robert W. Crown SMCA,2015-09-08,18.306802578270435,-122.27751475548094,37.76728112752839,-122.25,37.75
Robert W. Crown SMCA,2015-09-09,18.383709222078323,-122.27751475548094,37.76728112752839,-122.25,37.75
Robert W. Crown SMCA,2015-09-10,18.52140873670578,-122.27751475548094,37.76728112752839,-122.25,37.75
Robert W. Crown SMCA,2015-09-11,18.686941131949425,-122.27751475548094,37.76728112752839,-122.25,37.75
Robert W. Crown SMCA,2015-09-12,18.585131384432316,-122.27751475548094,37.76728112752839,-122.25,37.75
Robert W. Crown SMCA,2015-09-13,18.400555439293385,-122.27751475548094,37.76728112752839,-122.25,37.75
Robert W. Crown SMCA,2015-09-14,18.433515429496765,-122.27751475548094,37.76728112752839,-122.25,37.75
Robert W. Crown SMCA,2015-09-15,18.498702965676785,-122.27751475548094,37.76728112752839,-122.25,37.75
Robert W. Crown SMCA,2015-09-16,18.31339457631111,-122.27751475548094,37.76728112752839,-122.25,37.75
Robert W. Crown SMCA,2015-09-17,18.306070134043694,-122.27751475548094,37.76728112752839,-122.25,37.75
Robert W. Crown SMCA,2015-09-18,18.1537217348814,-122.27751475548094,37.76728112752839,-122.25,37.75
Robert W. Crown SMCA,2015-09-19,17.775048069655895,-122.27751475548094,37.76728112752839,-122.25,37.75
Robert W. Crown SMCA,2015-09-20,17.71572008728981,-122.27751475548094,37.76728112752839,-122.25,37.75
Robert W. Crown SMCA,2015-09-21,17.770653404295444,-122.27751475548094,37.76728112752839,-122.25,37.75
Robert W. Crown SMCA,2015-09-22,17.728904083371162,-122.27751475548094,37.76728112752839,-122.25,37.75
Robert W. Crown SMCA,2015-09-23,17.58095034956932,-122.27751475548094,37.76728112752839,-122.25,37.75
Robert W. Crown SMCA,2015-09-24,17.537003695964813,-122.27751475548094,37.76728112752839,-122.25,37.75
Robert W. Crown SMCA,2015-09-25,17.594866789877415,-122.27751475548094,37.76728112752839,-122.25,37.75
Robert W. Crown SMCA,2015-09-26,17.607318341732025,-122.27751475548094,37.76728112752839,-122.25,37.75
Robert W. Crown SMCA,2015-09-27,17.528946809470654,-122.27751475548094,37.76728112752839,-122.25,37.75
Robert W. Crown SMCA,2015-09-28,17.456434831023216,-122.27751475548094,37.76728112752839,-122.25,37.75
Robert W. Crown SMCA,2015-09-29,17.578753016889095,-122.27751475548094,37.76728112752839,-122.25,37.75
Robert W. Crown SMCA,2015-09-30,17.720847196877003,-122.27751475548094,37.76728112752839,-122.25,37.75
Robert W. Crown SMCA,2015-10-01,17.841700494289398,-122.27751475548094,37.76728112752839,-122.25,37.75
Robert W. Crown SMCA,2015-10-02,17.79335917532444,-122.27751475548094,37.76728112752839,-122.25,37.75
Robert W. Crown SMCA,2015-10-03,17.28650777041912,-122.27751475548094,37.76728112752839,-122.25,37.75
Robert W. Crown SMCA,2015-10-04,16.967894531786442,-122.27751475548094,37.76728112752839,-122.25,37.75
Robert W. Crown SMCA,2015-10-05,17.111453600227833,-122.27751475548094,37.76728112752839,-122.25,37.75
Robert W. Crown SMCA,2015-10-06,17.413953065872192,-122.27751475548094,37.76728112752839,-122.25,37.75
Robert W. Crown SMCA,2015-10-07,17.533341474831104,-122.27751475548094,37.76728112752839,-122.25,37.75
Robert W. Crown SMCA,2015-10-08,17.606585897505283,-122.27751475548094,37.76728112752839,-122.25,37.75
Robert W. Crown SMCA,2015-10-09,17.710592977702618,-122.27751475548094,37.76728112752839,-122.25,37.75
Robert W. Crown SMCA,2015-10-10,17.758934296667576,-122.27751475548094,37.76728112752839,-122.25,37.75
Robert W. Crown SMCA,2015-10-11,17.725974306464195,-122.27751475548094,37.76728112752839,-122.25,37.75
Robert W. Crown SMCA,2015-10-12,17.50331126153469,-122.27751475548094,37.76728112752839,-122.25,37.75
Robert W. Crown SMCA,2015-10-13,17.501113928854465,-122.27751475548094,37.76728112752839,-122.25,37.75
Robert W. Crown SMCA,2015-10-14,17.755272075533867,-122.27751475548094,37.76728112752839,-122.25,37.75
Robert W. Crown SMCA,2015-10-15,18.068758204579353,-122.27751475548094,37.76728112752839,-122.25,37.75
Robert W. Crown SMCA,2015-10-16,18.212317273020744,-122.27751475548094,37.76728112752839,-122.25,37.75
Robert W. Crown SMCA,2015-10-17,18.262123480439186,-122.27751475548094,37.76728112752839,-122.25,37.75
Robert W. Crown SMCA,2015-10-18,18.087069310247898,-122.27751475548094,37.76728112752839,-122.25,37.75
Robert W. Crown SMCA,2015-10-19,17.647602774202824,-122.27751475548094,37.76728112752839,-122.25,37.75
Robert W. Crown SMCA,2015-10-20,17.410290844738483,-122.27751475548094,37.76728112752839,-122.25,37.75
Robert W. Crown SMCA,2015-10-21,17.222785122692585,-122.27751475548094,37.76728112752839,-122.25,37.75
Robert W. Crown SMCA,2015-10-22,17.0565202832222,-122.27751475548094,37.76728112752839,-122.25,37.75
Robert W. Crown SMCA,2015-10-23,16.904904328286648,-122.27751475548094,37.76728112752839,-122.25,37.75
Robert W. Crown SMCA,2015-10-24,16.923215433955193,-122.27751475548094,37.76728112752839,-122.25,37.75
Robert W. Crown SMCA,2015-10-25,17.035279400646687,-122.27751475548094,37.76728112752839,-122.25,37.75
Robert W. Crown SMCA,2015-10-26,16.989135414361954,-122.27751475548094,37.76728112752839,-122.25,37.75
Robert W. Crown SMCA,2015-10-27,16.99206519126892,-122.27751475548094,37.76728112752839,-122.25,37.75
Robert W. Crown SMCA,2015-10-28,16.904904328286648,-122.27751475548094,37.76728112752839,-122.25,37.75
Robert W. Crown SMCA,2015-10-29,16.60679952800274,-122.27751475548094,37.76728112752839,-122.25,37.75
Robert W. Crown SMCA,2015-10-30,16.326273389160633,-122.27751475548094,37.76728112752839,-122.25,37.75
Robert W. Crown SMCA,2015-10-31,16.244239635765553,-122.27751475548094,37.76728112752839,-122.25,37.75
Robert W. Crown SMCA,2015-11-01,16.23911252617836,-122.27751475548094,37.76728112752839,-122.25,37.75
Robert W. Crown SMCA,2015-11-02,16.12924589216709,-122.27751475548094,37.76728112752839,-122.25,37.75
Robert W. Crown SMCA,2015-11-03,15.681722469627857,-122.27751475548094,37.76728112752839,-122.25,37.75
Robert W. Crown SMCA,2015-11-04,15.16754662245512,-122.27751475548094,37.76728112752839,-122.25,37.75
Robert W. Crown SMCA,2015-11-05,14.832819610834122,-122.27751475548094,37.76728112752839,-122.25,37.75
Robert W. Crown SMCA,2015-11-06,14.688528098165989,-122.27751475548094,37.76728112752839,-122.25,37.75
Robert W. Crown SMCA,2015-11-07,14.742728970944881,-122.27751475548094,37.76728112752839,-122.25,37.75
Robert W. Crown SMCA,2015-11-08,14.862849824130535,-122.27751475548094,37.76728112752839,-122.25,37.75
Robert W. Crown SMCA,2015-11-09,14.702444538474083,-122.27751475548094,37.76728112752839,-122.25,37.75
Robert W. Crown SMCA,2015-11-10,14.184606470167637,-122.27751475548094,37.76728112752839,-122.25,37.75
Robert W. Crown SMCA,2015-11-11,13.92825099080801,-122.27751475548094,37.76728112752839,-122.25,37.75
Robert W. Crown SMCA,2015-11-12,13.771507926285267,-122.27751475548094,37.76728112752839,-122.25,37.75
Robert W. Crown SMCA,2015-11-13,13.674092844128609,-122.27751475548094,37.76728112752839,-122.25,37.75
Robert W. Crown SMCA,2015-11-14,13.775170147418976,-122.27751475548094,37.76728112752839,-122.25,37.75
Robert W. Crown SMCA,2015-11-15,13.81398969143629,-122.27751475548094,37.76728112752839,-122.25,37.75
Robert W. Crown SMCA,2015-11-16,13.25733207911253,-122.27751475548094,37.76728112752839,-122.25,37.75
Robert W. Crown SMCA,2015-11-17,12.924069955945015,-122.27751475548094,37.76728112752839,-122.25,37.75
Robert W. Crown SMCA,2015-11-18,12.907223738729954,-122.27751475548094,37.76728112752839,-122.25,37.75
Robert W. Crown SMCA,2015-11-19,12.845698423683643,-122.27751475548094,37.76728112752839,-122.25,37.75
Robert W. Crown SMCA,2015-11-20,12.833246871829033,-122.27751475548094,37.76728112752839,-122.25,37.75
Robert W. Crown SMCA,2015-11-21,12.771721556782722,-122.27751475548094,37.76728112752839,-122.25,37.75
Robert W. Crown SMCA,2015-11-22,12.831049539148808,-122.27751475548094,37.76728112752839,-122.25,37.75
Robert W. Crown SMCA,2015-11-23,12.968749053776264,-122.27751475548094,37.76728112752839,-122.25,37.75
Robert W. Crown SMCA,2015-11-24,12.846430867910385,-122.27751475548094,37.76728112752839,-122.25,37.75
Robert W. Crown SMCA,2015-11-25,12.257545709609985,-122.27751475548094,37.76728112752839,-122.25,37.75
Robert W. Crown SMCA,2015-11-26,11.867885380983353,-122.27751475548094,37.76728112752839,-122.25,37.75
Robert W. Crown SMCA,2015-11-27,11.578569911420345,-122.27751475548094,37.76728112752839,-122.25,37.75
Robert W. Crown SMCA,2015-11-28,11.468703277409077,-122.27751475548094,37.76728112752839,-122.25,37.75
Robert W. Crown SMCA,2015-11-29,11.692831210792065,-122.27751475548094,37.76728112752839,-122.25,37.75
Robert W. Crown SMCA,2015-11-30,11.705282762646675,-122.27751475548094,37.76728112752839,-122.25,37.75
Robert W. Crown SMCA,2015-12-01,11.554399251937866,-122.27751475548094,37.76728112752839,-122.25,37.75
Robert W. Crown SMCA,2015-12-02,11.506057932972908,-122.27751475548094,37.76728112752839,-122.25,37.75
Robert W. Crown SMCA,2015-12-03,11.263618893921375,-122.27751475548094,37.76728112752839,-122.25,37.75
Robert W. Crown SMCA,2015-12-04,11.188909582793713,-122.27751475548094,37.76728112752839,-122.25,37.75
Robert W. Crown SMCA,2015-12-05,11.387401968240738,-122.27751475548094,37.76728112752839,-122.25,37.75
Robert W. Crown SMCA,2015-12-06,11.31049532443285,-122.27751475548094,37.76728112752839,-122.25,37.75
Robert W. Crown SMCA,2015-12-07,11.387401968240738,-122.27751475548094,37.76728112752839,-122.25,37.75
Robert W. Crown SMCA,2015-12-08,11.538285478949547,-122.27751475548094,37.76728112752839,-122.25,37.75
Robert W. Crown SMCA,2015-12-09,11.66206855326891,-122.27751475548094,37.76728112752839,-122.25,37.75
Robert W. Crown SMCA,2015-12-10,11.817346729338169,-122.27751475548094,37.76728112752839,-122.25,37.75
Robert W. Crown SMCA,2015-12-11,11.865688048303127,-122.27751475548094,37.76728112752839,-122.25,37.75
Robert W. Crown SMCA,2015-12-12,11.80928984284401,-122.27751475548094,37.76728112752839,-122.25,37.75
Robert W. Crown SMCA,2015-12-13,11.873744934797287,-122.27751475548094,37.76728112752839,-122.25,37.75
Robert W. Crown SMCA,2015-12-14,11.618121899664402,-122.27751475548094,37.76728112752839,-122.25,37.75
Robert W. Crown SMCA,2015-12-15,11.329538874328136,-122.27751475548094,37.76728112752839,-122.25,37.75
Robert W. Crown SMCA,2015-12-16,11.199163801968098,-122.27751475548094,37.76728112752839,-122.25,37.75
Robert W. Crown SMCA,2015-12-17,11.296578884124756,-122.27751475548094,37.76728112752839,-122.25,37.75
Robert W. Crown SMCA,2015-12-18,11.405713073909283,-122.27751475548094,37.76728112752839,-122.25,37.75
Robert W. Crown SMCA,2015-12-19,11.46577350050211,-122.27751475548094,37.76728112752839,-122.25,37.75
Robert W. Crown SMCA,2015-12-20,11.371288195252419,-122.27751475548094,37.76728112752839,-122.25,37.75
Robert W. Crown SMCA,2015-12-21,11.328806430101395,-122.27751475548094,37.76728112752839,-122.25,37.75
Robert W. Crown SMCA,2015-12-22,11.466505944728851,-122.27751475548094,37.76728112752839,-122.25,37.75
Robert W. Crown SMCA,2015-12-23,11.515579707920551,-122.27751475548094,37.76728112752839,-122.25,37.75
Robert W. Crown SMCA,2015-12-24,11.33906064927578,-122.27751475548094,37.76728112752839,-122.25,37.75
Robert W. Crown SMCA,2015-12-25,11.015320301055908,-122.27751475548094,37.76728112752839,-122.25,37.75
Robert W. Crown SMCA,2015-12-26,10.687917731702328,-122.27751475548094,37.76728112752839,-122.25,37.75
Robert W. Crown SMCA,2015-12-27,10.708426170051098,-122.27751475548094,37.76728112752839,-122.25,37.75
Robert W. Crown SMCA,2015-12-28,10.724539943039417,-122.27751475548094,37.76728112752839,-122.25,37.75
Robert W. Crown SMCA,2015-12-29,10.338541835546494,-122.27751475548094,37.76728112752839,-122.25,37.75
Robert W. Crown SMCA,2015-12-30,10.376628935337067,-122.27751475548094,37.76728112752839,-122.25,37.75
Robert W. Crown SMCA,2015-12-31,10.59050264954567,-122.27751475548094,37.76728112752839,-122.25,37.75
Robert W. Crown SMCA,2016-01-01,10.926694549620152,-122.27751475548094,37.76728112752839,-122.25,37.75
Robert W. Crown SMCA,2016-01-02,11.15082248300314,-122.27751475548094,37.76728112752839,-122.25,37.75
Robert W. Crown SMCA,2016-01-03,10.945738099515438,-122.27751475548094,37.76728112752839,-122.25,37.75
Robert W. Crown SMCA,2016-01-04,10.916440330445766,-122.27751475548094,37.76728112752839,-122.25,37.75
Robert W. Crown SMCA,2016-01-05,11.110538050532341,-122.27751475548094,37.76728112752839,-122.25,37.75
Robert W. Crown SMCA,2016-01-06,11.263618893921375,-122.27751475548094,37.76728112752839,-122.25,37.75
Robert W. Crown SMCA,2016-01-07,11.259224228560925,-122.27751475548094,37.76728112752839,-122.25,37.75
Robert W. Crown SMCA,2016-01-08,11.377880193293095,-122.27751475548094,37.76728112752839,-122.25,37.75
Robert W. Crown SMCA,2016-01-09,11.484817050397396,-122.27751475548094,37.76728112752839,-122.25,37.75
Robert W. Crown SMCA,2016-01-10,11.586626797914505,-122.27751475548094,37.76728112752839,-122.25,37.75
Robert W. Crown SMCA,2016-01-11,11.66646321862936,-122.27751475548094,37.76728112752839,-122.25,37.75
Robert W. Crown SMCA,2016-01-12,11.777794741094112,-122.27751475548094,37.76728112752839,-122.25,37.75
Robert W. Crown SMCA,2016-01-13,11.890591152012348,-122.27751475548094,37.76728112752839,-122.25,37.75
Robert W. Crown SMCA,2016-01-14,12.073702208697796,-122.27751475548094,37.76728112752839,-122.25,37.75
Robert W. Crown SMCA,2016-01-15,12.12057863920927,-122.27751475548094,37.76728112752839,-122.25,37.75
Robert W. Crown SMCA,2016-01-16,12.238502159714699,-122.27751475548094,37.76728112752839,-122.25,37.75
Robert W. Crown SMCA,2016-01-17,12.357158124446869,-122.27751475548094,37.76728112752839,-122.25,37.75
Robert W. Crown SMCA,2016-01-18,12.493392750620842,-122.27751475548094,37.76728112752839,-122.25,37.75
Robert W. Crown SMCA,2016-01-19,12.650135815143585,-122.27751475548094,37.76728112752839,-122.25,37.75
Robert W. Crown SMCA,2016-01-20,12.814935766160488,-122.27751475548094,37.76728112752839,-122.25,37.75
Robert W. Crown SMCA,2016-01-21,12.919675290584564,-122.27751475548094,37.76728112752839,-122.25,37.75
Robert W. Crown SMCA,2016-01-22,12.928464621305466,-122.27751475548094,37.76728112752839,-122.25,37.75
Robert W. Crown SMCA,2016-01-23,12.956297501921654,-122.27751475548094,37.76728112752839,-122.25,37.75
Robert W. Crown SMCA,2016-01-24,12.864009529352188,-122.27751475548094,37.76728112752839,-122.25,37.75
Robert W. Crown SMCA,2016-01-25,12.951170392334461,-122.27751475548094,37.76728112752839,-122.25,37.75
Robert W. Crown SMCA,2016-01-26,13.215582758188248,-122.27751475548094,37.76728112752839,-122.25,37.75
Robert W. Crown SMCA,2016-01-27,13.447035133838654,-122.27751475548094,37.76728112752839,-122.25,37.75
Robert W. Crown SMCA,2016-01-28,13.51515244692564,-122.27751475548094,37.76728112752839,-122.25,37.75
Robert W. Crown SMCA,2016-01-29,13.509292893111706,-122.27751475548094,37.76728112752839,-122.25,37.75
Robert W. Crown SMCA,2016-01-30,13.349620051681995,-122.27751475548094,37.76728112752839,-122.25,37.75
Robert W. Crown SMCA,2016-01-31,13.0815454646945,-122.27751475548094,37.76728112752839,-122.25,37.75
Robert W. Crown SMCA,2016-02-01,12.46409498155117,-122.27751475548094,37.76728112752839,-122.25,37.75
Robert W. Crown SMCA,2016-02-02,12.097872868180275,-122.27751475548094,37.76728112752839,-122.25,37.75
Robert W. Crown SMCA,2016-02-03,12.154271073639393,-122.27751475548094,37.76728112752839,-122.25,37.75
Robert W. Crown SMCA,2016-02-04,12.282448813319206,-122.27751475548094,37.76728112752839,-122.25,37.75
Robert W. Crown SMCA,2016-02-05,12.556382954120636,-122.27751475548094,37.76728112752839,-122.25,37.75
Robert W. Crown SMCA,2016-02-06,12.753410451114178,-122.27751475548094,37.76728112752839,-122.25,37.75
Robert W. Crown SMCA,2016-02-07,12.888912633061409,-122.27751475548094,37.76728112752839,-122.25,37.75
Robert W. Crown SMCA,2016-02-08,13.060304582118988,-122.27751475548094,37.76728112752839,-122.25,37.75
Robert W. Crown SMCA,2016-02-09,13.297616511583328,-122.27751475548094,37.76728112752839,-122.25,37.75
Robert W. Crown SMCA,2016-02-10,13.54371777176857,-122.27751475548094,37.76728112752839,-122.25,37.75
Robert W. Crown SMCA,2016-02-11,13.731223493814468,-122.27751475548094,37.76728112752839,-122.25,37.75
Robert W. Crown SMCA,2016-02-12,13.9157994389534,-122.27751475548094,37.76728112752839,-122.25,37.75
Robert W. Crown SMCA,2016-02-13,13.945097208023071,-122.27751475548094,37.76728112752839,-122.25,37.75
Robert W. Crown SMCA,2016-02-14,13.80153813958168,-122.27751475548094,37.76728112752839,-122.25,37.75
Robert W. Crown SMCA,2016-02-15,13.828638575971127,-122.27751475548094,37.76728112752839,-122.25,37.75
Robert W. Crown SMCA,2016-02-16,14.057893618941307,-122.27751475548094,37.76728112752839,-122.25,37.75
Robert W. Crown SMCA,2016-02-17,14.325968205928802,-122.27751475548094,37.76728112752839,-122.25,37.75
Robert W. Crown SMCA,2016-02-18,14.183141581714153,-122.27751475548094,37.76728112752839,-122.25,37.75
Robert W. Crown SMCA,2016-02-19,14.008819855749607,-122.27751475548094,37.76728112752839,-122.25,37.75
Robert W. Crown SMCA,2016-02-20,13.951689206063747,-122.27751475548094,37.76728112752839,-122.25,37.75
Robert W. Crown SMCA,2016-02-21,14.137730039656162,-122.27751475548094,37.76728112752839,-122.25,37.75
Robert W. Crown SMCA,2016-02-22,14.013214521110058,-122.27751475548094,37.76728112752839,-122.25,37.75
Robert W. Crown SMCA,2016-02-23,14.043244734406471,-122.27751475548094,37.76728112752839,-122.25,37.75
Robert W. Crown SMCA,2016-02-24,14.471724607050419,-122.27751475548094,37.76728112752839,-122.25,37.75
Robert W. Crown SMCA,2016-02-25,14.763237409293652,-122.27751475548094,37.76728112752839,-122.25,37.75
Robert W. Crown SMCA,2016-02-26,15.018128000199795,-122.27751475548094,37.76728112752839,-122.25,37.75
Robert W. Crown SMCA,2016-02-27,15.018128000199795,-122.27751475548094,37.76728112752839,-122.25,37.75
Robert W. Crown SMCA,2016-02-28,15.107486195862293,-122.27751475548094,37.76728112752839,-122.25,37.75
Robert W. Crown SMCA,2016-02-29,15.052552878856659,-122.27751475548094,37.76728112752839,-122.25,37.75
Robert W. Crown SMCA,2016-03-01,15.245918154716492,-122.27751475548094,37.76728112752839,-122.25,37.75
Robert W. Crown SMCA,2016-03-02,15.398998998105526,-122.27751475548094,37.76728112752839,-122.25,37.75
Robert W. Crown SMCA,2016-03-03,15.501541189849377,-122.27751475548094,37.76728112752839,-122.25,37.75
Robert W. Crown SMCA,2016-03-04,15.584307387471199,-122.27751475548094,37.76728112752839,-122.25,37.75
Robert W. Crown SMCA,2016-03-05,15.307443469762802,-122.27751475548094,37.76728112752839,-122.25,37.75
Robert W. Crown SMCA,2016-03-06,14.969786681234837,-122.27751475548094,37.76728112752839,-122.25,37.75
Robert W. Crown SMCA,2016-03-07,14.720023199915886,-122.27751475548094,37.76728112752839,-122.25,37.75
Robert W. Crown SMCA,2016-03-08,14.250526450574398,-122.27751475548094,37.76728112752839,-122.25,37.75
Robert W. Crown SMCA,2016-03-09,14.237342454493046,-122.27751475548094,37.76728112752839,-122.25,37.75
Robert W. Crown SMCA,2016-03-10,14.342081978917122,-122.27751475548094,37.76728112752839,-122.25,37.75
Robert W. Crown SMCA,2016-03-11,14.41898862272501,-122.27751475548094,37.76728112752839,-122.25,37.75
Robert W. Crown SMCA,2016-03-12,14.221961125731468,-122.27751475548094,37.76728112752839,-122.25,37.75
Robert W. Crown SMCA,2016-03-13,14.175084695219994,-122.27751475548094,37.76728112752839,-122.25,37.75
Robert W. Crown SMCA,2016-03-14,14.171422474086285,-122.27751475548094,37.76728112752839,-122.25,37.75
Robert W. Crown SMCA,2016-03-15,14.182409137487411,-122.27751475548094,37.76728112752839,-122.25,37.75
Robert W. Crown SMCA,2016-03-16,14.25125889480114,-122.27751475548094,37.76728112752839,-122.25,37.75
Robert W. Crown SMCA,2016-03-17,14.401409961283207,-122.27751475548094,37.76728112752839,-122.25,37.75
Robert W. Crown SMCA,2016-03-18,14.692190319299698,-122.27751475548094,37.76728112752839,-122.25,37.75
Robert W. Crown SMCA,2016-03-19,14.903134256601334,-122.27751475548094,37.76728112752839,-122.25,37.75
Robert W. Crown SMCA,2016-03-20,15.217352829873562,-122.27751475548094,37.76728112752839,-122.25,37.75
Robert W. Crown SMCA,2016-03-21,15.42536699026823,-122.27751475548094,37.76728112752839,-122.25,37.75
Robert W. Crown SMCA,2016-03-22,15.229804381728172,-122.27751475548094,37.76728112752839,-122.25,37.75
Robert W. Crown SMCA,2016-03-23,15.084047980606556,-122.27751475548094,37.76728112752839,-122.25,37.75
Robert W. Crown SMCA,2016-03-24,15.064271986484528,-122.27751475548094,37.76728112752839,-122.25,37.75
Robert W. Crown SMCA,2016-03-25,14.969786681234837,-122.27751475548094,37.76728112752839,-122.25,37.75
Robert W. Crown SMCA,2016-03-26,14.769829407334328,-122.27751475548094,37.76728112752839,-122.25,37.75
Robert W. Crown SMCA,2016-03-27,14.722220532596111,-122.27751475548094,37.76728112752839,-122.25,37.75
Robert W. Crown SMCA,2016-03-28,14.416058845818043,-122.27751475548094,37.76728112752839,-122.25,37.75
Robert W. Crown SMCA,2016-03-29,13.929715879261494,-122.27751475548094,37.76728112752839,-122.25,37.75
Robert W. Crown SMCA,2016-03-30,13.808130137622356,-122.27751475548094,37.76728112752839,-122.25,37.75
Robert W. Crown SMCA,2016-03-31,13.945097208023071,-122.27751475548094,37.76728112752839,-122.25,37.75
Robert W. Crown SMCA,2016-04-01,14.009552299976349,-122.27751475548094,37.76728112752839,-122.25,37.75
Robert W. Crown SMCA,2016-04-02,14.074007391929626,-122.27751475548094,37.76728112752839,-122.25,37.75
Robert W. Crown SMCA,2016-04-03,14.34134953469038,-122.27751475548094,37.76728112752839,-122.25,37.75
Robert W. Crown SMCA,2016-04-04,14.39848018437624,-122.27751475548094,37.76728112752839,-122.25,37.75
Robert W. Crown SMCA,2016-04-05,14.258583337068558,-122.27751475548094,37.76728112752839,-122.25,37.75
Robert W. Crown SMCA,2016-04-06,14.37430952489376,-122.27751475548094,37.76728112752839,-122.25,37.75
Robert W. Crown SMCA,2016-04-07,14.775688961148262,-122.27751475548094,37.76728112752839,-122.25,37.75
Robert W. Crown SMCA,2016-04-08,15.127994634211063,-122.27751475548094,37.76728112752839,-122.25,37.75
Robert W. Crown SMCA,2016-04-09,15.198309279978275,-122.27751475548094,37.76728112752839,-122.25,37.75
Robert W. Crown SMCA,2016-04-10,15.127262189984322,-122.27751475548094,37.76728112752839,-122.25,37.75
Robert W. Crown SMCA,2016-04-11,15.193182170391083,-122.27751475548094,37.76728112752839,-122.25,37.75
Robert W. Crown SMCA,2016-04-12,15.25763726234436,-122.27751475548094,37.76728112752839,-122.25,37.75
Robert W. Crown SMCA,2016-04-13,14.817438282072544,-122.27751475548094,37.76728112752839,-122.25,37.75
Robert W. Crown SMCA,2016-04-14,14.854792937636375,-122.27751475548094,37.76728112752839,-122.25,37.75
Robert W. Crown SMCA,2016-04-15,14.695852540433407,-122.27751475548094,37.76728112752839,-122.25,37.75
Robert W. Crown SMCA,2016-04-16,14.588915683329105,-122.27751475548094,37.76728112752839,-122.25,37.75
Robert W. Crown SMCA,2016-04-17,14.929502248764038,-122.27751475548094,37.76728112752839,-122.25,37.75
Robert W. Crown SMCA,2016-04-18,15.533036291599274,-122.27751475548094,37.76728112752839,-122.25,37.75
Robert W. Crown SMCA,2016-04-19,16.05453658103943,-122.27751475548094,37.76728112752839,-122.25,37.75
Robert W. Crown SMCA,2016-04-20,16.29697562009096,-122.27751475548094,37.76728112752839,-122.25,37.75
Robert W. Crown SMCA,2016-04-21,16.400250256061554,-122.27751475548094,37.76728112752839,-122.25,37.75
Robert W. Crown SMCA,2016-04-22,16.642689295113087,-122.27751475548094,37.76728112752839,-122.25,37.75
Robert W. Crown SMCA,2016-04-23,16.6815088391304,-122.27751475548094,37.76728112752839,-122.25,37.75
Robert W. Crown SMCA,2016-04-24,16.397320479154587,-122.27751475548094,37.76728112752839,-122.25,37.75
Robert W. Crown SMCA,2016-04-25,15.8875392973423,-122.27751475548094,37.76728112752839,-122.25,37.75
Robert W. Crown SMCA,2016-04-26,15.390942111611366,-122.27751475548094,37.76728112752839,-122.25,37.75
Robert W. Crown SMCA,2016-04-27,15.32721946388483,-122.27751475548094,37.76728112752839,-122.25,37.75
Robert W. Crown SMCA,2016-04-28,15.090639978647232,-122.27751475548094,37.76728112752839,-122.25,37.75
Robert W. Crown SMCA,2016-04-29,14.907528921961784,-122.27751475548094,37.76728112752839,-122.25,37.75
Robert W. Crown SMCA,2016-04-30,14.76689963042736,-122.27751475548094,37.76728112752839,-122.25,37.75
Robert W. Crown SMCA,2016-05-01,14.763237409293652,-122.27751475548094,37.76728112752839,-122.25,37.75
Robert W. Crown SMCA,2016-05-02,15.215887941420078,-122.27751475548094,37.76728112752839,-122.25,37.75
Robert W. Crown SMCA,2016-05-03,15.793786436319351,-122.27751475548094,37.76728112752839,-122.25,37.75
Robert W. Crown SMCA,2016-05-04,15.933683283627033,-122.27751475548094,37.76728112752839,-122.25,37.75
Robert W. Crown SMCA,2016-05-05,16.06698813289404,-122.27751475548094,37.76728112752839,-122.25,37.75
Robert W. Crown SMCA,2016-05-06,15.929288618266582,-122.27751475548094,37.76728112752839,-122.25,37.75
Robert W. Crown SMCA,2016-05-07,15.792321547865868,-122.27751475548094,37.76728112752839,-122.25,37.75
Robert W. Crown SMCA,2016-05-08,16.029633477330208,-122.27751475548094,37.76728112752839,-122.25,37.75
Robert W. Crown SMCA,2016-05-09,16.077974796295166,-122.27751475548094,37.76728112752839,-122.25,37.75
Robert W. Crown SMCA,2016-05-10,16.119724117219448,-122.27751475548094,37.76728112752839,-122.25,37.75
Robert W. Crown SMCA,2016-05-11,16.471297346055508,-122.27751475548094,37.76728112752839,-122.25,37.75
Robert W. Crown SMCA,2016-05-12,17.1055940464139,-122.27751475548094,37.76728112752839,-122.25,37.75
Robert W. Crown SMCA,2016-05-13,17.485732600092888,-122.27751475548094,37.76728112752839,-122.25,37.75
Robert W. Crown SMCA,2016-05-14,17.67836543172598,-122.27751475548094,37.76728112752839,-122.25,37.75
Robert W. Crown SMCA,2016-05-15,17.656392104923725,-122.27751475548094,37.76728112752839,-122.25,37.75
Robert W. Crown SMCA,2016-05-16,17.293099768459797,-122.27751475548094,37.76728112752839,-122.25,37.75
Robert W. Crown SMCA,2016-05-17,17.15173803269863,-122.27751475548094,37.76728112752839,-122.25,37.75
Robert W. Crown SMCA,2016-05-18,17.22498245537281,-122.27751475548094,37.76728112752839,-122.25,37.75
Robert W. Crown SMCA,2016-05-19,17.165654473006725,-122.27751475548094,37.76728112752839,-122.25,37.75
Robert W. Crown SMCA,2016-05-20,16.745231486856937,-122.27751475548094,37.76728112752839,-122.25,37.75
Robert W. Crown SMCA,2016-05-21,16.54161199182272,-122.27751475548094,37.76728112752839,-122.25,37.75
Robert W. Crown SMCA,2016-05-22,16.772331923246384,-122.27751475548094,37.76728112752839,-122.25,37.75
Robert W. Crown SMCA,2016-05-23,16.875606559216976,-122.27751475548094,37.76728112752839,-122.25,37.75
Robert W. Crown SMCA,2016-05-24,16.72618793696165,-122.27751475548094,37.76728112752839,-122.25,37.75
Robert W. Crown SMCA,2016-05-25,16.81188391149044,-122.27751475548094,37.76728112752839,-122.25,37.75
Robert W. Crown SMCA,2016-05-26,16.78258614242077,-122.27751475548094,37.76728112752839,-122.25,37.75
Robert W. Crown SMCA,2016-05-27,16.6324350759387,-122.27751475548094,37.76728112752839,-122.25,37.75
Robert W. Crown SMCA,2016-05-28,16.581896424293518,-122.27751475548094,37.76728112752839,-122.25,37.75
Robert W. Crown SMCA,2016-05-29,16.673451952636242,-122.27751475548094,37.76728112752839,-122.25,37.75
Robert W. Crown SMCA,2016-05-30,16.773064367473125,-122.27751475548094,37.76728112752839,-122.25,37.75
Robert W. Crown SMCA,2016-05-31,16.924680322408676,-122.27751475548094,37.76728112752839,-122.25,37.75
Robert W. Crown SMCA,2016-06-01,17.101199381053448,-122.27751475548094,37.76728112752839,-122.25,37.75
Robert W. Crown SMCA,2016-06-02,17.258674889802933,-122.27751475548094,37.76728112752839,-122.25,37.75
Robert W. Crown SMCA,2016-06-03,17.38465529680252,-122.27751475548094,37.76728112752839,-122.25,37.75
Robert W. Crown SMCA,2016-06-04,17.51503036916256,-122.27751475548094,37.76728112752839,-122.25,37.75
Robert W. Crown SMCA,2016-06-05,17.85854671150446,-122.27751475548094,37.76728112752839,-122.25,37.75
Robert W. Crown SMCA,2016-06-06,18.02993866056204,-122.27751475548094,37.76728112752839,-122.25,37.75
Robert W. Crown SMCA,2016-06-07,18.044587545096874,-122.27751475548094,37.76728112752839,-122.25,37.75
Robert W. Crown SMCA,2016-06-08,18.16177862137556,-122.27751475548094,37.76728112752839,-122.25,37.75
Robert W. Crown SMCA,2016-06-09,17.92446669191122,-122.27751475548094,37.76728112752839,-122.25,37.75
Robert W. Crown SMCA,2016-06-10,17.81752983480692,-122.27751475548094,37.76728112752839,-122.25,37.75
Robert W. Crown SMCA,2016-06-11,17.660786770284176,-122.27751475548094,37.76728112752839,-122.25,37.75
Robert W. Crown SMCA,2016-06-12,17.549455247819424,-122.27751475548094,37.76728112752839,-122.25,37.75
Robert W. Crown SMCA,2016-06-13,17.570696130394936,-122.27751475548094,37.76728112752839,-122.25,37.75
Robert W. Crown SMCA,2016-06-14,17.41322062164545,-122.27751475548094,37.76728112752839,-122.25,37.75
Robert W. Crown SMCA,2016-06-15,17.164922028779984,-122.27751475548094,37.76728112752839,-122.25,37.75
Robert W. Crown SMCA,2016-06-16,17.393444627523422,-122.27751475548094,37.76728112752839,-122.25,37.75
Robert W. Crown SMCA,2016-06-17,17.890774257481098,-122.27751475548094,37.76728112752839,-122.25,37.75
Robert W. Crown SMCA,2016-06-18,18.170567952096462,-122.27751475548094,37.76728112752839,-122.25,37.75
Robert W. Crown SMCA,2016-06-19,17.922269359230995,-122.27751475548094,37.76728112752839,-122.25,37.75
Robert W. Crown SMCA,2016-06-20,17.80507828295231,-122.27751475548094,37.76728112752839,-122.25,37.75
Robert W. Crown SMCA,2016-06-21,17.795556508004665,-122.27751475548094,37.76728112752839,-122.25,37.75
Robert W. Crown SMCA,2016-06-22,17.828516498208046,-122.27751475548094,37.76728112752839,-122.25,37.75
Robert W. Crown SMCA,2016-06-23,17.79775384068489,-122.27751475548094,37.76728112752839,-122.25,37.75
Robert W. Crown SMCA,2016-06-24,17.78090762346983,-122.27751475548094,37.76728112752839,-122.25,37.75
Robert W. Crown SMCA,2016-06-25,17.71498764306307,-122.27751475548094,37.76728112752839,-122.25,37.75
Robert W. Crown SMCA,2016-06-26,17.704733423888683,-122.27751475548094,37.76728112752839,-122.25,37.75
Robert W. Crown SMCA,2016-06-27,17.737693414092064,-122.27751475548094,37.76728112752839,-122.25,37.75
Robert W. Crown SMCA,2016-06-28,17.73183386027813,-122.27751475548094,37.76728112752839,-122.25,37.75
Robert W. Crown SMCA,2016-06-29,17.669576101005077,-122.27751475548094,37.76728112752839,-122.25,37.75
Robert W. Crown SMCA,2016-06-30,17.49525437504053,-122.27751475548094,37.76728112752839,-122.25,37.75
Robert W. Crown SMCA,2016-07-01,17.30628376454115,-122.27751475548094,37.76728112752839,-122.25,37.75
Robert W. Crown SMCA,2016-07-02,17.217658013105392,-122.27751475548094,37.76728112752839,-122.25,37.75
Robert W. Crown SMCA,2016-07-03,17.246223337948322,-122.27751475548094,37.76728112752839,-122.25,37.75
Robert W. Crown SMCA,2016-07-04,17.454969942569733,-122.27751475548094,37.76728112752839,-122.25,37.75
Robert W. Crown SMCA,2016-07-05,17.598529011011124,-122.27751475548094,37.76728112752839,-122.25,37.75
Robert W. Crown SMCA,2016-07-06,17.336313977837563,-122.27751475548094,37.76728112752839,-122.25,37.75
Robert W. Crown SMCA,2016-07-07,17.25721000134945,-122.27751475548094,37.76728112752839,-122.25,37.75
Robert W. Crown SMCA,2016-07-08,17.26233711093664,-122.27751475548094,37.76728112752839,-122.25,37.75
Robert W. Crown SMCA,2016-07-09,17.472548604011536,-122.27751475548094,37.76728112752839,-122.25,37.75
Robert W. Crown SMCA,2016-07-10,17.491592153906822,-122.27751475548094,37.76728112752839,-122.25,37.75
Robert W. Crown SMCA,2016-07-11,17.380993075668812,-122.27751475548094,37.76728112752839,-122.25,37.75
Robert W. Crown SMCA,2016-07-12,17.354625083506107,-122.27751475548094,37.76728112752839,-122.25,37.75
Robert W. Crown SMCA,2016-07-13,17.353160195052624,-122.27751475548094,37.76728112752839,-122.25,37.75
Robert W. Crown SMCA,2016-07-14,17.366344191133976,-122.27751475548094,37.76728112752839,-122.25,37.75
Robert W. Crown SMCA,2016-07-15,17.44105350226164,-122.27751475548094,37.76728112752839,-122.25,37.75
Robert W. Crown SMCA,2016-07-16,17.51869259029627,-122.27751475548094,37.76728112752839,-122.25,37.75
Robert W. Crown SMCA,2016-07-17,17.5157628133893,-122.27751475548094,37.76728112752839,-122.25,37.75
Robert W. Crown SMCA,2016-07-18,17.5157628133893,-122.27751475548094,37.76728112752839,-122.25,37.75
Robert W. Crown SMCA,2016-07-19,17.57289346307516,-122.27751475548094,37.76728112752839,-122.25,37.75
Robert W. Crown SMCA,2016-07-20,17.594134345650673,-122.27751475548094,37.76728112752839,-122.25,37.75
Robert W. Crown SMCA,2016-07-21,17.632221445441246,-122.27751475548094,37.76728112752839,-122.25,37.75
Robert W. Crown SMCA,2016-07-22,17.671773433685303,-122.27751475548094,37.76728112752839,-122.25,37.75
Robert W. Crown SMCA,2016-07-23,17.70766320079565,-122.27751475548094,37.76728112752839,-122.25,37.75
Robert W. Crown SMCA,2016-07-24,17.7120578661561,-122.27751475548094,37.76728112752839,-122.25,37.75
Robert W. Crown SMCA,2016-07-25,17.791894286870956,-122.27751475548094,37.76728112752839,-122.25,37.75
Robert W. Crown SMCA,2016-07-26,17.923001803457737,-122.27751475548094,37.76728112752839,-122.25,37.75
Robert W. Crown SMCA,2016-07-27,18.07974486798048,-122.27751475548094,37.76728112752839,-122.25,37.75
Robert W. Crown SMCA,2016-07-28,18.232093267142773,-122.27751475548094,37.76728112752839,-122.25,37.75
Robert W. Crown SMCA,2016-07-29,18.37345500290394,-122.27751475548094,37.76728112752839,-122.25,37.75
Robert W. Crown SMCA,2016-07-30,18.495773188769817,-122.27751475548094,37.76728112752839,-122.25,37.75
Robert W. Crown SMCA,2016-07-31,18.7828913256526,-122.27751475548094,37.76728112752839,-122.25,37.75
Robert W. Crown SMCA,2016-08-01,19.116885893046856,-122.27751475548094,37.76728112752839,-122.25,37.75
Robert W. Crown SMCA,2016-08-02,19.135929442942142,-122.27751475548094,37.76728112752839,-122.25,37.75
Robert W. Crown SMCA,2016-08-03,18.833429977297783,-122.27751475548094,37.76728112752839,-122.25,37.75
Robert W. Crown SMCA,2016-08-04,18.719168677926064,-122.27751475548094,37.76728112752839,-122.25,37.75
Robert W. Crown SMCA,2016-08-05,18.577806942164898,-122.27751475548094,37.76728112752839,-122.25,37.75
Robert W. Crown SMCA,2016-08-06,18.432782985270023,-122.27751475548094,37.76728112752839,-122.25,37.75
Robert W. Crown SMCA,2016-08-07,18.240150153636932,-122.27751475548094,37.76728112752839,-122.25,37.75
Robert W. Crown SMCA,2016-08-08,18.11270485818386,-122.27751475548094,37.76728112752839,-122.25,37.75
Robert W. Crown SMCA,2016-08-09,18.00576800107956,-122.27751475548094,37.76728112752839,-122.25,37.75
Robert W. Crown SMCA,2016-08-10,17.939115576446056,-122.27751475548094,37.76728112752839,-122.25,37.75
Robert W. Crown SMCA,2016-08-11,17.97354045510292,-122.27751475548094,37.76728112752839,-122.25,37.75
Robert W. Crown SMCA,2016-08-12,18.24747459590435,-122.27751475548094,37.76728112752839,-122.25,37.75
Robert W. Crown SMCA,2016-08-13,18.44010742753744,-122.27751475548094,37.76728112752839,-122.25,37.75
Robert W. Crown SMCA,2016-08-14,18.303140357136726,-122.27751475548094,37.76728112752839,-122.25,37.75
Robert W. Crown SMCA,2016-08-15,18.31266213208437,-122.27751475548094,37.76728112752839,-122.25,37.75
Robert W. Crown SMCA,2016-08-16,18.33683279156685,-122.27751475548094,37.76728112752839,-122.25,37.75
Robert W. Crown SMCA,2016-08-17,18.317789241671562,-122.27751475548094,37.76728112752839,-122.25,37.75
Robert W. Crown SMCA,2016-08-18,18.302407912909985,-122.27751475548094,37.76728112752839,-122.25,37.75
Robert W. Crown SMCA,2016-08-19,18.448896758258343,-122.27751475548094,37.76728112752839,-122.25,37.75
Robert W. Crown SMCA,2016-08-20,18.850276194512844,-122.27751475548094,37.76728112752839,-122.25,37.75
Robert W. Crown SMCA,2016-08-21,19.095645010471344,-122.27751475548094,37.76728112752839,-122.25,37.75
Robert W. Crown SMCA,2016-08-22,19.0861232355237,-122.27751475548094,37.76728112752839,-122.25,37.75
Robert W. Crown SMCA,2016-08-23,18.990905486047268,-122.27751475548094,37.76728112752839,-122.25,37.75
Robert W. Crown SMCA,2016-08-24,18.7426068931818,-122.27751475548094,37.76728112752839,-122.25,37.75
Robert W. Crown SMCA,2016-08-25,18.633472703397274,-122.27751475548094,37.76728112752839,-122.25,37.75
Robert W. Crown SMCA,2016-08-26,18.68034913390875,-122.27751475548094,37.76728112752839,-122.25,37.75
Robert W. Crown SMCA,2016-08-27,19.001892149448395,-122.27751475548094,37.76728112752839,-122.25,37.75
Robert W. Crown SMCA,2016-08-28,19.31464583426714,-122.27751475548094,37.76728112752839,-122.25,37.75
Robert W. Crown SMCA,2016-08-29,19.06195257604122,-122.27751475548094,37.76728112752839,-122.25,37.75
Robert W. Crown SMCA,2016-08-30,18.733085118234158,-122.27751475548094,37.76728112752839,-122.25,37.75
Robert W. Crown SMCA,2016-08-31,18.743339337408543,-122.27751475548094,37.76728112752839,-122.25,37.75
Robert W. Crown SMCA,2016-09-01,18.69719535112381,-122.27751475548094,37.76728112752839,-122.25,37.75
Robert W. Crown SMCA,2016-09-02,18.61589404195547,-122.27751475548094,37.76728112752839,-122.25,37.75
Robert W. Crown SMCA,2016-09-03,18.50968962907791,-122.27751475548094,37.76728112752839,-122.25,37.75
Robert W. Crown SMCA,2016-09-04,18.30021058022976,-122.27751475548094,37.76728112752839,-122.25,37.75
Robert W. Crown SMCA,2016-09-05,18.081209756433964,-122.27751475548094,37.76728112752839,-122.25,37.75
Robert W. Crown SMCA,2016-09-06,17.94058046489954,-122.27751475548094,37.76728112752839,-122.25,37.75
Robert W. Crown SMCA,2016-09-07,17.933256022632122,-122.27751475548094,37.76728112752839,-122.25,37.75
Robert W. Crown SMCA,2016-09-08,18.114902190864086,-122.27751475548094,37.76728112752839,-122.25,37.75
Robert W. Crown SMCA,2016-09-09,18.473067417740822,-122.27751475548094,37.76728112752839,-122.25,37.75
Robert W. Crown SMCA,2016-09-10,18.782158881425858,-122.27751475548094,37.76728112752839,-122.25,37.75
Robert W. Crown SMCA,2016-09-11,18.861995302140713,-122.27751475548094,37.76728112752839,-122.25,37.75
Robert W. Crown SMCA,2016-09-12,18.34488967806101,-122.27751475548094,37.76728112752839,-122.25,37.75
Robert W. Crown SMCA,2016-09-13,18.077547535300255,-122.27751475548094,37.76728112752839,-122.25,37.75
Robert W. Crown SMCA,2016-09-14,18.39835810661316,-122.27751475548094,37.76728112752839,-122.25,37.75
Robert W. Crown SMCA,2016-09-15,18.796807765960693,-122.27751475548094,37.76728112752839,-122.25,37.75
Robert W. Crown SMCA,2016-09-16,18.46427808701992,-122.27751475548094,37.76728112752839,-122.25,37.75
Robert W. Crown SMCA,2016-09-17,18.100985750555992,-122.27751475548094,37.76728112752839,-122.25,37.75
Robert W. Crown SMCA,2016-09-18,18.12808618694544,-122.27751475548094,37.76728112752839,-122.25,37.75
Robert W. Crown SMCA,2016-09-19,18.193273723125458,-122.27751475548094,37.76728112752839,-122.25,37.75
Robert W. Crown SMCA,2016-09-20,18.28849147260189,-122.27751475548094,37.76728112752839,-122.25,37.75
Robert W. Crown SMCA,2016-09-21,18.237952820956707,-122.27751475548094,37.76728112752839,-122.25,37.75
Robert W. Crown SMCA,2016-09-22,17.97793512046337,-122.27751475548094,37.76728112752839,-122.25,37.75
Robert W. Crown SMCA,2016-09-23,17.690084539353848,-122.27751475548094,37.76728112752839,-122.25,37.75
Robert W. Crown SMCA,2016-09-24,17.6139103397727,-122.27751475548094,37.76728112752839,-122.25,37.75
Robert W. Crown SMCA,2016-09-25,17.636616110801697,-122.27751475548094,37.76728112752839,-122.25,37.75
Robert W. Crown SMCA,2016-09-26,17.88711203634739,-122.27751475548094,37.76728112752839,-122.25,37.75
Robert W. Crown SMCA,2016-09-27,18.16910306364298,-122.27751475548094,37.76728112752839,-122.25,37.75
Robert W. Crown SMCA,2016-09-28,18.062166206538677,-122.27751475548094,37.76728112752839,-122.25,37.75
Robert W. Crown SMCA,2016-09-29,17.929593801498413,-122.27751475548094,37.76728112752839,-122.25,37.75
Robert W. Crown SMCA,2016-09-30,17.712790310382843,-122.27751475548094,37.76728112752839,-122.25,37.75
Robert W. Crown SMCA,2016-10-01,17.49891659617424,-122.27751475548094,37.76728112752839,-122.25,37.75
Robert W. Crown SMCA,2016-10-02,17.3685415238142,-122.27751475548094,37.76728112752839,-122.25,37.75
Robert W. Crown SMCA,2016-10-03,17.20081179589033,-122.27751475548094,37.76728112752839,-122.25,37.75
Robert W. Crown SMCA,2016-10-04,17.1722464710474,-122.27751475548094,37.76728112752839,-122.25,37.75
Robert W. Crown SMCA,2016-10-05,16.956907868385315,-122.27751475548094,37.76728112752839,-122.25,37.75
Robert W. Crown SMCA,2016-10-06,16.682241283357143,-122.27751475548094,37.76728112752839,-122.25,37.75
Robert W. Crown SMCA,2016-10-07,16.584093756973743,-122.27751475548094,37.76728112752839,-122.25,37.75
Robert W. Crown SMCA,2016-10-08,16.633167520165443,-122.27751475548094,37.76728112752839,-122.25,37.75
Robert W. Crown SMCA,2016-10-09,16.77452925592661,-122.27751475548094,37.76728112752839,-122.25,37.75
Robert W. Crown SMCA,2016-10-10,16.98400830477476,-122.27751475548094,37.76728112752839,-122.25,37.75
Robert W. Crown SMCA,2016-10-11,17.20813623815775,-122.27751475548094,37.76728112752839,-122.25,37.75
Robert W. Crown SMCA,2016-10-12,17.23743400722742,-122.27751475548094,37.76728112752839,-122.25,37.75
Robert W. Crown SMCA,2016-10-13,17.19568468630314,-122.27751475548094,37.76728112752839,-122.25,37.75
Robert W. Crown SMCA,2016-10-14,16.957640312612057,-122.27751475548094,37.76728112752839,-122.25,37.75
Robert W. Crown SMCA,2016-10-15,16.871211893856525,-122.27751475548094,37.76728112752839,-122.25,37.75
Robert W. Crown SMCA,2016-10-16,16.797235026955605,-122.27751475548094,37.76728112752839,-122.25,37.75
Robert W. Crown SMCA,2016-10-17,16.67711417376995,-122.27751475548094,37.76728112752839,-122.25,37.75
Robert W. Crown SMCA,2016-10-18,16.626575522124767,-122.27751475548094,37.76728112752839,-122.25,37.75
Robert W. Crown SMCA,2016-10-19,16.540147103369236,-122.27751475548094,37.76728112752839,-122.25,37.75
Robert W. Crown SMCA,2016-10-20,16.482284009456635,-122.27751475548094,37.76728112752839,-122.25,37.75
Robert W. Crown SMCA,2016-10-21,16.553331099450588,-122.27751475548094,37.76728112752839,-122.25,37.75
Robert W. Crown SMCA,2016-10-22,16.51304666697979,-122.27751475548094,37.76728112752839,-122.25,37.75
Robert W. Crown SMCA,2016-10-23,16.567979983985424,-122.27751475548094,37.76728112752839,-122.25,37.75
Robert W. Crown SMCA,2016-10-24,16.532822661101818,-122.27751475548094,37.76728112752839,-122.25,37.75
Robert W. Crown SMCA,2016-10-25,16.401715144515038,-122.27751475548094,37.76728112752839,-122.25,37.75
Robert W. Crown SMCA,2016-10-26,16.37022004276514,-122.27751475548094,37.76728112752839,-122.25,37.75
Robert W. Crown SMCA,2016-10-27,16.371684931218624,-122.27751475548094,37.76728112752839,-122.25,37.75
Robert W. Crown SMCA,2016-10-28,16.355571158230305,-122.27751475548094,37.76728112752839,-122.25,37.75
Robert W. Crown SMCA,2016-10-29,16.465437792241573,-122.27751475548094,37.76728112752839,-122.25,37.75
Robert W. Crown SMCA,2016-10-30,16.47202979028225,-122.27751475548094,37.76728112752839,-122.25,37.75
Robert W. Crown SMCA,2016-10-31,16.321878723800182,-122.27751475548094,37.76728112752839,-122.25,37.75
Robert W. Crown SMCA,2016-11-01,16.099215678870678,-122.27751475548094,37.76728112752839,-122.25,37.75
Robert W. Crown SMCA,2016-11-02,16.21054720133543,-122.27751475548094,37.76728112752839,-122.25,37.75
Robert W. Crown SMCA,2016-11-03,16.44419690966606,-122.27751475548094,37.76728112752839,-122.25,37.75
Robert W. Crown SMCA,2016-11-04,16.641956850886345,-122.27751475548094,37.76728112752839,-122.25,37.75
Robert W. Crown SMCA,2016-11-05,16.80822169035673,-122.27751475548094,37.76728112752839,-122.25,37.75
Robert W. Crown SMCA,2016-11-06,16.769402146339417,-122.27751475548094,37.76728112752839,-122.25,37.75
Robert W. Crown SMCA,2016-11-07,16.760612815618515,-122.27751475548094,37.76728112752839,-122.25,37.75
Robert W. Crown SMCA,2016-11-08,16.71739860624075,-122.27751475548094,37.76728112752839,-122.25,37.75
Robert W. Crown SMCA,2016-11-09,16.798699915409088,-122.27751475548094,37.76728112752839,-122.25,37.75
Robert W. Crown SMCA,2016-11-10,16.81920835375786,-122.27751475548094,37.76728112752839,-122.25,37.75
Robert W. Crown SMCA,2016-11-11,16.903439439833164,-122.27751475548094,37.76728112752839,-122.25,37.75
Robert W. Crown SMCA,2016-11-12,16.834589682519436,-122.27751475548094,37.76728112752839,-122.25,37.75
Robert W. Crown SMCA,2016-11-13,16.830195017158985,-122.27751475548094,37.76728112752839,-122.25,37.75
Robert W. Crown SMCA,2016-11-14,16.818475909531116,-122.27751475548094,37.76728112752839,-122.25,37.75
Robert W. Crown SMCA,2016-11-15,16.62730796635151,-122.27751475548094,37.76728112752839,-122.25,37.75
Robert W. Crown SMCA,2016-11-16,15.89999084919691,-122.27751475548094,37.76728112752839,-122.25,37.75
Robert W. Crown SMCA,2016-11-17,15.38435011357069,-122.27751475548094,37.76728112752839,-122.25,37.75
Robert W. Crown SMCA,2016-11-18,15.133854188024998,-122.27751475548094,37.76728112752839,-122.25,37.75
Robert W. Crown SMCA,2016-11-19,15.0042115598917,-122.27751475548094,37.76728112752839,-122.25,37.75
Robert W. Crown SMCA,2016-11-20,14.97491379082203,-122.27751475548094,37.76728112752839,-122.25,37.75
Robert W. Crown SMCA,2016-11-21,14.913388475775719,-122.27751475548094,37.76728112752839,-122.25,37.75
Robert W. Crown SMCA,2016-11-22,14.792535178363323,-122.27751475548094,37.76728112752839,-122.25,37.75
Robert W. Crown SMCA,2016-11-23,14.626270338892937,-122.27751475548094,37.76728112752839,-122.25,37.75
Robert W. Crown SMCA,2016-11-24,14.52153081446886,-122.27751475548094,37.76728112752839,-122.25,37.75
Robert W. Crown SMCA,2016-11-25,14.614551231265068,-122.27751475548094,37.76728112752839,-122.25,37.75
Robert W. Crown SMCA,2016-11-26,14.471724607050419,-122.27751475548094,37.76728112752839,-122.25,37.75
Robert W. Crown SMCA,2016-11-27,14.177282027900219,-122.27751475548094,37.76728112752839,-122.25,37.75
Robert W. Crown SMCA,2016-11-28,14.05056917667389,-122.27751475548094,37.76728112752839,-122.25,37.75
Robert W. Crown SMCA,2016-11-29,13.786889255046844,-122.27751475548094,37.76728112752839,-122.25,37.75
Robert W. Crown SMCA,2016-11-30,13.690206617116928,-122.27751475548094,37.76728112752839,-122.25,37.75
Robert W. Crown SMCA,2016-12-01,13.516617335379124,-122.27751475548094,37.76728112752839,-122.25,37.75
Robert W. Crown SMCA,2016-12-02,13.245612971484661,-122.27751475548094,37.76728112752839,-122.25,37.75
Robert W. Crown SMCA,2016-12-03,13.082277908921242,-122.27751475548094,37.76728112752839,-122.25,37.75
Robert W. Crown SMCA,2016-12-04,13.017090372741222,-122.27751475548094,37.76728112752839,-122.25,37.75
Robert W. Crown SMCA,2016-12-05,12.94238106161356,-122.27751475548094,37.76728112752839,-122.25,37.75
Robert W. Crown SMCA,2016-12-06,12.718253128230572,-122.27751475548094,37.76728112752839,-122.25,37.75
Robert W. Crown SMCA,2016-12-07,12.516098521649837,-122.27751475548094,37.76728112752839,-122.25,37.75
Robert W. Crown SMCA,2016-12-08,12.399639889597893,-122.27751475548094,37.76728112752839,-122.25,37.75
Robert W. Crown SMCA,2016-12-09,12.38206122815609,-122.27751475548094,37.76728112752839,-122.25,37.75
Robert W. Crown SMCA,2016-12-10,12.40256966650486,-122.27751475548094,37.76728112752839,-122.25,37.75
Robert W. Crown SMCA,2016-12-11,12.41062655299902,-122.27751475548094,37.76728112752839,-122.25,37.75
Robert W. Crown SMCA,2016-12-12,12.385723449289799,-122.27751475548094,37.76728112752839,-122.25,37.75
Robert W. Crown SMCA,2016-12-13,12.404766999185085,-122.27751475548094,37.76728112752839,-122.25,37.75
Robert W. Crown SMCA,2016-12-14,12.352763459086418,-122.27751475548094,37.76728112752839,-122.25,37.75
Robert W. Crown SMCA,2016-12-15,12.20627461373806,-122.27751475548094,37.76728112752839,-122.25,37.75
Robert W. Crown SMCA,2016-12-16,12.069307543337345,-122.27751475548094,37.76728112752839,-122.25,37.75
Robert W. Crown SMCA,2016-12-17,11.591021463274956,-122.27751475548094,37.76728112752839,-122.25,37.75
Robert W. Crown SMCA,2016-12-18,11.164738923311234,-122.27751475548094,37.76728112752839,-122.25,37.75
Robert W. Crown SMCA,2016-12-19,10.980895422399044,-122.27751475548094,37.76728112752839,-122.25,37.75
Robert W. Crown SMCA,2016-12-20,11.0204474106431,-122.27751475548094,37.76728112752839,-122.25,37.75
Robert W. Crown SMCA,2016-12-21,11.143498040735722,-122.27751475548094,37.76728112752839,-122.25,37.75
Robert W. Crown SMCA,2016-12-22,11.292184218764305,-122.27751475548094,37.76728112752839,-122.25,37.75
Robert W. Crown SMCA,2016-12-23,11.34711753576994,-122.27751475548094,37.76728112752839,-122.25,37.75
Robert W. Crown SMCA,2016-12-24,10.886410117149353,-122.27751475548094,37.76728112752839,-122.25,37.75
Robert W. Crown SMCA,2016-12-25,10.586107984185219,-122.27751475548094,37.76728112752839,-122.25,37.75
Robert W. Crown SMCA,2016-12-26,10.583910651504993,-122.27751475548094,37.76728112752839,-122.25,37.75
Robert W. Crown SMCA,2016-12-27,10.687185287475586,-122.27751475548094,37.76728112752839,-122.25,37.75
Robert W. Crown SMCA,2016-12-28,10.702566616237164,-122.27751475548094,37.76728112752839,-122.25,37.75
Robert W. Crown SMCA,2016-12-29,10.739188827574253,-122.27751475548094,37.76728112752839,-122.25,37.75
Robert W. Crown SMCA,2016-12-30,10.820490136742592,-122.27751475548094,37.76728112752839,-122.25,37.75
Robert W. Crown SMCA,2016-12-31,10.555345326662064,-122.27751475548094,37.76728112752839,-122.25,37.75
Robert W. Crown SMCA,2017-01-01,10.203039653599262,-122.27751475548094,37.76728112752839,-122.25,37.75
Robert W. Crown SMCA,2017-01-02,10.008941933512688,-122.27751475548094,37.76728112752839,-122.25,37.75
Robert W. Crown SMCA,2017-01-03,9.94448684155941,-122.27751475548094,37.76728112752839,-122.25,37.75
Robert W. Crown SMCA,2017-01-04,9.892483301460743,-122.27751475548094,37.76728112752839,-122.25,37.75
Robert W. Crown SMCA,2017-01-05,9.990630827844143,-122.27751475548094,37.76728112752839,-122.25,37.75
Robert W. Crown SMCA,2017-01-06,10.160557888448238,-122.27751475548094,37.76728112752839,-122.25,37.75
Robert W. Crown SMCA,2017-01-07,10.07559435814619,-122.27751475548094,37.76728112752839,-122.25,37.75
Robert W. Crown SMCA,2017-01-08,10.05069125443697,-122.27751475548094,37.76728112752839,-122.25,37.75
Robert W. Crown SMCA,2017-01-09,10.195715211331844,-122.27751475548094,37.76728112752839,-122.25,37.75
Robert W. Crown SMCA,2017-01-10,10.304849401116371,-122.27751475548094,37.76728112752839,-122.25,37.75
Robert W. Crown SMCA,2017-01-11,10.38615071028471,-122.27751475548094,37.76728112752839,-122.25,37.75
Robert W. Crown SMCA,2017-01-12,10.545091107487679,-122.27751475548094,37.76728112752839,-122.25,37.75
Robert W. Crown SMCA,2017-01-13,10.458662688732147,-122.27751475548094,37.76728112752839,-122.25,37.75
Robert W. Crown SMCA,2017-01-14,10.434492029249668,-122.27751475548094,37.76728112752839,-122.25,37.75
Robert W. Crown SMCA,2017-01-15,10.508468896150589,-122.27751475548094,37.76728112752839,-122.25,37.75
Robert W. Crown SMCA,2017-01-16,10.701834172010422,-122.27751475548094,37.76728112752839,-122.25,37.75
Robert W. Crown SMCA,2017-01-17,11.006530970335007,-122.27751475548094,37.76728112752839,-122.25,37.75
Robert W. Crown SMCA,2017-01-18,10.984557643532753,-122.27751475548094,37.76728112752839,-122.25,37.75
Robert W. Crown SMCA,2017-01-19,10.8644367903471,-122.27751475548094,37.76728112752839,-122.25,37.75
Robert W. Crown SMCA,2017-01-20,10.95452743023634,-122.27751475548094,37.76728112752839,-122.25,37.75
Robert W. Crown SMCA,2017-01-21,10.921567440032959,-122.27751475548094,37.76728112752839,-122.25,37.75
Robert W. Crown SMCA,2017-01-22,10.901059001684189,-122.27751475548094,37.76728112752839,-122.25,37.75
Robert W. Crown SMCA,2017-01-23,10.84832301735878,-122.27751475548094,37.76728112752839,-122.25,37.75
Robert W. Crown SMCA,2017-01-24,10.872493676841259,-122.27751475548094,37.76728112752839,-122.25,37.75
Robert W. Crown SMCA,2017-01-25,11.070253618061543,-122.27751475548094,37.76728112752839,-122.25,37.75
Robert W. Crown SMCA,2017-01-26,11.270943336188793,-122.27751475548094,37.76728112752839,-122.25,37.75
Robert W. Crown SMCA,2017-01-27,11.448194839060307,-122.27751475548094,37.76728112752839,-122.25,37.75
Robert W. Crown SMCA,2017-01-28,11.673787660896778,-122.27751475548094,37.76728112752839,-122.25,37.75
Robert W. Crown SMCA,2017-01-29,11.916959144175053,-122.27751475548094,37.76728112752839,-122.25,37.75
Robert W. Crown SMCA,2017-01-30,12.001190230250359,-122.27751475548094,37.76728112752839,-122.25,37.75
Robert W. Crown SMCA,2017-01-31,12.187231063842773,-122.27751475548094,37.76728112752839,-122.25,37.75
Robert W. Crown SMCA,2017-02-01,12.185033731162548,-122.27751475548094,37.76728112752839,-122.25,37.75
Robert W. Crown SMCA,2017-02-02,11.903042703866959,-122.27751475548094,37.76728112752839,-122.25,37.75
Robert W. Crown SMCA,2017-02-03,11.980681791901588,-122.27751475548094,37.76728112752839,-122.25,37.75
Robert W. Crown SMCA,2017-02-04,12.245826601982117,-122.27751475548094,37.76728112752839,-122.25,37.75
Robert W. Crown SMCA,2017-02-05,12.423810549080372,-122.27751475548094,37.76728112752839,-122.25,37.75
Robert W. Crown SMCA,2017-02-06,12.469222091138363,-122.27751475548094,37.76728112752839,-122.25,37.75
Robert W. Crown SMCA,2017-02-07,12.57835628092289,-122.27751475548094,37.76728112752839,-122.25,37.75
Robert W. Crown SMCA,2017-02-08,12.754875339567661,-122.27751475548094,37.76728112752839,-122.25,37.75
Robert W. Crown SMCA,2017-02-09,12.873531304299831,-122.27751475548094,37.76728112752839,-122.25,37.75
Robert W. Crown SMCA,2017-02-10,12.965819276869297,-122.27751475548094,37.76728112752839,-122.25,37.75
Robert W. Crown SMCA,2017-02-11,12.890377521514893,-122.27751475548094,37.76728112752839,-122.25,37.75
Robert W. Crown SMCA,2017-02-12,12.71752068400383,-122.27751475548094,37.76728112752839,-122.25,37.75
Robert W. Crown SMCA,2017-02-13,12.73363445699215,-122.27751475548094,37.76728112752839,-122.25,37.75
Robert W. Crown SMCA,2017-02-14,12.937253952026367,-122.27751475548094,37.76728112752839,-122.25,37.75
Robert W. Crown SMCA,2017-02-15,13.222907200455666,-122.27751475548094,37.76728112752839,-122.25,37.75
Robert W. Crown SMCA,2017-02-16,13.197271652519703,-122.27751475548094,37.76728112752839,-122.25,37.75
Robert W. Crown SMCA,2017-02-17,13.317392505705357,-122.27751475548094,37.76728112752839,-122.25,37.75
Robert W. Crown SMCA,2017-02-18,13.124027229845524,-122.27751475548094,37.76728112752839,-122.25,37.75
Robert W. Crown SMCA,2017-02-19,12.846430867910385,-122.27751475548094,37.76728112752839,-122.25,37.75
Robert W. Crown SMCA,2017-02-20,12.827387318015099,-122.27751475548094,37.76728112752839,-122.25,37.75
Robert W. Crown SMCA,2017-02-21,12.858882419764996,-122.27751475548094,37.76728112752839,-122.25,37.75
Robert W. Crown SMCA,2017-02-22,12.834711760282516,-122.27751475548094,37.76728112752839,-122.25,37.75
Robert W. Crown SMCA,2017-02-23,12.513901188969612,-122.27751475548094,37.76728112752839,-122.25,37.75
Robert W. Crown SMCA,2017-02-24,12.175511956214905,-122.27751475548094,37.76728112752839,-122.25,37.75
Robert W. Crown SMCA,2017-02-25,12.158665738999844,-122.27751475548094,37.76728112752839,-122.25,37.75
Robert W. Crown SMCA,2017-02-26,12.346903905272484,-122.27751475548094,37.76728112752839,-122.25,37.75
Robert W. Crown SMCA,2017-02-27,12.315408803522587,-122.27751475548094,37.76728112752839,-122.25,37.75
Robert W. Crown SMCA,2017-02-28,12.043671995401382,-122.27751475548094,37.76728112752839,-122.25,37.75
Robert W. Crown SMCA,2017-03-01,12.019501335918903,-122.27751475548094,37.76728112752839,-122.25,37.75
Robert W. Crown SMCA,2017-03-02,12.135959967970848,-122.27751475548094,37.76728112752839,-122.25,37.75
Robert W. Crown SMCA,2017-03-03,12.259010598063469,-122.27751475548094,37.76728112752839,-122.25,37.75
Robert W. Crown SMCA,2017-03-04,12.358623012900352,-122.27751475548094,37.76728112752839,-122.25,37.75
Robert W. Crown SMCA,2017-03-05,12.363017678260803,-122.27751475548094,37.76728112752839,-122.25,37.75
Robert W. Crown SMCA,2017-03-06,12.121311083436012,-122.27751475548094,37.76728112752839,-122.25,37.75
Robert W. Crown SMCA,2017-03-07,12.28025148063898,-122.27751475548094,37.76728112752839,-122.25,37.75
Robert W. Crown SMCA,2017-03-08,12.566637173295021,-122.27751475548094,37.76728112752839,-122.25,37.75
Robert W. Crown SMCA,2017-03-09,12.79515977203846,-122.27751475548094,37.76728112752839,-122.25,37.75
Robert W. Crown SMCA,2017-03-10,12.95849483460188,-122.27751475548094,37.76728112752839,-122.25,37.75
Robert W. Crown SMCA,2017-03-11,13.090334795415401,-122.27751475548094,37.76728112752839,-122.25,37.75
Robert W. Crown SMCA,2017-03-12,13.208990760147572,-122.27751475548094,37.76728112752839,-122.25,37.75
Robert W. Crown SMCA,2017-03-13,13.422864474356174,-122.27751475548094,37.76728112752839,-122.25,37.75
Robert W. Crown SMCA,2017-03-14,13.747337266802788,-122.27751475548094,37.76728112752839,-122.25,37.75
Robert W. Crown SMCA,2017-03-15,14.09158605337143,-122.27751475548094,37.76728112752839,-122.25,37.75
Robert W. Crown SMCA,2017-03-16,14.254921115934849,-122.27751475548094,37.76728112752839,-122.25,37.75
Robert W. Crown SMCA,2017-03-17,14.4556108340621,-122.27751475548094,37.76728112752839,-122.25,37.75
Robert W. Crown SMCA,2017-03-18,14.732474751770496,-122.27751475548094,37.76728112752839,-122.25,37.75
Robert W. Crown SMCA,2017-03-19,14.889950260519981,-122.27751475548094,37.76728112752839,-122.25,37.75
Robert W. Crown SMCA,2017-03-20,14.862849824130535,-122.27751475548094,37.76728112752839,-122.25,37.75
Robert W. Crown SMCA,2017-03-21,14.673146769404411,-122.27751475548094,37.76728112752839,-122.25,37.75
Robert W. Crown SMCA,2017-03-22,14.867244489490986,-122.27751475548094,37.76728112752839,-122.25,37.75
Robert W. Crown SMCA,2017-03-23,14.635059669613838,-122.27751475548094,37.76728112752839,-122.25,37.75
Robert W. Crown SMCA,2017-03-24,14.597705014050007,-122.27751475548094,37.76728112752839,-122.25,37.75
Robert W. Crown SMCA,2017-03-25,14.602099679410458,-122.27751475548094,37.76728112752839,-122.25,37.75
Robert W. Crown SMCA,2017-03-26,14.651173442602158,-122.27751475548094,37.76728112752839,-122.25,37.75
Robert W. Crown SMCA,2017-03-27,14.458540610969067,-122.27751475548094,37.76728112752839,-122.25,37.75
Robert W. Crown SMCA,2017-03-28,14.330362871289253,-122.27751475548094,37.76728112752839,-122.25,37.75
Robert W. Crown SMCA,2017-03-29,14.320108652114868,-122.27751475548094,37.76728112752839,-122.25,37.75
Robert W. Crown SMCA,2017-03-30,14.399212628602982,-122.27751475548094,37.76728112752839,-122.25,37.75
Robert W. Crown SMCA,2017-03-31,14.131138041615486,-122.27751475548094,37.76728112752839,-122.25,37.75
Robert W. Crown SMCA,2017-04-01,13.907010108232498,-122.27751475548094,37.76728112752839,-122.25,37.75
Robert W. Crown SMCA,2017-04-02,13.948026984930038,-122.27751475548094,37.76728112752839,-122.25,37.75
Robert W. Crown SMCA,2017-04-03,13.865993231534958,-122.27751475548094,37.76728112752839,-122.25,37.75
Robert W. Crown SMCA,2017-04-04,13.780297257006168,-122.27751475548094,37.76728112752839,-122.25,37.75
Robert W. Crown SMCA,2017-04-05,14.062288284301758,-122.27751475548094,37.76728112752839,-122.25,37.75
Robert W. Crown SMCA,2017-04-06,14.295937992632389,-122.27751475548094,37.76728112752839,-122.25,37.75
Robert W. Crown SMCA,2017-04-07,14.071810059249401,-122.27751475548094,37.76728112752839,-122.25,37.75
Robert W. Crown SMCA,2017-04-08,13.806665249168873,-122.27751475548094,37.76728112752839,-122.25,37.75
Robert W. Crown SMCA,2017-04-09,13.633075967431068,-122.27751475548094,37.76728112752839,-122.25,37.75
Robert W. Crown SMCA,2017-04-10,13.789819031953812,-122.27751475548094,37.76728112752839,-122.25,37.75
Robert W. Crown SMCA,2017-04-11,13.98977630585432,-122.27751475548094,37.76728112752839,-122.25,37.75
Robert W. Crown SMCA,2017-04-12,13.994903415441513,-122.27751475548094,37.76728112752839,-122.25,37.75
Robert W. Crown SMCA,2017-04-13,14.004425190389156,-122.27751475548094,37.76728112752839,-122.25,37.75
Robert W. Crown SMCA,2017-04-14,13.74440748989582,-122.27751475548094,37.76728112752839,-122.25,37.75
Robert W. Crown SMCA,2017-04-15,13.638935521245003,-122.27751475548094,37.76728112752839,-122.25,37.75
Robert W. Crown SMCA,2017-04-16,13.821314133703709,-122.27751475548094,37.76728112752839,-122.25,37.75
Robert W. Crown SMCA,2017-04-17,13.94436476379633,-122.27751475548094,37.76728112752839,-122.25,37.75
Robert W. Crown SMCA,2017-04-18,14.257850892841816,-122.27751475548094,37.76728112752839,-122.25,37.75
Robert W. Crown SMCA,2017-04-19,14.671681880950928,-122.27751475548094,37.76728112752839,-122.25,37.75
Robert W. Crown SMCA,2017-04-20,14.944151133298874,-122.27751475548094,37.76728112752839,-122.25,37.75
Robert W. Crown SMCA,2017-04-21,14.975646235048771,-122.27751475548094,37.76728112752839,-122.25,37.75
Robert W. Crown SMCA,2017-04-22,15.148503072559834,-122.27751475548094,37.76728112752839,-122.25,37.75
Robert W. Crown SMCA,2017-04-23,15.172673732042313,-122.27751475548094,37.76728112752839,-122.25,37.75
Robert W. Crown SMCA,2017-04-24,15.109683528542519,-122.27751475548094,37.76728112752839,-122.25,37.75
Robert W. Crown SMCA,2017-04-25,15.08551286906004,-122.27751475548094,37.76728112752839,-122.25,37.75
Robert W. Crown SMCA,2017-04-26,15.16315195709467,-122.27751475548094,37.76728112752839,-122.25,37.75
Robert W. Crown SMCA,2017-04-27,15.117740415036678,-122.27751475548094,37.76728112752839,-122.25,37.75
Robert W. Crown SMCA,2017-04-28,14.845271162688732,-122.27751475548094,37.76728112752839,-122.25,37.75
Robert W. Crown SMCA,2017-04-29,14.59916990250349,-122.27751475548094,37.76728112752839,-122.25,37.75
Robert W. Crown SMCA,2017-04-30,14.584521017968655,-122.27751475548094,37.76728112752839,-122.25,37.75
Robert W. Crown SMCA,2017-05-01,14.51713614910841,-122.27751475548094,37.76728112752839,-122.25,37.75
Robert W. Crown SMCA,2017-05-02,14.528855256736279,-122.27751475548094,37.76728112752839,-122.25,37.75
Robert W. Crown SMCA,2017-05-03,14.687795653939247,-122.27751475548094,37.76728112752839,-122.25,37.75
Robert W. Crown SMCA,2017-05-04,14.952208019793034,-122.27751475548094,37.76728112752839,-122.25,37.75
Robert W. Crown SMCA,2017-05-05,15.059144876897335,-122.27751475548094,37.76728112752839,-122.25,37.75
Robert W. Crown SMCA,2017-05-06,14.562547691166401,-122.27751475548094,37.76728112752839,-122.25,37.75
Robert W. Crown SMCA,2017-05-07,13.811059914529324,-122.27751475548094,37.76728112752839,-122.25,37.75
Robert W. Crown SMCA,2017-05-08,13.58033998310566,-122.27751475548094,37.76728112752839,-122.25,37.75
Robert W. Crown SMCA,2017-05-09,13.599383533000946,-122.27751475548094,37.76728112752839,-122.25,37.75
Robert W. Crown SMCA,2017-05-10,13.712912388145924,-122.27751475548094,37.76728112752839,-122.25,37.75
Robert W. Crown SMCA,2017-05-11,14.07107761502266,-122.27751475548094,37.76728112752839,-122.25,37.75
Robert W. Crown SMCA,2017-05-12,14.458540610969067,-122.27751475548094,37.76728112752839,-122.25,37.75
Robert W. Crown SMCA,2017-05-13,14.150914035737514,-122.27751475548094,37.76728112752839,-122.25,37.75
Robert W. Crown SMCA,2017-05-14,13.970000311732292,-122.27751475548094,37.76728112752839,-122.25,37.75
Robert W. Crown SMCA,2017-05-15,13.792016364634037,-122.27751475548094,37.76728112752839,-122.25,37.75
Robert W. Crown SMCA,2017-05-16,13.675557732582092,-122.27751475548094,37.76728112752839,-122.25,37.75
Robert W. Crown SMCA,2017-05-17,13.730491049587727,-122.27751475548094,37.76728112752839,-122.25,37.75
Robert W. Crown SMCA,2017-05-18,13.942899875342846,-122.27751475548094,37.76728112752839,-122.25,37.75
Robert W. Crown SMCA,2017-05-19,14.27616199851036,-122.27751475548094,37.76728112752839,-122.25,37.75
Robert W. Crown SMCA,2017-05-20,14.704641871154308,-122.27751475548094,37.76728112752839,-122.25,37.75
Robert W. Crown SMCA,2017-05-21,15.089175090193748,-122.27751475548094,37.76728112752839,-122.25,37.75
Robert W. Crown SMCA,2017-05-22,15.468581199645996,-122.27751475548094,37.76728112752839,-122.25,37.75
Robert W. Crown SMCA,2017-05-23,16.00180059671402,-122.27751475548094,37.76728112752839,-122.25,37.75
Robert W. Crown SMCA,2017-05-24,16.494735561311245,-122.27751475548094,37.76728112752839,-122.25,37.75
Robert W. Crown SMCA,2017-05-25,16.633167520165443,-122.27751475548094,37.76728112752839,-122.25,37.75
Robert W. Crown SMCA,2017-05-26,16.61192663758993,-122.27751475548094,37.76728112752839,-122.25,37.75
Robert W. Crown SMCA,2017-05-27,16.94738609343767,-122.27751475548094,37.76728112752839,-122.25,37.75
Robert W. Crown SMCA,2017-05-28,17.078493610024452,-122.27751475548094,37.76728112752839,-122.25,37.75
Robert W. Crown SMCA,2017-05-29,16.711539052426815,-122.27751475548094,37.76728112752839,-122.25,37.75
Robert W. Crown SMCA,2017-05-30,16.454451128840446,-122.27751475548094,37.76728112752839,-122.25,37.75
Robert W. Crown SMCA,2017-05-31,16.335062719881535,-122.27751475548094,37.76728112752839,-122.25,37.75
Robert W. Crown SMCA,2017-06-01,16.56285287439823,-122.27751475548094,37.76728112752839,-122.25,37.75
Robert W. Crown SMCA,2017-06-02,16.675649285316467,-122.27751475548094,37.76728112752839,-122.25,37.75
Robert W. Crown SMCA,2017-06-03,16.66832484304905,-122.27751475548094,37.76728112752839,-122.25,37.75
Robert W. Crown SMCA,2017-06-04,16.50865200161934,-122.27751475548094,37.76728112752839,-122.25,37.75
Robert W. Crown SMCA,2017-06-05,16.298440508544445,-122.27751475548094,37.76728112752839,-122.25,37.75
Robert W. Crown SMCA,2017-06-06,16.225928530097008,-122.27751475548094,37.76728112752839,-122.25,37.75
Robert W. Crown SMCA,2017-06-07,16.27939695864916,-122.27751475548094,37.76728112752839,-122.25,37.75
Robert W. Crown SMCA,2017-06-08,16.592150643467903,-122.27751475548094,37.76728112752839,-122.25,37.75
Robert W. Crown SMCA,2017-06-09,17.003051854670048,-122.27751475548094,37.76728112752839,-122.25,37.75
Robert W. Crown SMCA,2017-06-10,17.20081179589033,-122.27751475548094,37.76728112752839,-122.25,37.75
Robert W. Crown SMCA,2017-06-11,16.957640312612057,-122.27751475548094,37.76728112752839,-122.25,37.75
Robert W. Crown SMCA,2017-06-12,16.786248363554478,-122.27751475548094,37.76728112752839,-122.25,37.75
Robert W. Crown SMCA,2017-06-13,16.69249550253153,-122.27751475548094,37.76728112752839,-122.25,37.75
Robert W. Crown SMCA,2017-06-14,16.647083960473537,-122.27751475548094,37.76728112752839,-122.25,37.75
Robert W. Crown SMCA,2017-06-15,16.658803068101406,-122.27751475548094,37.76728112752839,-122.25,37.75
Robert W. Crown SMCA,2017-06-16,16.80822169035673,-122.27751475548094,37.76728112752839,-122.25,37.75
Robert W. Crown SMCA,2017-06-17,16.90124210715294,-122.27751475548094,37.76728112752839,-122.25,37.75
Robert W. Crown SMCA,2017-06-18,16.932737208902836,-122.27751475548094,37.76728112752839,-122.25,37.75
Robert W. Crown SMCA,2017-06-19,17.063844725489616,-122.27751475548094,37.76728112752839,-122.25,37.75
Robert W. Crown SMCA,2017-06-20,17.099734492599964,-122.27751475548094,37.76728112752839,-122.25,37.75
Robert W. Crown SMCA,2017-06-21,16.964964754879475,-122.27751475548094,37.76728112752839,-122.25,37.75
Robert W. Crown SMCA,2017-06-22,16.97961363941431,-122.27751475548094,37.76728112752839,-122.25,37.75
Robert W. Crown SMCA,2017-06-23,17.47401349246502,-122.27751475548094,37.76728112752839,-122.25,37.75
Robert W. Crown SMCA,2017-06-24,18.184484392404556,-122.27751475548094,37.76728112752839,-122.25,37.75
Robert W. Crown SMCA,2017-06-25,18.544114507734776,-122.27751475548094,37.76728112752839,-122.25,37.75
Robert W. Crown SMCA,2017-06-26,18.761650443077087,-122.27751475548094,37.76728112752839,-122.25,37.75
Robert W. Crown SMCA,2017-06-27,18.801934875547886,-122.27751475548094,37.76728112752839,-122.25,37.75
Robert W. Crown SMCA,2017-06-28,18.442304760217667,-122.27751475548094,37.76728112752839,-122.25,37.75
Robert W. Crown SMCA,2017-06-29,18.256996370851994,-122.27751475548094,37.76728112752839,-122.25,37.75
Robert W. Crown SMCA,2017-06-30,18.01821955293417,-122.27751475548094,37.76728112752839,-122.25,37.75
Robert W. Crown SMCA,2017-07-01,17.723044529557228,-122.27751475548094,37.76728112752839,-122.25,37.75
Robert W. Crown SMCA,2017-07-02,17.476210825145245,-122.27751475548094,37.76728112752839,-122.25,37.75
Robert W. Crown SMCA,2017-07-03,17.496719263494015,-122.27751475548094,37.76728112752839,-122.25,37.75
Robert W. Crown SMCA,2017-07-04,17.722312085330486,-122.27751475548094,37.76728112752839,-122.25,37.75
Robert W. Crown SMCA,2017-07-05,17.961821347475052,-122.27751475548094,37.76728112752839,-122.25,37.75
Robert W. Crown SMCA,2017-07-06,17.8504898250103,-122.27751475548094,37.76728112752839,-122.25,37.75
Robert W. Crown SMCA,2017-07-07,17.755272075533867,-122.27751475548094,37.76728112752839,-122.25,37.75
Robert W. Crown SMCA,2017-07-08,17.6051210090518,-122.27751475548094,37.76728112752839,-122.25,37.75
Robert W. Crown SMCA,2017-07-09,17.530411697924137,-122.27751475548094,37.76728112752839,-122.25,37.75
Robert W. Crown SMCA,2017-07-10,17.538468584418297,-122.27751475548094,37.76728112752839,-122.25,37.75
Robert W. Crown SMCA,2017-07-11,17.513565480709076,-122.27751475548094,37.76728112752839,-122.25,37.75
Robert W. Crown SMCA,2017-07-12,17.542863249778748,-122.27751475548094,37.76728112752839,-122.25,37.75
Robert W. Crown SMCA,2017-07-13,17.681295208632946,-122.27751475548094,37.76728112752839,-122.25,37.75
Robert W. Crown SMCA,2017-07-14,17.798486284911633,-122.27751475548094,37.76728112752839,-122.25,37.75
Robert W. Crown SMCA,2017-07-15,17.863673821091652,-122.27751475548094,37.76728112752839,-122.25,37.75
Robert W. Crown SMCA,2017-07-16,17.832911163568497,-122.27751475548094,37.76728112752839,-122.25,37.75
Robert W. Crown SMCA,2017-07-17,17.83437605202198,-122.27751475548094,37.76728112752839,-122.25,37.75
Robert W. Crown SMCA,2017-07-18,17.86660359799862,-122.27751475548094,37.76728112752839,-122.25,37.75
Robert W. Crown SMCA,2017-07-19,17.942777797579765,-122.27751475548094,37.76728112752839,-122.25,37.75
Robert W. Crown SMCA,2017-07-20,18.016022220253944,-122.27751475548094,37.76728112752839,-122.25,37.75
Robert W. Crown SMCA,2017-07-21,18.04239021241665,-122.27751475548094,37.76728112752839,-122.25,37.75
Robert W. Crown SMCA,2017-07-22,18.060701318085194,-122.27751475548094,37.76728112752839,-122.25,37.75
Robert W. Crown SMCA,2017-07-23,18.176427505910397,-122.27751475548094,37.76728112752839,-122.25,37.75
Robert W. Crown SMCA,2017-07-24,18.28409680724144,-122.27751475548094,37.76728112752839,-122.25,37.75
Robert W. Crown SMCA,2017-07-25,18.453291423618793,-122.27751475548094,37.76728112752839,-122.25,37.75
Robert W. Crown SMCA,2017-07-26,18.810724206268787,-122.27751475548094,37.76728112752839,-122.25,37.75
Robert W. Crown SMCA,2017-07-27,18.87737663090229,-122.27751475548094,37.76728112752839,-122.25,37.75
Robert W. Crown SMCA,2017-07-28,18.70964690297842,-122.27751475548094,37.76728112752839,-122.25,37.75
Robert W. Crown SMCA,2017-07-29,18.585863828659058,-122.27751475548094,37.76728112752839,-122.25,37.75
Robert W. Crown SMCA,2017-07-30,18.573412276804447,-122.27751475548094,37.76728112752839,-122.25,37.75
Robert W. Crown SMCA,2017-07-31,18.912533953785896,-122.27751475548094,37.76728112752839,-122.25,37.75
Robert W. Crown SMCA,2017-08-01,19.198919646441936,-122.27751475548094,37.76728112752839,-122.25,37.75
Robert W. Crown SMCA,2017-08-02,19.33515427261591,-122.27751475548094,37.76728112752839,-122.25,37.75
Robert W. Crown SMCA,2017-08-03,19.685995057225227,-122.27751475548094,37.76728112752839,-122.25,37.75
Robert W. Crown SMCA,2017-08-04,19.990691855549812,-122.27751475548094,37.76728112752839,-122.25,37.75
Robert W. Crown SMCA,2017-08-05,20.18552201986313,-122.27751475548094,37.76728112752839,-122.25,37.75
Robert W. Crown SMCA,2017-08-06,20.277809992432594,-122.27751475548094,37.76728112752839,-122.25,37.75
Robert W. Crown SMCA,2017-08-07,20.028778955340385,-122.27751475548094,37.76728112752839,-122.25,37.75
Robert W. Crown SMCA,2017-08-08,19.856654562056065,-122.27751475548094,37.76728112752839,-122.25,37.75
Robert W. Crown SMCA,2017-08-09,19.809045687317848,-122.27751475548094,37.76728112752839,-122.25,37.75
Robert W. Crown SMCA,2017-08-10,19.696981720626354,-122.27751475548094,37.76728112752839,-122.25,37.75
Robert W. Crown SMCA,2017-08-11,19.541703544557095,-122.27751475548094,37.76728112752839,-122.25,37.75
Robert W. Crown SMCA,2017-08-12,19.34687338024378,-122.27751475548094,37.76728112752839,-122.25,37.75
Robert W. Crown SMCA,2017-08-13,19.206976532936096,-122.27751475548094,37.76728112752839,-122.25,37.75
Robert W. Crown SMCA,2017-08-14,19.116885893046856,-122.27751475548094,37.76728112752839,-122.25,37.75
Robert W. Crown SMCA,2017-08-15,18.95501571893692,-122.27751475548094,37.76728112752839,-122.25,37.75
Robert W. Crown SMCA,2017-08-16,18.90520951151848,-122.27751475548094,37.76728112752839,-122.25,37.75
Robert W. Crown SMCA,2017-08-17,19.02093569934368,-122.27751475548094,37.76728112752839,-122.25,37.75
Robert W. Crown SMCA,2017-08-18,19.346140936017036,-122.27751475548094,37.76728112752839,-122.25,37.75
Robert W. Crown SMCA,2017-08-19,19.349070712924004,-122.27751475548094,37.76728112752839,-122.25,37.75
Robert W. Crown SMCA,2017-08-20,19.256050296127796,-122.27751475548094,37.76728112752839,-122.25,37.75
Robert W. Crown SMCA,2017-08-21,19.5680715367198,-122.27751475548094,37.76728112752839,-122.25,37.75
Robert W. Crown SMCA,2017-08-22,20.058076724410057,-122.27751475548094,37.76728112752839,-122.25,37.75
Robert W. Crown SMCA,2017-08-23,20.171605579555035,-122.27751475548094,37.76728112752839,-122.25,37.75
Robert W. Crown SMCA,2017-08-24,19.713095493614674,-122.27751475548094,37.76728112752839,-122.25,37.75
Robert W. Crown SMCA,2017-08-25,19.43403424322605,-122.27751475548094,37.76728112752839,-122.25,37.75
Robert W. Crown SMCA,2017-08-26,19.300729393959045,-122.27751475548094,37.76728112752839,-122.25,37.75
Robert W. Crown SMCA,2017-08-27,19.394482254981995,-122.27751475548094,37.76728112752839,-122.25,37.75
Robert W. Crown SMCA,2017-08-28,19.529984436929226,-122.27751475548094,37.76728112752839,-122.25,37.75
Robert W. Crown SMCA,2017-08-29,19.55195776373148,-122.27751475548094,37.76728112752839,-122.25,37.75
Robert W. Crown SMCA,2017-08-30,19.509475998580456,-122.27751475548094,37.76728112752839,-122.25,37.75
Robert W. Crown SMCA,2017-08-31,19.4296395778656,-122.27751475548094,37.76728112752839,-122.25,37.75
Robert W. Crown SMCA,2017-09-01,19.418652914464474,-122.27751475548094,37.76728112752839,-122.25,37.75
Robert W. Crown SMCA,2017-09-02,19.716757714748383,-122.27751475548094,37.76728112752839,-122.25,37.75
Robert W. Crown SMCA,2017-09-03,20.041962951421738,-122.27751475548094,37.76728112752839,-122.25,37.75
Robert W. Crown SMCA,2017-09-04,20.323221534490585,-122.27751475548094,37.76728112752839,-122.25,37.75
Robert W. Crown SMCA,2017-09-05,20.704092532396317,-122.27751475548094,37.76728112752839,-122.25,37.75
Robert W. Crown SMCA,2017-09-06,20.973632007837296,-122.27751475548094,37.76728112752839,-122.25,37.75
Robert W. Crown SMCA,2017-09-07,21.12305063009262,-122.27751475548094,37.76728112752839,-122.25,37.75
Robert W. Crown SMCA,2017-09-08,21.18384350091219,-122.27751475548094,37.76728112752839,-122.25,37.75
Robert W. Crown SMCA,2017-09-09,20.84911648929119,-122.27751475548094,37.76728112752839,-122.25,37.75
Robert W. Crown SMCA,2017-09-10,20.59935300797224,-122.27751475548094,37.76728112752839,-122.25,37.75
Robert W. Crown SMCA,2017-09-11,20.60374767333269,-122.27751475548094,37.76728112752839,-122.25,37.75
Robert W. Crown SMCA,2017-09-12,20.76268807053566,-122.27751475548094,37.76728112752839,-122.25,37.75
Robert W. Crown SMCA,2017-09-13,20.94653157144785,-122.27751475548094,37.76728112752839,-122.25,37.75
Robert W. Crown SMCA,2017-09-14,20.68578142672777,-122.27751475548094,37.76728112752839,-122.25,37.75
Robert W. Crown SMCA,2017-09-15,20.39060640335083,-122.27751475548094,37.76728112752839,-122.25,37.75
Robert W. Crown SMCA,2017-09-16,20.119602039456367,-122.27751475548094,37.76728112752839,-122.25,37.75
Robert W. Crown SMCA,2017-09-17,19.889614552259445,-122.27751475548094,37.76728112752839,-122.25,37.75
Robert W. Crown SMCA,2017-09-18,19.78487502783537,-122.27751475548094,37.76728112752839,-122.25,37.75
Robert W. Crown SMCA,2017-09-19,19.579790644347668,-122.27751475548094,37.76728112752839,-122.25,37.75
Robert W. Crown SMCA,2017-09-20,19.41718802601099,-122.27751475548094,37.76728112752839,-122.25,37.75
Robert W. Crown SMCA,2017-09-21,19.23700674623251,-122.27751475548094,37.76728112752839,-122.25,37.75
Robert W. Crown SMCA,2017-09-22,18.95135349780321,-122.27751475548094,37.76728112752839,-122.25,37.75
Robert W. Crown SMCA,2017-09-23,18.764580219984055,-122.27751475548094,37.76728112752839,-122.25,37.75
Robert W. Crown SMCA,2017-09-24,18.696462906897068,-122.27751475548094,37.76728112752839,-122.25,37.75
Robert W. Crown SMCA,2017-09-25,18.710379347205162,-122.27751475548094,37.76728112752839,-122.25,37.75
Robert W. Crown SMCA,2017-09-26,18.730887785553932,-122.27751475548094,37.76728112752839,-122.25,37.75
Robert W. Crown SMCA,2017-09-27,18.847346417605877,-122.27751475548094,37.76728112752839,-122.25,37.75
Robert W. Crown SMCA,2017-09-28,19.140324108302593,-122.27751475548094,37.76728112752839,-122.25,37.75
Robert W. Crown SMCA,2017-09-29,19.300729393959045,-122.27751475548094,37.76728112752839,-122.25,37.75
Robert W. Crown SMCA,2017-09-30,18.86053041368723,-122.27751475548094,37.76728112752839,-122.25,37.75
Robert W. Crown SMCA,2017-10-01,18.41886654496193,-122.27751475548094,37.76728112752839,-122.25,37.75
Robert W. Crown SMCA,2017-10-02,17.939848020672798,-122.27751475548094,37.76728112752839,-122.25,37.75
Robert W. Crown SMCA,2017-10-03,17.49891659617424,-122.27751475548094,37.76728112752839,-122.25,37.75
Robert W. Crown SMCA,2017-10-04,17.282845549285412,-122.27751475548094,37.76728112752839,-122.25,37.75
Robert W. Crown SMCA,2017-10-05,17.202276684343815,-122.27751475548094,37.76728112752839,-122.25,37.75
Robert W. Crown SMCA,2017-10-06,17.046998508274555,-122.27751475548094,37.76728112752839,-122.25,37.75
Robert W. Crown SMCA,2017-10-07,16.916623435914516,-122.27751475548094,37.76728112752839,-122.25,37.75
Robert W. Crown SMCA,2017-10-08,16.61192663758993,-122.27751475548094,37.76728112752839,-122.25,37.75
Robert W. Crown SMCA,2017-10-09,16.269875183701515,-122.27751475548094,37.76728112752839,-122.25,37.75
Robert W. Crown SMCA,2017-10-10,16.35337382555008,-122.27751475548094,37.76728112752839,-122.25,37.75
Robert W. Crown SMCA,2017-10-11,16.351176492869854,-122.27751475548094,37.76728112752839,-122.25,37.75
Robert W. Crown SMCA,2017-10-12,15.659016698598862,-122.27751475548094,37.76728112752839,-122.25,37.75
Robert W. Crown SMCA,2017-10-13,15.281075477600098,-122.27751475548094,37.76728112752839,-122.25,37.75
Robert W. Crown SMCA,2017-10-14,15.023987554013729,-122.27751475548094,37.76728112752839,-122.25,37.75
Robert W. Crown SMCA,2017-10-15,14.975646235048771,-122.27751475548094,37.76728112752839,-122.25,37.75
Robert W. Crown SMCA,2017-10-16,15.125797301530838,-122.27751475548094,37.76728112752839,-122.25,37.75
Robert W. Crown SMCA,2017-10-17,15.290597252547741,-122.27751475548094,37.76728112752839,-122.25,37.75
Robert W. Crown SMCA,2017-10-18,15.297189250588417,-122.27751475548094,37.76728112752839,-122.25,37.75
Robert W. Crown SMCA,2017-10-19,15.203436389565468,-122.27751475548094,37.76728112752839,-122.25,37.75
Robert W. Crown SMCA,2017-10-20,15.074526205658913,-122.27751475548094,37.76728112752839,-122.25,37.75
Robert W. Crown SMCA,2017-10-21,14.900204479694366,-122.27751475548094,37.76728112752839,-122.25,37.75
Robert W. Crown SMCA,2017-10-22,14.981505788862705,-122.27751475548094,37.76728112752839,-122.25,37.75
Robert W. Crown SMCA,2017-10-23,15.011536002159119,-122.27751475548094,37.76728112752839,-122.25,37.75
Robert W. Crown SMCA,2017-10-24,15.043031103909016,-122.27751475548094,37.76728112752839,-122.25,37.75
Robert W. Crown SMCA,2017-10-25,15.174871064722538,-122.27751475548094,37.76728112752839,-122.25,37.75
Robert W. Crown SMCA,2017-10-26,15.292062141001225,-122.27751475548094,37.76728112752839,-122.25,37.75
Robert W. Crown SMCA,2017-10-27,15.436353653669357,-122.27751475548094,37.76728112752839,-122.25,37.75
Robert W. Crown SMCA,2017-10-28,15.556474506855011,-122.27751475548094,37.76728112752839,-122.25,37.75
Robert W. Crown SMCA,2017-10-29,15.57625050097704,-122.27751475548094,37.76728112752839,-122.25,37.75
Robert W. Crown SMCA,2017-10-30,15.508865632116795,-122.27751475548094,37.76728112752839,-122.25,37.75
Robert W. Crown SMCA,2017-10-31,15.418774992227554,-122.27751475548094,37.76728112752839,-122.25,37.75
Robert W. Crown SMCA,2017-11-01,15.57625050097704,-122.27751475548094,37.76728112752839,-122.25,37.75
Robert W. Crown SMCA,2017-11-02,15.839930422604084,-122.27751475548094,37.76728112752839,-122.25,37.75
Robert W. Crown SMCA,2017-11-03,15.831141091883183,-122.27751475548094,37.76728112752839,-122.25,37.75
Robert W. Crown SMCA,2017-11-04,15.783532217144966,-122.27751475548094,37.76728112752839,-122.25,37.75
Robert W. Crown SMCA,2017-11-05,15.682454913854599,-122.27751475548094,37.76728112752839,-122.25,37.75
Robert W. Crown SMCA,2017-11-06,15.479567863047123,-122.27751475548094,37.76728112752839,-122.25,37.75
Robert W. Crown SMCA,2017-11-07,15.415845215320587,-122.27751475548094,37.76728112752839,-122.25,37.75
Robert W. Crown SMCA,2017-11-08,15.324289686977863,-122.27751475548094,37.76728112752839,-122.25,37.75
Robert W. Crown SMCA,2017-11-09,15.086245313286781,-122.27751475548094,37.76728112752839,-122.25,37.75
Robert W. Crown SMCA,2017-11-10,15.218085274100304,-122.27751475548094,37.76728112752839,-122.25,37.75
Robert W. Crown SMCA,2017-11-11,15.329416796565056,-122.27751475548094,37.76728112752839,-122.25,37.75
Robert W. Crown SMCA,2017-11-12,15.445875428617,-122.27751475548094,37.76728112752839,-122.25,37.75
Robert W. Crown SMCA,2017-11-13,15.413647882640362,-122.27751475548094,37.76728112752839,-122.25,37.75
Robert W. Crown SMCA,2017-11-14,15.409985661506653,-122.27751475548094,37.76728112752839,-122.25,37.75
Robert W. Crown SMCA,2017-11-15,15.524246960878372,-122.27751475548094,37.76728112752839,-122.25,37.75
Robert W. Crown SMCA,2017-11-16,15.456129647791386,-122.27751475548094,37.76728112752839,-122.25,37.75
Robert W. Crown SMCA,2017-11-17,15.273018591105938,-122.27751475548094,37.76728112752839,-122.25,37.75
Robert W. Crown SMCA,2017-11-18,15.031311996281147,-122.27751475548094,37.76728112752839,-122.25,37.75
Robert W. Crown SMCA,2017-11-19,15.14703818410635,-122.27751475548094,37.76728112752839,-122.25,37.75
Robert W. Crown SMCA,2017-11-20,15.2495803758502,-122.27751475548094,37.76728112752839,-122.25,37.75
Robert W. Crown SMCA,2017-11-21,15.218085274100304,-122.27751475548094,37.76728112752839,-122.25,37.75
Robert W. Crown SMCA,2017-11-22,15.299386583268642,-122.27751475548094,37.76728112752839,-122.25,37.75
Robert W. Crown SMCA,2017-11-23,15.456862092018127,-122.27751475548094,37.76728112752839,-122.25,37.75
Robert W. Crown SMCA,2017-11-24,15.548417620360851,-122.27751475548094,37.76728112752839,-122.25,37.75
Robert W. Crown SMCA,2017-11-25,15.628986485302448,-122.27751475548094,37.76728112752839,-122.25,37.75
Robert W. Crown SMCA,2017-11-26,15.500076301395893,-122.27751475548094,37.76728112752839,-122.25,37.75
Robert W. Crown SMCA,2017-11-27,15.177800841629505,-122.27751475548094,37.76728112752839,-122.25,37.75
Robert W. Crown SMCA,2017-11-28,14.824762724339962,-122.27751475548094,37.76728112752839,-122.25,37.75
Robert W. Crown SMCA,2017-11-29,14.563280135393143,-122.27751475548094,37.76728112752839,-122.25,37.75
Robert W. Crown SMCA,2017-11-30,14.38602863252163,-122.27751475548094,37.76728112752839,-122.25,37.75
Robert W. Crown SMCA,2017-12-01,14.326700650155544,-122.27751475548094,37.76728112752839,-122.25,37.75
Robert W. Crown SMCA,2017-12-02,14.293740659952164,-122.27751475548094,37.76728112752839,-122.25,37.75
Robert W. Crown SMCA,2017-12-03,14.130405597388744,-122.27751475548094,37.76728112752839,-122.25,37.75
Robert W. Crown SMCA,2017-12-04,13.751731932163239,-122.27751475548094,37.76728112752839,-122.25,37.75
Robert W. Crown SMCA,2017-12-05,13.39210181683302,-122.27751475548094,37.76728112752839,-122.25,37.75
Robert W. Crown SMCA,2017-12-06,13.452162243425846,-122.27751475548094,37.76728112752839,-122.25,37.75
Robert W. Crown SMCA,2017-12-07,13.615497305989265,-122.27751475548094,37.76728112752839,-122.25,37.75
Robert W. Crown SMCA,2017-12-08,13.685811951756477,-122.27751475548094,37.76728112752839,-122.25,37.75
Robert W. Crown SMCA,2017-12-09,13.73195593804121,-122.27751475548094,37.76728112752839,-122.25,37.75
Robert W. Crown SMCA,2017-12-10,13.729026161134243,-122.27751475548094,37.76728112752839,-122.25,37.75
Robert W. Crown SMCA,2017-12-11,13.682149730622768,-122.27751475548094,37.76728112752839,-122.25,37.75
Robert W. Crown SMCA,2017-12-12,13.74440748989582,-122.27751475548094,37.76728112752839,-122.25,37.75
Robert W. Crown SMCA,2017-12-13,13.646992407739162,-122.27751475548094,37.76728112752839,-122.25,37.75
Robert W. Crown SMCA,2017-12-14,13.42945647239685,-122.27751475548094,37.76728112752839,-122.25,37.75
Robert W. Crown SMCA,2017-12-15,13.1796929910779,-122.27751475548094,37.76728112752839,-122.25,37.75
Robert W. Crown SMCA,2017-12-16,12.573961615562439,-122.27751475548094,37.76728112752839,-122.25,37.75
Robert W. Crown SMCA,2017-12-17,12.016571559011936,-122.27751475548094,37.76728112752839,-122.25,37.75
Robert W. Crown SMCA,2017-12-18,11.804162733256817,-122.27751475548094,37.76728112752839,-122.25,37.75
Robert W. Crown SMCA,2017-12-19,11.788048960268497,-122.27751475548094,37.76728112752839,-122.25,37.75
Robert W. Crown SMCA,2017-12-20,11.491409048438072,-122.27751475548094,37.76728112752839,-122.25,37.75
Robert W. Crown SMCA,2017-12-21,11.009460747241974,-122.27751475548094,37.76728112752839,-122.25,37.75
Robert W. Crown SMCA,2017-12-22,10.914975441992283,-122.27751475548094,37.76728112752839,-122.25,37.75
Robert W. Crown SMCA,2017-12-23,11.114932715892792,-122.27751475548094,37.76728112752839,-122.25,37.75
Robert W. Crown SMCA,2017-12-24,11.25336467474699,-122.27751475548094,37.76728112752839,-122.25,37.75
Robert W. Crown SMCA,2017-12-25,11.235053569078445,-122.27751475548094,37.76728112752839,-122.25,37.75
Robert W. Crown SMCA,2017-12-26,11.33539842814207,-122.27751475548094,37.76728112752839,-122.25,37.75
Robert W. Crown SMCA,2017-12-27,11.44965972751379,-122.27751475548094,37.76728112752839,-122.25,37.75
Robert W. Crown SMCA,2017-12-28,11.511917486786842,-122.27751475548094,37.76728112752839,-122.25,37.75
Robert W. Crown SMCA,2017-12-29,11.657673887908459,-122.27751475548094,37.76728112752839,-122.25,37.75
Robert W. Crown SMCA,2017-12-30,11.720664091408253,-122.27751475548094,37.76728112752839,-122.25,37.75
Robert W. Crown SMCA,2017-12-31,11.79757073521614,-122.27751475548094,37.76728112752839,-122.25,37.75
Robert W. Crown SMCA,2018-01-01,11.812952063977718,-122.27751475548094,37.76728112752839,-122.25,37.75
Robert W. Crown SMCA,2018-01-02,11.897183150053024,-122.27751475548094,37.76728112752839,-122.25,37.75
Robert W. Crown SMCA,2018-01-03,11.914761811494827,-122.27751475548094,37.76728112752839,-122.25,37.75
Robert W. Crown SMCA,2018-01-04,11.741172529757023,-122.27751475548094,37.76728112752839,-122.25,37.75
Robert W. Crown SMCA,2018-01-05,11.763145856559277,-122.27751475548094,37.76728112752839,-122.25,37.75
Robert W. Crown SMCA,2018-01-06,11.950651578605175,-122.27751475548094,37.76728112752839,-122.25,37.75
Robert W. Crown SMCA,2018-01-07,12.171849735081196,-122.27751475548094,37.76728112752839,-122.25,37.75
Robert W. Crown SMCA,2018-01-08,12.302224807441235,-122.27751475548094,37.76728112752839,-122.25,37.75
Robert W. Crown SMCA,2018-01-09,12.121311083436012,-122.27751475548094,37.76728112752839,-122.25,37.75
Robert W. Crown SMCA,2018-01-10,12.003387562930584,-122.27751475548094,37.76728112752839,-122.25,37.75
Robert W. Crown SMCA,2018-01-11,12.051728881895542,-122.27751475548094,37.76728112752839,-122.25,37.75
Robert W. Crown SMCA,2018-01-12,12.192358173429966,-122.27751475548094,37.76728112752839,-122.25,37.75
Robert W. Crown SMCA,2018-01-13,12.388653226196766,-122.27751475548094,37.76728112752839,-122.25,37.75
Robert W. Crown SMCA,2018-01-14,12.584948278963566,-122.27751475548094,37.76728112752839,-122.25,37.75
Robert W. Crown SMCA,2018-01-15,12.680166028439999,-122.27751475548094,37.76728112752839,-122.25,37.75
Robert W. Crown SMCA,2018-01-16,12.667714476585388,-122.27751475548094,37.76728112752839,-122.25,37.75
Robert W. Crown SMCA,2018-01-17,12.783440664410591,-122.27751475548094,37.76728112752839,-122.25,37.75
Robert W. Crown SMCA,2018-01-18,12.851557977497578,-122.27751475548094,37.76728112752839,-122.25,37.75
Robert W. Crown SMCA,2018-01-19,12.772454001009464,-122.27751475548094,37.76728112752839,-122.25,37.75
Robert W. Crown SMCA,2018-01-20,12.327860355377197,-122.27751475548094,37.76728112752839,-122.25,37.75
Robert W. Crown SMCA,2018-01-21,12.185033731162548,-122.27751475548094,37.76728112752839,-122.25,37.75
Robert W. Crown SMCA,2018-01-22,12.168919958174229,-122.27751475548094,37.76728112752839,-122.25,37.75
Robert W. Crown SMCA,2018-01-23,12.302224807441235,-122.27751475548094,37.76728112752839,-122.25,37.75
Robert W. Crown SMCA,2018-01-24,12.43113499134779,-122.27751475548094,37.76728112752839,-122.25,37.75
Robert W. Crown SMCA,2018-01-25,12.044404439628124,-122.27751475548094,37.76728112752839,-122.25,37.75
Robert W. Crown SMCA,2018-01-26,11.83419294655323,-122.27751475548094,37.76728112752839,-122.25,37.75
Robert W. Crown SMCA,2018-01-27,11.95651113241911,-122.27751475548094,37.76728112752839,-122.25,37.75
Robert W. Crown SMCA,2018-01-28,12.235572382807732,-122.27751475548094,37.76728112752839,-122.25,37.75
Robert W. Crown SMCA,2018-01-29,12.497787415981293,-122.27751475548094,37.76728112752839,-122.25,37.75
Robert W. Crown SMCA,2018-01-30,12.664784699678421,-122.27751475548094,37.76728112752839,-122.25,37.75
Robert W. Crown SMCA,2018-01-31,12.696279801428318,-122.27751475548094,37.76728112752839,-122.25,37.75
Robert W. Crown SMCA,2018-02-01,12.593737609684467,-122.27751475548094,37.76728112752839,-122.25,37.75
Robert W. Crown SMCA,2018-02-02,12.669179365038872,-122.27751475548094,37.76728112752839,-122.25,37.75
Robert W. Crown SMCA,2018-02-03,12.768059335649014,-122.27751475548094,37.76728112752839,-122.25,37.75
Robert W. Crown SMCA,2018-02-04,13.02807703614235,-122.27751475548094,37.76728112752839,-122.25,37.75
Robert W. Crown SMCA,2018-02-05,13.230964086949825,-122.27751475548094,37.76728112752839,-122.25,37.75
Robert W. Crown SMCA,2018-02-06,13.149662777781487,-122.27751475548094,37.76728112752839,-122.25,37.75
Robert W. Crown SMCA,2018-02-07,13.313730284571648,-122.27751475548094,37.76728112752839,-122.25,37.75
Robert W. Crown SMCA,2018-02-08,13.700460836291313,-122.27751475548094,37.76728112752839,-122.25,37.75
Robert W. Crown SMCA,2018-02-09,13.915066994726658,-122.27751475548094,37.76728112752839,-122.25,37.75
Robert W. Crown SMCA,2018-02-10,13.685079507529736,-122.27751475548094,37.76728112752839,-122.25,37.75
Robert W. Crown SMCA,2018-02-11,13.439710691571236,-122.27751475548094,37.76728112752839,-122.25,37.75
Robert W. Crown SMCA,2018-02-12,13.243415638804436,-122.27751475548094,37.76728112752839,-122.25,37.75
Robert W. Crown SMCA,2018-02-13,12.954100169241428,-122.27751475548094,37.76728112752839,-122.25,37.75
Robert W. Crown SMCA,2018-02-14,13.136478781700134,-122.27751475548094,37.76728112752839,-122.25,37.75
Robert W. Crown SMCA,2018-02-15,12.875728636980057,-122.27751475548094,37.76728112752839,-122.25,37.75
Robert W. Crown SMCA,2018-02-16,12.534409627318382,-122.27751475548094,37.76728112752839,-122.25,37.75
Robert W. Crown SMCA,2018-02-17,12.454573206603527,-122.27751475548094,37.76728112752839,-122.25,37.75
Robert W. Crown SMCA,2018-02-18,12.426007881760597,-122.27751475548094,37.76728112752839,-122.25,37.75
Robert W. Crown SMCA,2018-02-19,11.856898717582226,-122.27751475548094,37.76728112752839,-122.25,37.75
Robert W. Crown SMCA,2018-02-20,11.138370931148529,-122.27751475548094,37.76728112752839,-122.25,37.75
Robert W. Crown SMCA,2018-02-21,11.002136304974556,-122.27751475548094,37.76728112752839,-122.25,37.75
Robert W. Crown SMCA,2018-02-22,10.868099011480808,-122.27751475548094,37.76728112752839,-122.25,37.75
Robert W. Crown SMCA,2018-02-23,10.45133824646473,-122.27751475548094,37.76728112752839,-122.25,37.75
Robert W. Crown SMCA,2018-02-24,10.162755221128464,-122.27751475548094,37.76728112752839,-122.25,37.75
Robert W. Crown SMCA,2018-02-25,10.054353475570679,-122.27751475548094,37.76728112752839,-122.25,37.75
Robert W. Crown SMCA,2018-02-26,10.069734804332256,-122.27751475548094,37.76728112752839,-122.25,37.75
Robert W. Crown SMCA,2018-02-27,9.87050997465849,-122.27751475548094,37.76728112752839,-122.25,37.75
Robert W. Crown SMCA,2018-02-28,9.76064334064722,-122.27751475548094,37.76728112752839,-122.25,37.75
Robert W. Crown SMCA,2018-03-01,9.912259295582771,-122.27751475548094,37.76728112752839,-122.25,37.75
Robert W. Crown SMCA,2018-03-02,10.023590818047523,-122.27751475548094,37.76728112752839,-122.25,37.75
Robert W. Crown SMCA,2018-03-03,10.062410362064838,-122.27751475548094,37.76728112752839,-122.25,37.75
Robert W. Crown SMCA,2018-03-04,10.182531215250492,-122.27751475548094,37.76728112752839,-122.25,37.75
Robert W. Crown SMCA,2018-03-05,10.577318653464317,-122.27751475548094,37.76728112752839,-122.25,37.75
Robert W. Crown SMCA,2018-03-06,11.046815402805805,-122.27751475548094,37.76728112752839,-122.25,37.75
Robert W. Crown SMCA,2018-03-07,11.364696197211742,-122.27751475548094,37.76728112752839,-122.25,37.75
Robert W. Crown SMCA,2018-03-08,11.29804377257824,-122.27751475548094,37.76728112752839,-122.25,37.75
Robert W. Crown SMCA,2018-03-09,11.612262345850468,-122.27751475548094,37.76728112752839,-122.25,37.75
Robert W. Crown SMCA,2018-03-10,11.901577815413475,-122.27751475548094,37.76728112752839,-122.25,37.75
Robert W. Crown SMCA,2018-03-11,12.217261277139187,-122.27751475548094,37.76728112752839,-122.25,37.75
Robert W. Crown SMCA,2018-03-12,12.420880772173405,-122.27751475548094,37.76728112752839,-122.25,37.75
Robert W. Crown SMCA,2018-03-13,12.572496727108955,-122.27751475548094,37.76728112752839,-122.25,37.75
Robert W. Crown SMCA,2018-03-14,12.888180188834667,-122.27751475548094,37.76728112752839,-122.25,37.75
Robert W. Crown SMCA,2018-03-15,12.907223738729954,-122.27751475548094,37.76728112752839,-122.25,37.75
Robert W. Crown SMCA,2018-03-16,12.767326891422272,-122.27751475548094,37.76728112752839,-122.25,37.75
Robert W. Crown SMCA,2018-03-17,12.751945562660694,-122.27751475548094,37.76728112752839,-122.25,37.75
Robert W. Crown SMCA,2018-03-18,12.867671750485897,-122.27751475548094,37.76728112752839,-122.25,37.75
Robert W. Crown SMCA,2018-03-19,13.231696531176567,-122.27751475548094,37.76728112752839,-122.25,37.75
Robert W. Crown SMCA,2018-03-20,13.53932310640812,-122.27751475548094,37.76728112752839,-122.25,37.75
Robert W. Crown SMCA,2018-03-21,13.373790711164474,-122.27751475548094,37.76728112752839,-122.25,37.75
Robert W. Crown SMCA,2018-03-22,13.482924900949001,-122.27751475548094,37.76728112752839,-122.25,37.75
Robert W. Crown SMCA,2018-03-23,13.389172039926052,-122.27751475548094,37.76728112752839,-122.25,37.75
Robert W. Crown SMCA,2018-03-24,13.255134746432304,-122.27751475548094,37.76728112752839,-122.25,37.75
Robert W. Crown SMCA,2018-03-25,13.165044106543064,-122.27751475548094,37.76728112752839,-122.25,37.75
Robert W. Crown SMCA,2018-03-26,13.035401478409767,-122.27751475548094,37.76728112752839,-122.25,37.75
Robert W. Crown SMCA,2018-03-27,12.988525047898293,-122.27751475548094,37.76728112752839,-122.25,37.75
Robert W. Crown SMCA,2018-03-28,13.151860110461712,-122.27751475548094,37.76728112752839,-122.25,37.75
Robert W. Crown SMCA,2018-03-29,13.448500022292137,-122.27751475548094,37.76728112752839,-122.25,37.75
Robert W. Crown SMCA,2018-03-30,13.789819031953812,-122.27751475548094,37.76728112752839,-122.25,37.75
Robert W. Crown SMCA,2018-03-31,14.089388720691204,-122.27751475548094,37.76728112752839,-122.25,37.75
Robert W. Crown SMCA,2018-04-01,14.282021552324295,-122.27751475548094,37.76728112752839,-122.25,37.75
Robert W. Crown SMCA,2018-04-02,14.354533530771732,-122.27751475548094,37.76728112752839,-122.25,37.75
Robert W. Crown SMCA,2018-04-03,14.314981542527676,-122.27751475548094,37.76728112752839,-122.25,37.75
Robert W. Crown SMCA,2018-04-04,14.47245705127716,-122.27751475548094,37.76728112752839,-122.25,37.75
Robert W. Crown SMCA,2018-04-05,14.786675624549389,-122.27751475548094,37.76728112752839,-122.25,37.75
Robert W. Crown SMCA,2018-04-06,14.985900454223156,-122.27751475548094,37.76728112752839,-122.25,37.75
Robert W. Crown SMCA,2018-04-07,15.109683528542519,-122.27751475548094,37.76728112752839,-122.25,37.75
Robert W. Crown SMCA,2018-04-08,15.281075477600098,-122.27751475548094,37.76728112752839,-122.25,37.75
Robert W. Crown SMCA,2018-04-09,15.262031927704811,-122.27751475548094,37.76728112752839,-122.25,37.75
Robert W. Crown SMCA,2018-04-10,15.623859375715256,-122.27751475548094,37.76728112752839,-122.25,37.75
Robert W. Crown SMCA,2018-04-11,15.850184641778469,-122.27751475548094,37.76728112752839,-122.25,37.75
Robert W. Crown SMCA,2018-04-12,15.486159861087799,-122.27751475548094,37.76728112752839,-122.25,37.75
Robert W. Crown SMCA,2018-04-13,15.229804381728172,-122.27751475548094,37.76728112752839,-122.25,37.75
Robert W. Crown SMCA,2018-04-14,15.259834595024586,-122.27751475548094,37.76728112752839,-122.25,37.75
Robert W. Crown SMCA,2018-04-15,15.391674555838108,-122.27751475548094,37.76728112752839,-122.25,37.75
Robert W. Crown SMCA,2018-04-16,15.229804381728172,-122.27751475548094,37.76728112752839,-122.25,37.75
Robert W. Crown SMCA,2018-04-17,14.92584002763033,-122.27751475548094,37.76728112752839,-122.25,37.75
Robert W. Crown SMCA,2018-04-18,14.910458698868752,-122.27751475548094,37.76728112752839,-122.25,37.75
Robert W. Crown SMCA,2018-04-19,14.96685690432787,-122.27751475548094,37.76728112752839,-122.25,37.75
Robert W. Crown SMCA,2018-04-20,14.8569902703166,-122.27751475548094,37.76728112752839,-122.25,37.75
Robert W. Crown SMCA,2018-04-21,14.842341385781765,-122.27751475548094,37.76728112752839,-122.25,37.75
Robert W. Crown SMCA,2018-04-22,14.794732511043549,-122.27751475548094,37.76728112752839,-122.25,37.75
Robert W. Crown SMCA,2018-04-23,14.812311172485352,-122.27751475548094,37.76728112752839,-122.25,37.75
Robert W. Crown SMCA,2018-04-24,15.111880861222744,-122.27751475548094,37.76728112752839,-122.25,37.75
Robert W. Crown SMCA,2018-04-25,15.605548270046711,-122.27751475548094,37.76728112752839,-122.25,37.75
Robert W. Crown SMCA,2018-04-26,15.990081489086151,-122.27751475548094,37.76728112752839,-122.25,37.75
Robert W. Crown SMCA,2018-04-27,16.01791436970234,-122.27751475548094,37.76728112752839,-122.25,37.75
Robert W. Crown SMCA,2018-04-28,16.129978336393833,-122.27751475548094,37.76728112752839,-122.25,37.75
Robert W. Crown SMCA,2018-04-29,15.807702876627445,-122.27751475548094,37.76728112752839,-122.25,37.75
Robert W. Crown SMCA,2018-04-30,15.509598076343536,-122.27751475548094,37.76728112752839,-122.25,37.75
Robert W. Crown SMCA,2018-05-01,15.058412432670593,-122.27751475548094,37.76728112752839,-122.25,37.75
Robert W. Crown SMCA,2018-05-02,14.796197399497032,-122.27751475548094,37.76728112752839,-122.25,37.75
Robert W. Crown SMCA,2018-05-03,14.937559135258198,-122.27751475548094,37.76728112752839,-122.25,37.75
Robert W. Crown SMCA,2018-05-04,15.123599968850613,-122.27751475548094,37.76728112752839,-122.25,37.75
Robert W. Crown SMCA,2018-05-05,15.285470142960548,-122.27751475548094,37.76728112752839,-122.25,37.75
Robert W. Crown SMCA,2018-05-06,15.404126107692719,-122.27751475548094,37.76728112752839,-122.25,37.75
Robert W. Crown SMCA,2018-05-07,15.560869172215462,-122.27751475548094,37.76728112752839,-122.25,37.75
Robert W. Crown SMCA,2018-05-08,15.746910005807877,-122.27751475548094,37.76728112752839,-122.25,37.75
Robert W. Crown SMCA,2018-05-09,16.035493031144142,-122.27751475548094,37.76728112752839,-122.25,37.75
Robert W. Crown SMCA,2018-05-10,15.971770383417606,-122.27751475548094,37.76728112752839,-122.25,37.75
Robert W. Crown SMCA,2018-05-11,15.53596606850624,-122.27751475548094,37.76728112752839,-122.25,37.75
Robert W. Crown SMCA,2018-05-12,15.21662038564682,-122.27751475548094,37.76728112752839,-122.25,37.75
Robert W. Crown SMCA,2018-05-13,15.377025671303272,-122.27751475548094,37.76728112752839,-122.25,37.75
Robert W. Crown SMCA,2018-05-14,15.747642450034618,-122.27751475548094,37.76728112752839,-122.25,37.75
Robert W. Crown SMCA,2018-05-15,15.97323527187109,-122.27751475548094,37.76728112752839,-122.25,37.75
Robert W. Crown SMCA,2018-05-16,16.086764127016068,-122.27751475548094,37.76728112752839,-122.25,37.75
Robert W. Crown SMCA,2018-05-17,15.990813933312893,-122.27751475548094,37.76728112752839,-122.25,37.75
Robert W. Crown SMCA,2018-05-18,15.571855835616589,-122.27751475548094,37.76728112752839,-122.25,37.75
Robert W. Crown SMCA,2018-05-19,15.434156320989132,-122.27751475548094,37.76728112752839,-122.25,37.75
Robert W. Crown SMCA,2018-05-20,15.239326156675816,-122.27751475548094,37.76728112752839,-122.25,37.75
Robert W. Crown SMCA,2018-05-21,14.99176000803709,-122.27751475548094,37.76728112752839,-122.25,37.75
Robert W. Crown SMCA,2018-05-22,14.887752927839756,-122.27751475548094,37.76728112752839,-122.25,37.75
Robert W. Crown SMCA,2018-05-23,14.922910250723362,-122.27751475548094,37.76728112752839,-122.25,37.75
Robert W. Crown SMCA,2018-05-24,15.221747495234013,-122.27751475548094,37.76728112752839,-122.25,37.75
Robert W. Crown SMCA,2018-05-25,15.538895845413208,-122.27751475548094,37.76728112752839,-122.25,37.75
Robert W. Crown SMCA,2018-05-26,15.481765195727348,-122.27751475548094,37.76728112752839,-122.25,37.75
Robert W. Crown SMCA,2018-05-27,15.473708309233189,-122.27751475548094,37.76728112752839,-122.25,37.75
Robert W. Crown SMCA,2018-05-28,15.590899385511875,-122.27751475548094,37.76728112752839,-122.25,37.75
Robert W. Crown SMCA,2018-05-29,15.701498463749886,-122.27751475548094,37.76728112752839,-122.25,37.75
Robert W. Crown SMCA,2018-05-30,15.592364273965359,-122.27751475548094,37.76728112752839,-122.25,37.75
Robert W. Crown SMCA,2018-05-31,15.423902101814747,-122.27751475548094,37.76728112752839,-122.25,37.75
Robert W. Crown SMCA,2018-06-01,15.407788328826427,-122.27751475548094,37.76728112752839,-122.25,37.75
Robert W. Crown SMCA,2018-06-02,15.552812285721302,-122.27751475548094,37.76728112752839,-122.25,37.75
Robert W. Crown SMCA,2018-06-03,15.737388230860233,-122.27751475548094,37.76728112752839,-122.25,37.75
Robert W. Crown SMCA,2018-06-04,15.85457930713892,-122.27751475548094,37.76728112752839,-122.25,37.75
Robert W. Crown SMCA,2018-06-05,15.856776639819145,-122.27751475548094,37.76728112752839,-122.25,37.75
Robert W. Crown SMCA,2018-06-06,15.855311751365662,-122.27751475548094,37.76728112752839,-122.25,37.75
Robert W. Crown SMCA,2018-06-07,15.87508774548769,-122.27751475548094,37.76728112752839,-122.25,37.75
Robert W. Crown SMCA,2018-06-08,15.971037939190865,-122.27751475548094,37.76728112752839,-122.25,37.75
Robert W. Crown SMCA,2018-06-09,16.129978336393833,-122.27751475548094,37.76728112752839,-122.25,37.75
Robert W. Crown SMCA,2018-06-10,16.074312575161457,-122.27751475548094,37.76728112752839,-122.25,37.75
Robert W. Crown SMCA,2018-06-11,16.11679434031248,-122.27751475548094,37.76728112752839,-122.25,37.75
Robert W. Crown SMCA,2018-06-12,16.225196085870266,-122.27751475548094,37.76728112752839,-122.25,37.75
Robert W. Crown SMCA,2018-06-13,16.29697562009096,-122.27751475548094,37.76728112752839,-122.25,37.75
Robert W. Crown SMCA,2018-06-14,16.29624317586422,-122.27751475548094,37.76728112752839,-122.25,37.75
Robert W. Crown SMCA,2018-06-15,16.291116066277027,-122.27751475548094,37.76728112752839,-122.25,37.75
Robert W. Crown SMCA,2018-06-16,16.287453845143318,-122.27751475548094,37.76728112752839,-122.25,37.75
Robert W. Crown SMCA,2018-06-17,16.355571158230305,-122.27751475548094,37.76728112752839,-122.25,37.75
Robert W. Crown SMCA,2018-06-18,16.814081244170666,-122.27751475548094,37.76728112752839,-122.25,37.75
Robert W. Crown SMCA,2018-06-19,17.173711359500885,-122.27751475548094,37.76728112752839,-122.25,37.75
Robert W. Crown SMCA,2018-06-20,17.023560293018818,-122.27751475548094,37.76728112752839,-122.25,37.75
Robert W. Crown SMCA,2018-06-21,17.03601184487343,-122.27751475548094,37.76728112752839,-122.25,37.75
Robert W. Crown SMCA,2018-06-22,17.029419846832752,-122.27751475548094,37.76728112752839,-122.25,37.75
Robert W. Crown SMCA,2018-06-23,16.99645985662937,-122.27751475548094,37.76728112752839,-122.25,37.75
Robert W. Crown SMCA,2018-06-24,17.088747829198837,-122.27751475548094,37.76728112752839,-122.25,37.75
Robert W. Crown SMCA,2018-06-25,17.435926392674446,-122.27751475548094,37.76728112752839,-122.25,37.75
Robert W. Crown SMCA,2018-06-26,17.399304181337357,-122.27751475548094,37.76728112752839,-122.25,37.75
Robert W. Crown SMCA,2018-06-27,17.369273968040943,-122.27751475548094,37.76728112752839,-122.25,37.75
Robert W. Crown SMCA,2018-06-28,17.3018890991807,-122.27751475548094,37.76728112752839,-122.25,37.75
Robert W. Crown SMCA,2018-06-29,17.20447401702404,-122.27751475548094,37.76728112752839,-122.25,37.75
Robert W. Crown SMCA,2018-06-30,17.226447343826294,-122.27751475548094,37.76728112752839,-122.25,37.75
Robert W. Crown SMCA,2018-07-01,17.485000155866146,-122.27751475548094,37.76728112752839,-122.25,37.75
Robert W. Crown SMCA,2018-07-02,17.810937836766243,-122.27751475548094,37.76728112752839,-122.25,37.75
Robert W. Crown SMCA,2018-07-03,17.803613394498825,-122.27751475548094,37.76728112752839,-122.25,37.75
Robert W. Crown SMCA,2018-07-04,17.836573384702206,-122.27751475548094,37.76728112752839,-122.25,37.75
Robert W. Crown SMCA,2018-07-05,18.236487932503223,-122.27751475548094,37.76728112752839,-122.25,37.75
Robert W. Crown SMCA,2018-07-06,18.711844235658646,-122.27751475548094,37.76728112752839,-122.25,37.75
Robert W. Crown SMCA,2018-07-07,18.49284341186285,-122.27751475548094,37.76728112752839,-122.25,37.75
Robert W. Crown SMCA,2018-07-08,18.276772364974022,-122.27751475548094,37.76728112752839,-122.25,37.75
Robert W. Crown SMCA,2018-07-09,18.249671928584576,-122.27751475548094,37.76728112752839,-122.25,37.75
Robert W. Crown SMCA,2018-07-10,18.256996370851994,-122.27751475548094,37.76728112752839,-122.25,37.75
Robert W. Crown SMCA,2018-07-11,18.27530747652054,-122.27751475548094,37.76728112752839,-122.25,37.75
Robert W. Crown SMCA,2018-07-12,18.39835810661316,-122.27751475548094,37.76728112752839,-122.25,37.75
Robert W. Crown SMCA,2018-07-13,18.83562730997801,-122.27751475548094,37.76728112752839,-122.25,37.75
Robert W. Crown SMCA,2018-07-14,19.338084049522877,-122.27751475548094,37.76728112752839,-122.25,37.75
Robert W. Crown SMCA,2018-07-15,19.23700674623251,-122.27751475548094,37.76728112752839,-122.25,37.75
Robert W. Crown SMCA,2018-07-16,18.97552415728569,-122.27751475548094,37.76728112752839,-122.25,37.75
Robert W. Crown SMCA,2018-07-17,19.018738366663456,-122.27751475548094,37.76728112752839,-122.25,37.75
Robert W. Crown SMCA,2018-07-18,18.99530015140772,-122.27751475548094,37.76728112752839,-122.25,37.75
Robert W. Crown SMCA,2018-07-19,19.006286814808846,-122.27751475548094,37.76728112752839,-122.25,37.75
Robert W. Crown SMCA,2018-07-20,19.039979249238968,-122.27751475548094,37.76728112752839,-122.25,37.75
Robert W. Crown SMCA,2018-07-21,19.40473647415638,-122.27751475548094,37.76728112752839,-122.25,37.75
Robert W. Crown SMCA,2018-07-22,19.92843409627676,-122.27751475548094,37.76728112752839,-122.25,37.75
Robert W. Crown SMCA,2018-07-23,20.179662466049194,-122.27751475548094,37.76728112752839,-122.25,37.75
Robert W. Crown SMCA,2018-07-24,19.799523912370205,-122.27751475548094,37.76728112752839,-122.25,37.75
Robert W. Crown SMCA,2018-07-25,19.5768608674407,-122.27751475548094,37.76728112752839,-122.25,37.75
Robert W. Crown SMCA,2018-07-26,19.42890713363886,-122.27751475548094,37.76728112752839,-122.25,37.75
Robert W. Crown SMCA,2018-07-27,19.226752527058125,-122.27751475548094,37.76728112752839,-122.25,37.75
Robert W. Crown SMCA,2018-07-28,19.018738366663456,-122.27751475548094,37.76728112752839,-122.25,37.75
Robert W. Crown SMCA,2018-07-29,18.891293071210384,-122.27751475548094,37.76728112752839,-122.25,37.75
Robert W. Crown SMCA,2018-07-30,18.79900509864092,-122.27751475548094,37.76728112752839,-122.25,37.75
Robert W. Crown SMCA,2018-07-31,18.647389143705368,-122.27751475548094,37.76728112752839,-122.25,37.75
Robert W. Crown SMCA,2018-08-01,18.489913634955883,-122.27751475548094,37.76728112752839,-122.25,37.75
Robert W. Crown SMCA,2018-08-02,18.348551899194717,-122.27751475548094,37.76728112752839,-122.25,37.75
Robert W. Crown SMCA,2018-08-03,18.18594928085804,-122.27751475548094,37.76728112752839,-122.25,37.75
Robert W. Crown SMCA,2018-08-04,18.105380415916443,-122.27751475548094,37.76728112752839,-122.25,37.75
Robert W. Crown SMCA,2018-08-05,18.084871977567673,-122.27751475548094,37.76728112752839,-122.25,37.75
Robert W. Crown SMCA,2018-08-06,18.089999087154865,-122.27751475548094,37.76728112752839,-122.25,37.75
Robert W. Crown SMCA,2018-08-07,18.081209756433964,-122.27751475548094,37.76728112752839,-122.25,37.75
Robert W. Crown SMCA,2018-08-08,18.082674644887447,-122.27751475548094,37.76728112752839,-122.25,37.75
Robert W. Crown SMCA,2018-08-09,18.256996370851994,-122.27751475548094,37.76728112752839,-122.25,37.75
Robert W. Crown SMCA,2018-08-10,18.429853208363056,-122.27751475548094,37.76728112752839,-122.25,37.75
Robert W. Crown SMCA,2018-08-11,18.624683372676373,-122.27751475548094,37.76728112752839,-122.25,37.75
Robert W. Crown SMCA,2018-08-12,18.793145544826984,-122.27751475548094,37.76728112752839,-122.25,37.75
Robert W. Crown SMCA,2018-08-13,18.921323284506798,-122.27751475548094,37.76728112752839,-122.25,37.75
Robert W. Crown SMCA,2018-08-14,19.039979249238968,-122.27751475548094,37.76728112752839,-122.25,37.75
Robert W. Crown SMCA,2018-08-15,19.149845883250237,-122.27751475548094,37.76728112752839,-122.25,37.75
Robert W. Crown SMCA,2018-08-16,19.250190742313862,-122.27751475548094,37.76728112752839,-122.25,37.75
Robert W. Crown SMCA,2018-08-17,19.256782740354538,-122.27751475548094,37.76728112752839,-122.25,37.75
Robert W. Crown SMCA,2018-08-18,19.275826290249825,-122.27751475548094,37.76728112752839,-122.25,37.75
Robert W. Crown SMCA,2018-08-19,19.285348065197468,-122.27751475548094,37.76728112752839,-122.25,37.75
Robert W. Crown SMCA,2018-08-20,19.165227212011814,-122.27751475548094,37.76728112752839,-122.25,37.75
Robert W. Crown SMCA,2018-08-21,19.123477891087532,-122.27751475548094,37.76728112752839,-122.25,37.75
Robert W. Crown SMCA,2018-08-22,19.29413739591837,-122.27751475548094,37.76728112752839,-122.25,37.75
Robert W. Crown SMCA,2018-08-23,19.554887540638447,-122.27751475548094,37.76728112752839,-122.25,37.75
Robert W. Crown SMCA,2018-08-24,19.485305339097977,-122.27751475548094,37.76728112752839,-122.25,37.75
Robert W. Crown SMCA,2018-08-25,19.283883176743984,-122.27751475548094,37.76728112752839,-122.25,37.75
Robert W. Crown SMCA,2018-08-26,19.198187202215195,-122.27751475548094,37.76728112752839,-122.25,37.75
Robert W. Crown SMCA,2018-08-27,19.17181921005249,-122.27751475548094,37.76728112752839,-122.25,37.75
Robert W. Crown SMCA,2018-08-28,19.16376232355833,-122.27751475548094,37.76728112752839,-122.25,37.75
Robert W. Crown SMCA,2018-08-29,19.422315135598183,-122.27751475548094,37.76728112752839,-122.25,37.75
Robert W. Crown SMCA,2018-08-30,19.693319499492645,-122.27751475548094,37.76728112752839,-122.25,37.75
Robert W. Crown SMCA,2018-08-31,19.50288400053978,-122.27751475548094,37.76728112752839,-122.25,37.75
Robert W. Crown SMCA,2018-09-01,19.275826290249825,-122.27751475548094,37.76728112752839,-122.25,37.75
Robert W. Crown SMCA,2018-09-02,19.018005922436714,-122.27751475548094,37.76728112752839,-122.25,37.75
Robert W. Crown SMCA,2018-09-03,18.957945495843887,-122.27751475548094,37.76728112752839,-122.25,37.75
Robert W. Crown SMCA,2018-09-04,18.990905486047268,-122.27751475548094,37.76728112752839,-122.25,37.75
Robert W. Crown SMCA,2018-09-05,19.043641470372677,-122.27751475548094,37.76728112752839,-122.25,37.75
Robert W. Crown SMCA,2018-09-06,19.1264076679945,-122.27751475548094,37.76728112752839,-122.25,37.75
Robert W. Crown SMCA,2018-09-07,19.130069889128208,-122.27751475548094,37.76728112752839,-122.25,37.75
Robert W. Crown SMCA,2018-09-08,19.02093569934368,-122.27751475548094,37.76728112752839,-122.25,37.75
Robert W. Crown SMCA,2018-09-09,18.91766106337309,-122.27751475548094,37.76728112752839,-122.25,37.75
Robert W. Crown SMCA,2018-09-10,18.77849666029215,-122.27751475548094,37.76728112752839,-122.25,37.75
Robert W. Crown SMCA,2018-09-11,18.661305584013462,-122.27751475548094,37.76728112752839,-122.25,37.75
Robert W. Crown SMCA,2018-09-12,18.535325177013874,-122.27751475548094,37.76728112752839,-122.25,37.75
Robert W. Crown SMCA,2018-09-13,18.456953644752502,-122.27751475548094,37.76728112752839,-122.25,37.75
Robert W. Crown SMCA,2018-09-14,18.421063877642155,-122.27751475548094,37.76728112752839,-122.25,37.75
Robert W. Crown SMCA,2018-09-15,18.344157233834267,-122.27751475548094,37.76728112752839,-122.25,37.75
Robert W. Crown SMCA,2018-09-16,18.30460524559021,-122.27751475548094,37.76728112752839,-122.25,37.75
Robert W. Crown SMCA,2018-09-17,18.3412274569273,-122.27751475548094,37.76728112752839,-122.25,37.75
Robert W. Crown SMCA,2018-09-18,18.21890927106142,-122.27751475548094,37.76728112752839,-122.25,37.75
Robert W. Crown SMCA,2018-09-19,17.95229957252741,-122.27751475548094,37.76728112752839,-122.25,37.75
Robert W. Crown SMCA,2018-09-20,17.739158302545547,-122.27751475548094,37.76728112752839,-122.25,37.75
Robert W. Crown SMCA,2018-09-21,17.716452531516552,-122.27751475548094,37.76728112752839,-122.25,37.75
Robert W. Crown SMCA,2018-09-22,17.935453355312347,-122.27751475548094,37.76728112752839,-122.25,37.75
Robert W. Crown SMCA,2018-09-23,17.863673821091652,-122.27751475548094,37.76728112752839,-122.25,37.75
Robert W. Crown SMCA,2018-09-24,17.717917419970036,-122.27751475548094,37.76728112752839,-122.25,37.75
Robert W. Crown SMCA,2018-09-25,17.780175179243088,-122.27751475548094,37.76728112752839,-122.25,37.75
Robert W. Crown SMCA,2018-09-26,18.123691521584988,-122.27751475548094,37.76728112752839,-122.25,37.75
Robert W. Crown SMCA,2018-09-27,18.34195990115404,-122.27751475548094,37.76728112752839,-122.25,37.75
Robert W. Crown SMCA,2018-09-28,18.31266213208437,-122.27751475548094,37.76728112752839,-122.25,37.75
Robert W. Crown SMCA,2018-09-29,18.289956361055374,-122.27751475548094,37.76728112752839,-122.25,37.75
Robert W. Crown SMCA,2018-09-30,18.260658591985703,-122.27751475548094,37.76728112752839,-122.25,37.75
Robert W. Crown SMCA,2018-10-01,18.224036380648613,-122.27751475548094,37.76728112752839,-122.25,37.75
Robert W. Crown SMCA,2018-10-02,18.037995547056198,-122.27751475548094,37.76728112752839,-122.25,37.75
Robert W. Crown SMCA,2018-10-03,17.93618579953909,-122.27751475548094,37.76728112752839,-122.25,37.75
Robert W. Crown SMCA,2018-10-04,17.917874693870544,-122.27751475548094,37.76728112752839,-122.25,37.75
Robert W. Crown SMCA,2018-10-05,18.122226633131504,-122.27751475548094,37.76728112752839,-122.25,37.75
Robert W. Crown SMCA,2018-10-06,17.872463151812553,-122.27751475548094,37.76728112752839,-122.25,37.75
Robert W. Crown SMCA,2018-10-07,17.524552144110203,-122.27751475548094,37.76728112752839,-122.25,37.75
Robert W. Crown SMCA,2018-10-08,17.320200204849243,-122.27751475548094,37.76728112752839,-122.25,37.75
Robert W. Crown SMCA,2018-10-09,17.29895932227373,-122.27751475548094,37.76728112752839,-122.25,37.75
Robert W. Crown SMCA,2018-10-10,17.25794244557619,-122.27751475548094,37.76728112752839,-122.25,37.75
Robert W. Crown SMCA,2018-10-11,17.18396557867527,-122.27751475548094,37.76728112752839,-122.25,37.75
Robert W. Crown SMCA,2018-10-12,17.19641713052988,-122.27751475548094,37.76728112752839,-122.25,37.75
Robert W. Crown SMCA,2018-10-13,17.197149574756622,-122.27751475548094,37.76728112752839,-122.25,37.75
Robert W. Crown SMCA,2018-10-14,17.321665093302727,-122.27751475548094,37.76728112752839,-122.25,37.75
Robert W. Crown SMCA,2018-10-15,17.63734855502844,-122.27751475548094,37.76728112752839,-122.25,37.75
Robert W. Crown SMCA,2018-10-16,17.86294137686491,-122.27751475548094,37.76728112752839,-122.25,37.75
Robert W. Crown SMCA,2018-10-17,17.75307474285364,-122.27751475548094,37.76728112752839,-122.25,37.75
Robert W. Crown SMCA,2018-10-18,17.362681970000267,-122.27751475548094,37.76728112752839,-122.25,37.75
Robert W. Crown SMCA,2018-10-19,17.160527363419533,-122.27751475548094,37.76728112752839,-122.25,37.75
Robert W. Crown SMCA,2018-10-20,17.05359050631523,-122.27751475548094,37.76728112752839,-122.25,37.75
Robert W. Crown SMCA,2018-10-21,16.972289197146893,-122.27751475548094,37.76728112752839,-122.25,37.75
Robert W. Crown SMCA,2018-10-22,16.86095767468214,-122.27751475548094,37.76728112752839,-122.25,37.75
Robert W. Crown SMCA,2018-10-23,16.75402081757784,-122.27751475548094,37.76728112752839,-122.25,37.75
Robert W. Crown SMCA,2018-10-24,16.743034154176712,-122.27751475548094,37.76728112752839,-122.25,37.75
Robert W. Crown SMCA,2018-10-25,16.655140846967697,-122.27751475548094,37.76728112752839,-122.25,37.75
Robert W. Crown SMCA,2018-10-26,16.69249550253153,-122.27751475548094,37.76728112752839,-122.25,37.75
Robert W. Crown SMCA,2018-10-27,16.78771325200796,-122.27751475548094,37.76728112752839,-122.25,37.75
Robert W. Crown SMCA,2018-10-28,16.876339003443718,-122.27751475548094,37.76728112752839,-122.25,37.75
Robert W. Crown SMCA,2018-10-29,16.83678701519966,-122.27751475548094,37.76728112752839,-122.25,37.75
Robert W. Crown SMCA,2018-10-30,16.595812864601612,-122.27751475548094,37.76728112752839,-122.25,37.75
Robert W. Crown SMCA,2018-10-31,16.367290265858173,-122.27751475548094,37.76728112752839,-122.25,37.75
Robert W. Crown SMCA,2018-11-01,16.286721400916576,-122.27751475548094,37.76728112752839,-122.25,37.75
Robert W. Crown SMCA,2018-11-02,16.30063784122467,-122.27751475548094,37.76728112752839,-122.25,37.75
Robert W. Crown SMCA,2018-11-03,16.224463641643524,-122.27751475548094,37.76728112752839,-122.25,37.75
Robert W. Crown SMCA,2018-11-04,16.099215678870678,-122.27751475548094,37.76728112752839,-122.25,37.75
Robert W. Crown SMCA,2018-11-05,15.924893952906132,-122.27751475548094,37.76728112752839,-122.25,37.75
Robert W. Crown SMCA,2018-11-06,15.667073585093021,-122.27751475548094,37.76728112752839,-122.25,37.75
Robert W. Crown SMCA,2018-11-07,15.46638386696577,-122.27751475548094,37.76728112752839,-122.25,37.75
Robert W. Crown SMCA,2018-11-08,15.235663935542107,-122.27751475548094,37.76728112752839,-122.25,37.75
Robert W. Crown SMCA,2018-11-09,15.051087990403175,-122.27751475548094,37.76728112752839,-122.25,37.75
Robert W. Crown SMCA,2018-11-10,15.024719998240471,-122.27751475548094,37.76728112752839,-122.25,37.75
Robert W. Crown SMCA,2018-11-11,14.835749387741089,-122.27751475548094,37.76728112752839,-122.25,37.75
Robert W. Crown SMCA,2018-11-12,14.954405352473259,-122.27751475548094,37.76728112752839,-122.25,37.75
Robert W. Crown SMCA,2018-11-13,15.06939909607172,-122.27751475548094,37.76728112752839,-122.25,37.75
Robert W. Crown SMCA,2018-11-14,15.03277688473463,-122.27751475548094,37.76728112752839,-122.25,37.75
Robert W. Crown SMCA,2018-11-15,14.960997350513935,-122.27751475548094,37.76728112752839,-122.25,37.75
Robert W. Crown SMCA,2018-11-16,14.892880037426949,-122.27751475548094,37.76728112752839,-122.25,37.75
Robert W. Crown SMCA,2018-11-17,14.895809814333916,-122.27751475548094,37.76728112752839,-122.25,37.75
Robert W. Crown SMCA,2018-11-18,14.918515585362911,-122.27751475548094,37.76728112752839,-122.25,37.75
Robert W. Crown SMCA,2018-11-19,14.80352184176445,-122.27751475548094,37.76728112752839,-122.25,37.75
Robert W. Crown SMCA,2018-11-20,14.541306808590889,-122.27751475548094,37.76728112752839,-122.25,37.75
Robert W. Crown SMCA,2018-11-21,14.172154918313026,-122.27751475548094,37.76728112752839,-122.25,37.75
Robert W. Crown SMCA,2018-11-22,14.147984258830547,-122.27751475548094,37.76728112752839,-122.25,37.75
Robert W. Crown SMCA,2018-11-23,14.199987798929214,-122.27751475548094,37.76728112752839,-122.25,37.75
Robert W. Crown SMCA,2018-11-24,14.282021552324295,-122.27751475548094,37.76728112752839,-122.25,37.75
Robert W. Crown SMCA,2018-11-25,14.320108652114868,-122.27751475548094,37.76728112752839,-122.25,37.75
Robert W. Crown SMCA,2018-11-26,14.464400164783001,-122.27751475548094,37.76728112752839,-122.25,37.75
Robert W. Crown SMCA,2018-11-27,14.636524558067322,-122.27751475548094,37.76728112752839,-122.25,37.75
Robert W. Crown SMCA,2018-11-28,14.682668544352055,-122.27751475548094,37.76728112752839,-122.25,37.75
Robert W. Crown SMCA,2018-11-29,14.621875673532486,-122.27751475548094,37.76728112752839,-122.25,37.75
Robert W. Crown SMCA,2018-11-30,14.32889798283577,-122.27751475548094,37.76728112752839,-122.25,37.75
Robert W. Crown SMCA,2018-12-01,14.037385180592537,-122.27751475548094,37.76728112752839,-122.25,37.75
Robert W. Crown SMCA,2018-12-02,13.679952397942543,-122.27751475548094,37.76728112752839,-122.25,37.75
Robert W. Crown SMCA,2018-12-03,13.526139110326767,-122.27751475548094,37.76728112752839,-122.25,37.75
Robert W. Crown SMCA,2018-12-04,13.397228926420212,-122.27751475548094,37.76728112752839,-122.25,37.75
Robert W. Crown SMCA,2018-12-05,13.151860110461712,-122.27751475548094,37.76728112752839,-122.25,37.75
Robert W. Crown SMCA,2018-12-06,13.29834895581007,-122.27751475548094,37.76728112752839,-122.25,37.75
Robert W. Crown SMCA,2018-12-07,13.51954711228609,-122.27751475548094,37.76728112752839,-122.25,37.75
Robert W. Crown SMCA,2018-12-08,13.745872378349304,-122.27751475548094,37.76728112752839,-122.25,37.75
Robert W. Crown SMCA,2018-12-09,13.761986151337624,-122.27751475548094,37.76728112752839,-122.25,37.75
Robert W. Crown SMCA,2018-12-10,13.72756127268076,-122.27751475548094,37.76728112752839,-122.25,37.75
Robert W. Crown SMCA,2018-12-11,13.663106180727482,-122.27751475548094,37.76728112752839,-122.25,37.75
Robert W. Crown SMCA,2018-12-12,13.352549828588963,-122.27751475548094,37.76728112752839,-122.25,37.75
Robert W. Crown SMCA,2018-12-13,13.31080050766468,-122.27751475548094,37.76728112752839,-122.25,37.75
Robert W. Crown SMCA,2018-12-14,13.323252059519291,-122.27751475548094,37.76728112752839,-122.25,37.75
Robert W. Crown SMCA,2018-12-15,13.247810304164886,-122.27751475548094,37.76728112752839,-122.25,37.75
Robert W. Crown SMCA,2018-12-16,13.231696531176567,-122.27751475548094,37.76728112752839,-122.25,37.75
Robert W. Crown SMCA,2018-12-17,13.225836977362633,-122.27751475548094,37.76728112752839,-122.25,37.75
Robert W. Crown SMCA,2018-12-18,13.267586298286915,-122.27751475548094,37.76728112752839,-122.25,37.75
Robert W. Crown SMCA,2018-12-19,13.378185376524925,-122.27751475548094,37.76728112752839,-122.25,37.75
Robert W. Crown SMCA,2018-12-20,13.54371777176857,-122.27751475548094,37.76728112752839,-122.25,37.75
Robert W. Crown SMCA,2018-12-21,13.55177465826273,-122.27751475548094,37.76728112752839,-122.25,37.75
Robert W. Crown SMCA,2018-12-22,13.34302805364132,-122.27751475548094,37.76728112752839,-122.25,37.75
Robert W. Crown SMCA,2018-12-23,13.29834895581007,-122.27751475548094,37.76728112752839,-122.25,37.75
Robert W. Crown SMCA,2018-12-24,13.34742271900177,-122.27751475548094,37.76728112752839,-122.25,37.75
Robert W. Crown SMCA,2018-12-25,13.307138286530972,-122.27751475548094,37.76728112752839,-122.25,37.75
Robert W. Crown SMCA,2018-12-26,13.064699247479439,-122.27751475548094,37.76728112752839,-122.25,37.75
Robert W. Crown SMCA,2018-12-27,12.883053079247475,-122.27751475548094,37.76728112752839,-122.25,37.75
Robert W. Crown SMCA,2018-12-28,12.549058511853218,-122.27751475548094,37.76728112752839,-122.25,37.75
Robert W. Crown SMCA,2018-12-29,12.572496727108955,-122.27751475548094,37.76728112752839,-122.25,37.75
Robert W. Crown SMCA,2018-12-30,12.724845126271248,-122.27751475548094,37.76728112752839,-122.25,37.75
Robert W. Crown SMCA,2018-12-31,12.274391926825047,-122.27751475548094,37.76728112752839,-122.25,37.75
Robert W. Crown SMCA,2019-01-01,11.747764527797699,-122.27751475548094,37.76728112752839,-122.25,37.75
Robert W. Crown SMCA,2019-01-02,11.783654294908047,-122.27751475548094,37.76728112752839,-122.25,37.75
Robert W. Crown SMCA,2019-01-03,11.97335734963417,-122.27751475548094,37.76728112752839,-122.25,37.75
Robert W. Crown SMCA,2019-01-04,12.053926214575768,-122.27751475548094,37.76728112752839,-122.25,37.75
Robert W. Crown SMCA,2019-01-05,11.814416952431202,-122.27751475548094,37.76728112752839,-122.25,37.75
Robert W. Crown SMCA,2019-01-06,11.194769136607647,-122.27751475548094,37.76728112752839,-122.25,37.75
Robert W. Crown SMCA,2019-01-07,10.928159438073635,-122.27751475548094,37.76728112752839,-122.25,37.75
Robert W. Crown SMCA,2019-01-08,11.021179854869843,-122.27751475548094,37.76728112752839,-122.25,37.75
Robert W. Crown SMCA,2019-01-09,10.969908758997917,-122.27751475548094,37.76728112752839,-122.25,37.75
Robert W. Crown SMCA,2019-01-10,11.159611813724041,-122.27751475548094,37.76728112752839,-122.25,37.75
Robert W. Crown SMCA,2019-01-11,11.39619129896164,-122.27751475548094,37.76728112752839,-122.25,37.75
Robert W. Crown SMCA,2019-01-12,11.495803713798523,-122.27751475548094,37.76728112752839,-122.25,37.75
Robert W. Crown SMCA,2019-01-13,11.691366322338581,-122.27751475548094,37.76728112752839,-122.25,37.75
Robert W. Crown SMCA,2019-01-14,11.807092510163784,-122.27751475548094,37.76728112752839,-122.25,37.75
Robert W. Crown SMCA,2019-01-15,11.751426748931408,-122.27751475548094,37.76728112752839,-122.25,37.75
Robert W. Crown SMCA,2019-01-16,11.59688101708889,-122.27751475548094,37.76728112752839,-122.25,37.75
Robert W. Crown SMCA,2019-01-17,11.507522821426392,-122.27751475548094,37.76728112752839,-122.25,37.75
Robert W. Crown SMCA,2019-01-18,11.655476555228233,-122.27751475548094,37.76728112752839,-122.25,37.75
Robert W. Crown SMCA,2019-01-19,11.89132359623909,-122.27751475548094,37.76728112752839,-122.25,37.75
Robert W. Crown SMCA,2019-01-20,12.072237320244312,-122.27751475548094,37.76728112752839,-122.25,37.75
Robert W. Crown SMCA,2019-01-21,12.03048799932003,-122.27751475548094,37.76728112752839,-122.25,37.75
Robert W. Crown SMCA,2019-01-22,11.990203566849232,-122.27751475548094,37.76728112752839,-122.25,37.75
Robert W. Crown SMCA,2019-01-23,12.21433150023222,-122.27751475548094,37.76728112752839,-122.25,37.75
Robert W. Crown SMCA,2019-01-24,12.48020875453949,-122.27751475548094,37.76728112752839,-122.25,37.75
Robert W. Crown SMCA,2019-01-25,12.699942022562027,-122.27751475548094,37.76728112752839,-122.25,37.75
Robert W. Crown SMCA,2019-01-26,12.851557977497578,-122.27751475548094,37.76728112752839,-122.25,37.75
Robert W. Crown SMCA,2019-01-27,12.913083292543888,-122.27751475548094,37.76728112752839,-122.25,37.75
Robert W. Crown SMCA,2019-01-28,13.017822816967964,-122.27751475548094,37.76728112752839,-122.25,37.75
Robert W. Crown SMCA,2019-01-29,13.047853030264378,-122.27751475548094,37.76728112752839,-122.25,37.75
Robert W. Crown SMCA,2019-01-30,13.11011078953743,-122.27751475548094,37.76728112752839,-122.25,37.75
Robert W. Crown SMCA,2019-01-31,13.271980963647366,-122.27751475548094,37.76728112752839,-122.25,37.75
Robert W. Crown SMCA,2019-02-01,13.201666317880154,-122.27751475548094,37.76728112752839,-122.25,37.75
Robert W. Crown SMCA,2019-02-02,12.962157055735588,-122.27751475548094,37.76728112752839,-122.25,37.75
Robert W. Crown SMCA,2019-02-03,12.921140179038048,-122.27751475548094,37.76728112752839,-122.25,37.75
Robert W. Crown SMCA,2019-02-04,12.735099345445633,-122.27751475548094,37.76728112752839,-122.25,37.75
Robert W. Crown SMCA,2019-02-05,12.269264817237854,-122.27751475548094,37.76728112752839,-122.25,37.75
Robert W. Crown SMCA,2019-02-06,11.931608028709888,-122.27751475548094,37.76728112752839,-122.25,37.75
Robert W. Crown SMCA,2019-02-07,12.048799104988575,-122.27751475548094,37.76728112752839,-122.25,37.75
Robert W. Crown SMCA,2019-02-08,12.245826601982117,-122.27751475548094,37.76728112752839,-122.25,37.75
Robert W. Crown SMCA,2019-02-09,12.170384846627712,-122.27751475548094,37.76728112752839,-122.25,37.75
Robert W. Crown SMCA,2019-02-10,11.837122723460197,-122.27751475548094,37.76728112752839,-122.25,37.75
Robert W. Crown SMCA,2019-02-11,11.578569911420345,-122.27751475548094,37.76728112752839,-122.25,37.75
Robert W. Crown SMCA,2019-02-12,11.749229416251183,-122.27751475548094,37.76728112752839,-122.25,37.75
Robert W. Crown SMCA,2019-02-13,11.573442801833153,-122.27751475548094,37.76728112752839,-122.25,37.75
Robert W. Crown SMCA,2019-02-14,11.599810793995857,-122.27751475548094,37.76728112752839,-122.25,37.75
Robert W. Crown SMCA,2019-02-15,11.689168989658356,-122.27751475548094,37.76728112752839,-122.25,37.75
Robert W. Crown SMCA,2019-02-16,11.689901433885098,-122.27751475548094,37.76728112752839,-122.25,37.75
Robert W. Crown SMCA,2019-02-17,11.599078349769115,-122.27751475548094,37.76728112752839,-122.25,37.75
Robert W. Crown SMCA,2019-02-18,11.507522821426392,-122.27751475548094,37.76728112752839,-122.25,37.75
Robert W. Crown SMCA,2019-02-19,11.5602588057518,-122.27751475548094,37.76728112752839,-122.25,37.75
Robert W. Crown SMCA,2019-02-20,11.607867680490017,-122.27751475548094,37.76728112752839,-122.25,37.75
Robert W. Crown SMCA,2019-02-21,11.468703277409077,-122.27751475548094,37.76728112752839,-122.25,37.75
Robert W. Crown SMCA,2019-02-22,11.330271318554878,-122.27751475548094,37.76728112752839,-122.25,37.75
Robert W. Crown SMCA,2019-02-23,11.53975036740303,-122.27751475548094,37.76728112752839,-122.25,37.75
Robert W. Crown SMCA,2019-02-24,11.851771607995033,-122.27751475548094,37.76728112752839,-122.25,37.75
Robert W. Crown SMCA,2019-02-25,11.963103130459785,-122.27751475548094,37.76728112752839,-122.25,37.75
Robert W. Crown SMCA,2019-02-26,11.722128979861736,-122.27751475548094,37.76728112752839,-122.25,37.75
Robert W. Crown SMCA,2019-02-27,11.752891637384892,-122.27751475548094,37.76728112752839,-122.25,37.75
Robert W. Crown SMCA,2019-02-28,12.020966224372387,-122.27751475548094,37.76728112752839,-122.25,37.75
Robert W. Crown SMCA,2019-03-01,12.343974128365517,-122.27751475548094,37.76728112752839,-122.25,37.75
Robert W. Crown SMCA,2019-03-02,12.512436300516129,-122.27751475548094,37.76728112752839,-122.25,37.75
Robert W. Crown SMCA,2019-03-03,12.579821169376373,-122.27751475548094,37.76728112752839,-122.25,37.75
Robert W. Crown SMCA,2019-03-04,12.541001625359058,-122.27751475548094,37.76728112752839,-122.25,37.75
Robert W. Crown SMCA,2019-03-05,12.697744689881802,-122.27751475548094,37.76728112752839,-122.25,37.75
Robert W. Crown SMCA,2019-03-06,12.524155408143997,-122.27751475548094,37.76728112752839,-122.25,37.75
Robert W. Crown SMCA,2019-03-07,12.587878055870533,-122.27751475548094,37.76728112752839,-122.25,37.75
Robert W. Crown SMCA,2019-03-08,12.403302110731602,-122.27751475548094,37.76728112752839,-122.25,37.75
Robert W. Crown SMCA,2019-03-09,12.248023934662342,-122.27751475548094,37.76728112752839,-122.25,37.75
Robert W. Crown SMCA,2019-03-10,12.344706572592258,-122.27751475548094,37.76728112752839,-122.25,37.75
Robert W. Crown SMCA,2019-03-11,12.716055795550346,-122.27751475548094,37.76728112752839,-122.25,37.75
Robert W. Crown SMCA,2019-03-12,12.895504631102085,-122.27751475548094,37.76728112752839,-122.25,37.75
Robert W. Crown SMCA,2019-03-13,12.45164342969656,-122.27751475548094,37.76728112752839,-122.25,37.75
Robert W. Crown SMCA,2019-03-14,12.462630093097687,-122.27751475548094,37.76728112752839,-122.25,37.75
Robert W. Crown SMCA,2019-03-15,12.752678006887436,-122.27751475548094,37.76728112752839,-122.25,37.75
Robert W. Crown SMCA,2019-03-16,13.17529832571745,-122.27751475548094,37.76728112752839,-122.25,37.75
Robert W. Crown SMCA,2019-03-17,13.683614619076252,-122.27751475548094,37.76728112752839,-122.25,37.75
Robert W. Crown SMCA,2019-03-18,14.203650020062923,-122.27751475548094,37.76728112752839,-122.25,37.75
Robert W. Crown SMCA,2019-03-19,14.583056129515171,-122.27751475548094,37.76728112752839,-122.25,37.75
Robert W. Crown SMCA,2019-03-20,14.489303268492222,-122.27751475548094,37.76728112752839,-122.25,37.75
Robert W. Crown SMCA,2019-03-21,14.632129892706871,-122.27751475548094,37.76728112752839,-122.25,37.75
Robert W. Crown SMCA,2019-03-22,14.850398272275925,-122.27751475548094,37.76728112752839,-122.25,37.75
Robert W. Crown SMCA,2019-03-23,14.621143229305744,-122.27751475548094,37.76728112752839,-122.25,37.75
Robert W. Crown SMCA,2019-03-24,14.936826691031456,-122.27751475548094,37.76728112752839,-122.25,37.75
Robert W. Crown SMCA,2019-03-25,15.07379376143217,-122.27751475548094,37.76728112752839,-122.25,37.75
Robert W. Crown SMCA,2019-03-26,14.840876497328281,-122.27751475548094,37.76728112752839,-122.25,37.75
Robert W. Crown SMCA,2019-03-27,15.070131540298462,-122.27751475548094,37.76728112752839,-122.25,37.75
Robert W. Crown SMCA,2019-03-28,15.078920871019363,-122.27751475548094,37.76728112752839,-122.25,37.75
Robert W. Crown SMCA,2019-03-29,15.218817718327045,-122.27751475548094,37.76728112752839,-122.25,37.75
Robert W. Crown SMCA,2019-03-30,15.418774992227554,-122.27751475548094,37.76728112752839,-122.25,37.75
Robert W. Crown SMCA,2019-03-31,15.603350937366486,-122.27751475548094,37.76728112752839,-122.25,37.75
Robert W. Crown SMCA,2019-04-01,15.823816649615765,-122.27751475548094,37.76728112752839,-122.25,37.75
Robert W. Crown SMCA,2019-04-02,16.028168588876724,-122.27751475548094,37.76728112752839,-122.25,37.75
Robert W. Crown SMCA,2019-04-03,16.114597007632256,-122.27751475548094,37.76728112752839,-122.25,37.75
Robert W. Crown SMCA,2019-04-04,16.188573874533176,-122.27751475548094,37.76728112752839,-122.25,37.75
Robert W. Crown SMCA,2019-04-05,16.093356125056744,-122.27751475548094,37.76728112752839,-122.25,37.75
Robert W. Crown SMCA,2019-04-06,16.078707240521908,-122.27751475548094,37.76728112752839,-122.25,37.75
Robert W. Crown SMCA,2019-04-07,16.188573874533176,-122.27751475548094,37.76728112752839,-122.25,37.75
Robert W. Crown SMCA,2019-04-08,16.507187113165855,-122.27751475548094,37.76728112752839,-122.25,37.75
Robert W. Crown SMCA,2019-04-09,16.4764244556427,-122.27751475548094,37.76728112752839,-122.25,37.75
Robert W. Crown SMCA,2019-04-10,16.01791436970234,-122.27751475548094,37.76728112752839,-122.25,37.75
Robert W. Crown SMCA,2019-04-11,15.776207774877548,-122.27751475548094,37.76728112752839,-122.25,37.75
Robert W. Crown SMCA,2019-04-12,15.30671102553606,-122.27751475548094,37.76728112752839,-122.25,37.75
Robert W. Crown SMCA,2019-04-13,15.284737698733807,-122.27751475548094,37.76728112752839,-122.25,37.75
Robert W. Crown SMCA,2019-04-14,15.3477279022336,-122.27751475548094,37.76728112752839,-122.25,37.75
Robert W. Crown SMCA,2019-04-15,15.138248853385448,-122.27751475548094,37.76728112752839,-122.25,37.75
Robert W. Crown SMCA,2019-04-16,15.075258649885654,-122.27751475548094,37.76728112752839,-122.25,37.75
Robert W. Crown SMCA,2019-04-17,14.870174266397953,-122.27751475548094,37.76728112752839,-122.25,37.75
Robert W. Crown SMCA,2019-04-18,15.112613305449486,-122.27751475548094,37.76728112752839,-122.25,37.75
Robert W. Crown SMCA,2019-04-19,15.499343857169151,-122.27751475548094,37.76728112752839,-122.25,37.75
Robert W. Crown SMCA,2019-04-20,15.51911985129118,-122.27751475548094,37.76728112752839,-122.25,37.75
Robert W. Crown SMCA,2019-04-21,15.071596428751945,-122.27751475548094,37.76728112752839,-122.25,37.75
Robert W. Crown SMCA,2019-04-22,15.065736874938011,-122.27751475548094,37.76728112752839,-122.25,37.75
Robert W. Crown SMCA,2019-04-23,15.385082557797432,-122.27751475548094,37.76728112752839,-122.25,37.75
Robert W. Crown SMCA,2019-04-24,15.777672663331032,-122.27751475548094,37.76728112752839,-122.25,37.75
Robert W. Crown SMCA,2019-04-25,16.294045843183994,-122.27751475548094,37.76728112752839,-122.25,37.75
Robert W. Crown SMCA,2019-04-26,16.658803068101406,-122.27751475548094,37.76728112752839,-122.25,37.75
Robert W. Crown SMCA,2019-04-27,16.984740749001503,-122.27751475548094,37.76728112752839,-122.25,37.75
Robert W. Crown SMCA,2019-04-28,17.10632649064064,-122.27751475548094,37.76728112752839,-122.25,37.75
Robert W. Crown SMCA,2019-04-29,17.260872222483158,-122.27751475548094,37.76728112752839,-122.25,37.75
Robert W. Crown SMCA,2019-04-30,17.304818876087666,-122.27751475548094,37.76728112752839,-122.25,37.75
Robert W. Crown SMCA,2019-05-01,17.329721979796886,-122.27751475548094,37.76728112752839,-122.25,37.75
Robert W. Crown SMCA,2019-05-02,17.525284588336945,-122.27751475548094,37.76728112752839,-122.25,37.75
Robert W. Crown SMCA,2019-05-03,17.624164558947086,-122.27751475548094,37.76728112752839,-122.25,37.75
Robert W. Crown SMCA,2019-05-04,17.586077459156513,-122.27751475548094,37.76728112752839,-122.25,37.75
Robert W. Crown SMCA,2019-05-05,17.405896179378033,-122.27751475548094,37.76728112752839,-122.25,37.75
Robert W. Crown SMCA,2019-05-06,17.231574453413486,-122.27751475548094,37.76728112752839,-122.25,37.75
Robert W. Crown SMCA,2019-05-07,17.313608206808567,-122.27751475548094,37.76728112752839,-122.25,37.75
Robert W. Crown SMCA,2019-05-08,17.586809903383255,-122.27751475548094,37.76728112752839,-122.25,37.75
Robert W. Crown SMCA,2019-05-09,17.88711203634739,-122.27751475548094,37.76728112752839,-122.25,37.75
Robert W. Crown SMCA,2019-05-10,18.117831967771053,-122.27751475548094,37.76728112752839,-122.25,37.75
Robert W. Crown SMCA,2019-05-11,18.3500167876482,-122.27751475548094,37.76728112752839,-122.25,37.75
Robert W. Crown SMCA,2019-05-12,18.283364363014698,-122.27751475548094,37.76728112752839,-122.25,37.75
Robert W. Crown SMCA,2019-05-13,18.053376875817776,-122.27751475548094,37.76728112752839,-122.25,37.75
Robert W. Crown SMCA,2019-05-14,18.069490648806095,-122.27751475548094,37.76728112752839,-122.25,37.75
Robert W. Crown SMCA,2019-05-15,17.88344981521368,-122.27751475548094,37.76728112752839,-122.25,37.75
Robert W. Crown SMCA,2019-05-16,17.548722803592682,-122.27751475548094,37.76728112752839,-122.25,37.75
Robert W. Crown SMCA,2019-05-17,17.194952242076397,-122.27751475548094,37.76728112752839,-122.25,37.75
Robert W. Crown SMCA,2019-05-18,17.112186044454575,-122.27751475548094,37.76728112752839,-122.25,37.75
Robert W. Crown SMCA,2019-05-19,16.830195017158985,-122.27751475548094,37.76728112752839,-122.25,37.75
Robert W. Crown SMCA,2019-05-20,16.986205637454987,-122.27751475548094,37.76728112752839,-122.25,37.75
Robert W. Crown SMCA,2019-05-21,16.990600302815437,-122.27751475548094,37.76728112752839,-122.25,37.75
Robert W. Crown SMCA,2019-05-22,16.748161263763905,-122.27751475548094,37.76728112752839,-122.25,37.75
Robert W. Crown SMCA,2019-05-23,16.94299142807722,-122.27751475548094,37.76728112752839,-122.25,37.75
Robert W. Crown SMCA,2019-05-24,17.364879302680492,-122.27751475548094,37.76728112752839,-122.25,37.75
Robert W. Crown SMCA,2019-05-25,17.68715476244688,-122.27751475548094,37.76728112752839,-122.25,37.75
Robert W. Crown SMCA,2019-05-26,17.3685415238142,-122.27751475548094,37.76728112752839,-122.25,37.75
Robert W. Crown SMCA,2019-05-27,17.227912232279778,-122.27751475548094,37.76728112752839,-122.25,37.75
Robert W. Crown SMCA,2019-05-28,17.24915311485529,-122.27751475548094,37.76728112752839,-122.25,37.75
Robert W. Crown SMCA,2019-05-29,17.452040165662766,-122.27751475548094,37.76728112752839,-122.25,37.75
Robert W. Crown SMCA,2019-05-30,17.53187658637762,-122.27751475548094,37.76728112752839,-122.25,37.75
Robert W. Crown SMCA,2019-05-31,17.65858943760395,-122.27751475548094,37.76728112752839,-122.25,37.75
Robert W. Crown SMCA,2019-06-01,17.963286235928535,-122.27751475548094,37.76728112752839,-122.25,37.75
Robert W. Crown SMCA,2019-06-02,18.377117224037647,-122.27751475548094,37.76728112752839,-122.25,37.75
Robert W. Crown SMCA,2019-06-03,18.73747978359461,-122.27751475548094,37.76728112752839,-122.25,37.75
Robert W. Crown SMCA,2019-06-04,19.05243080109358,-122.27751475548094,37.76728112752839,-122.25,37.75
Robert W. Crown SMCA,2019-06-05,19.345408491790295,-122.27751475548094,37.76728112752839,-122.25,37.75
Robert W. Crown SMCA,2019-06-06,19.12714011222124,-122.27751475548094,37.76728112752839,-122.25,37.75
Robert W. Crown SMCA,2019-06-07,18.52067629247904,-122.27751475548094,37.76728112752839,-122.25,37.75
Robert W. Crown SMCA,2019-06-08,18.335367903113365,-122.27751475548094,37.76728112752839,-122.25,37.75
Robert W. Crown SMCA,2019-06-09,18.64372692257166,-122.27751475548094,37.76728112752839,-122.25,37.75
Robert W. Crown SMCA,2019-06-10,19.29413739591837,-122.27751475548094,37.76728112752839,-122.25,37.75
Robert W. Crown SMCA,2019-06-11,19.87496566772461,-122.27751475548094,37.76728112752839,-122.25,37.75
Robert W. Crown SMCA,2019-06-12,20.281472213566303,-122.27751475548094,37.76728112752839,-122.25,37.75
Robert W. Crown SMCA,2019-06-13,20.59056367725134,-122.27751475548094,37.76728112752839,-122.25,37.75
Robert W. Crown SMCA,2019-06-14,20.47703482210636,-122.27751475548094,37.76728112752839,-122.25,37.75
Robert W. Crown SMCA,2019-06-15,19.83394879102707,-122.27751475548094,37.76728112752839,-122.25,37.75
Robert W. Crown SMCA,2019-06-16,19.31904049962759,-122.27751475548094,37.76728112752839,-122.25,37.75
Robert W. Crown SMCA,2019-06-17,19.299264505505562,-122.27751475548094,37.76728112752839,-122.25,37.75
Robert W. Crown SMCA,2019-06-18,19.65816217660904,-122.27751475548094,37.76728112752839,-122.25,37.75
Robert W. Crown SMCA,2019-06-19,20.09176915884018,-122.27751475548094,37.76728112752839,-122.25,37.75
Robert W. Crown SMCA,2019-06-20,20.322489090263844,-122.27751475548094,37.76728112752839,-122.25,37.75
Robert W. Crown SMCA,2019-06-21,20.494613483548164,-122.27751475548094,37.76728112752839,-122.25,37.75
Robert W. Crown SMCA,2019-06-22,20.589831233024597,-122.27751475548094,37.76728112752839,-122.25,37.75
Robert W. Crown SMCA,2019-06-23,20.743644520640373,-122.27751475548094,37.76728112752839,-122.25,37.75
Robert W. Crown SMCA,2019-06-24,20.976561784744263,-122.27751475548094,37.76728112752839,-122.25,37.75
Robert W. Crown SMCA,2019-06-25,20.8930631428957,-122.27751475548094,37.76728112752839,-122.25,37.75
Robert W. Crown SMCA,2019-06-26,20.28879665583372,-122.27751475548094,37.76728112752839,-122.25,37.75
Robert W. Crown SMCA,2019-06-27,20.117404706776142,-122.27751475548094,37.76728112752839,-122.25,37.75
Robert W. Crown SMCA,2019-06-28,20.011200293898582,-122.27751475548094,37.76728112752839,-122.25,37.75
Robert W. Crown SMCA,2019-06-29,20.01486251503229,-122.27751475548094,37.76728112752839,-122.25,37.75
Robert W. Crown SMCA,2019-06-30,20.000946074724197,-122.27751475548094,37.76728112752839,-122.25,37.75
Robert W. Crown SMCA,2019-07-01,19.992889188230038,-122.27751475548094,37.76728112752839,-122.25,37.75
Robert W. Crown SMCA,2019-07-02,19.974578082561493,-122.27751475548094,37.76728112752839,-122.25,37.75
Robert W. Crown SMCA,2019-07-03,19.812707908451557,-122.27751475548094,37.76728112752839,-122.25,37.75
Robert W. Crown SMCA,2019-07-04,19.800256356596947,-122.27751475548094,37.76728112752839,-122.25,37.75
Robert W. Crown SMCA,2019-07-05,19.984099857509136,-122.27751475548094,37.76728112752839,-122.25,37.75
Robert W. Crown SMCA,2019-07-06,20.168675802648067,-122.27751475548094,37.76728112752839,-122.25,37.75
Robert W. Crown SMCA,2019-07-07,20.013397626578808,-122.27751475548094,37.76728112752839,-122.25,37.75
Robert W. Crown SMCA,2019-07-08,19.713095493614674,-122.27751475548094,37.76728112752839,-122.25,37.75
Robert W. Crown SMCA,2019-07-09,19.51460310816765,-122.27751475548094,37.76728112752839,-122.25,37.75
Robert W. Crown SMCA,2019-07-10,19.615680411458015,-122.27751475548094,37.76728112752839,-122.25,37.75
Robert W. Crown SMCA,2019-07-11,19.79805902391672,-122.27751475548094,37.76728112752839,-122.25,37.75
Robert W. Crown SMCA,2019-07-12,19.77681814134121,-122.27751475548094,37.76728112752839,-122.25,37.75
Robert W. Crown SMCA,2019-07-13,19.7152928262949,-122.27751475548094,37.76728112752839,-122.25,37.75
Robert W. Crown SMCA,2019-07-14,19.758507035672665,-122.27751475548094,37.76728112752839,-122.25,37.75
Robert W. Crown SMCA,2019-07-15,19.71602527052164,-122.27751475548094,37.76728112752839,-122.25,37.75
Robert W. Crown SMCA,2019-07-16,19.754844814538956,-122.27751475548094,37.76728112752839,-122.25,37.75
Robert W. Crown SMCA,2019-07-17,19.815637685358524,-122.27751475548094,37.76728112752839,-122.25,37.75
Robert W. Crown SMCA,2019-07-18,20.137913145124912,-122.27751475548094,37.76728112752839,-122.25,37.75
Robert W. Crown SMCA,2019-07-19,20.5180516988039,-122.27751475548094,37.76728112752839,-122.25,37.75
Robert W. Crown SMCA,2019-07-20,20.895992919802666,-122.27751475548094,37.76728112752839,-122.25,37.75
Robert W. Crown SMCA,2019-07-21,21.06958220154047,-122.27751475548094,37.76728112752839,-122.25,37.75
Robert W. Crown SMCA,2019-07-22,21.2050843834877,-122.27751475548094,37.76728112752839,-122.25,37.75
Robert W. Crown SMCA,2019-07-23,21.20068971812725,-122.27751475548094,37.76728112752839,-122.25,37.75
Robert W. Crown SMCA,2019-07-24,20.82421338558197,-122.27751475548094,37.76728112752839,-122.25,37.75
Robert W. Crown SMCA,2019-07-25,20.813226722180843,-122.27751475548094,37.76728112752839,-122.25,37.75
Robert W. Crown SMCA,2019-07-26,20.99560533463955,-122.27751475548094,37.76728112752839,-122.25,37.75
Robert W. Crown SMCA,2019-07-27,21.177983947098255,-122.27751475548094,37.76728112752839,-122.25,37.75
Robert W. Crown SMCA,2019-07-28,21.42481765151024,-122.27751475548094,37.76728112752839,-122.25,37.75
Robert W. Crown SMCA,2019-07-29,21.238044373691082,-122.27751475548094,37.76728112752839,-122.25,37.75
Robert W. Crown SMCA,2019-07-30,20.854976043105125,-122.27751475548094,37.76728112752839,-122.25,37.75
Robert W. Crown SMCA,2019-07-31,20.698965422809124,-122.27751475548094,37.76728112752839,-122.25,37.75
Robert W. Crown SMCA,2019-08-01,20.735587634146214,-122.27751475548094,37.76728112752839,-122.25,37.75
Robert W. Crown SMCA,2019-08-02,20.540025025606155,-122.27751475548094,37.76728112752839,-122.25,37.75
Robert W. Crown SMCA,2019-08-03,20.53709524869919,-122.27751475548094,37.76728112752839,-122.25,37.75
Robert W. Crown SMCA,2019-08-04,20.658680990338326,-122.27751475548094,37.76728112752839,-122.25,37.75
Robert W. Crown SMCA,2019-08-05,20.671864986419678,-122.27751475548094,37.76728112752839,-122.25,37.75
Robert W. Crown SMCA,2019-08-06,20.696035645902157,-122.27751475548094,37.76728112752839,-122.25,37.75
Robert W. Crown SMCA,2019-08-07,20.66087832301855,-122.27751475548094,37.76728112752839,-122.25,37.75
Robert W. Crown SMCA,2019-08-08,20.403790399432182,-122.27751475548094,37.76728112752839,-122.25,37.75
Robert W. Crown SMCA,2019-08-09,20.310769982635975,-122.27751475548094,37.76728112752839,-122.25,37.75
Robert W. Crown SMCA,2019-08-10,20.633777886629105,-122.27751475548094,37.76728112752839,-122.25,37.75
Robert W. Crown SMCA,2019-08-11,20.97070223093033,-122.27751475548094,37.76728112752839,-122.25,37.75
Robert W. Crown SMCA,2019-08-12,21.08642841875553,-122.27751475548094,37.76728112752839,-122.25,37.75
Robert W. Crown SMCA,2019-08-13,21.133304849267006,-122.27751475548094,37.76728112752839,-122.25,37.75
Robert W. Crown SMCA,2019-08-14,21.394054993987083,-122.27751475548094,37.76728112752839,-122.25,37.75
Robert W. Crown SMCA,2019-08-15,21.63429670035839,-122.27751475548094,37.76728112752839,-122.25,37.75
Robert W. Crown SMCA,2019-08-16,21.95364238321781,-122.27751475548094,37.76728112752839,-122.25,37.75
Robert W. Crown SMCA,2019-08-17,22.11185033619404,-122.27751475548094,37.76728112752839,-122.25,37.75
Robert W. Crown SMCA,2019-08-18,22.064973905682564,-122.27751475548094,37.76728112752839,-122.25,37.75
Robert W. Crown SMCA,2019-08-19,22.008575700223446,-122.27751475548094,37.76728112752839,-122.25,37.75
Robert W. Crown SMCA,2019-08-20,21.8342539742589,-122.27751475548094,37.76728112752839,-122.25,37.75
Robert W. Crown SMCA,2019-08-21,21.263679921627045,-122.27751475548094,37.76728112752839,-122.25,37.75
Robert W. Crown SMCA,2019-08-22,21.303964354097843,-122.27751475548094,37.76728112752839,-122.25,37.75
Robert W. Crown SMCA,2019-08-23,21.33106479048729,-122.27751475548094,37.76728112752839,-122.25,37.75
Robert W. Crown SMCA,2019-08-24,21.5310220643878,-122.27751475548094,37.76728112752839,-122.25,37.75
Robert W. Crown SMCA,2019-08-25,21.803491316735744,-122.27751475548094,37.76728112752839,-122.25,37.75
Robert W. Crown SMCA,2019-08-26,22.02249214053154,-122.27751475548094,37.76728112752839,-122.25,37.75
Robert W. Crown SMCA,2019-08-27,22.130161441862583,-122.27751475548094,37.76728112752839,-122.25,37.75
Robert W. Crown SMCA,2019-08-28,22.07522812485695,-122.27751475548094,37.76728112752839,-122.25,37.75
Robert W. Crown SMCA,2019-08-29,21.84597308188677,-122.27751475548094,37.76728112752839,-122.25,37.75
Robert W. Crown SMCA,2019-08-30,21.487807855010033,-122.27751475548094,37.76728112752839,-122.25,37.75
Robert W. Crown SMCA,2019-08-31,21.38892788439989,-122.27751475548094,37.76728112752839,-122.25,37.75
Robert W. Crown SMCA,2019-09-01,21.38892788439989,-122.27751475548094,37.76728112752839,-122.25,37.75
Robert W. Crown SMCA,2019-09-02,21.31495101749897,-122.27751475548094,37.76728112752839,-122.25,37.75
Robert W. Crown SMCA,2019-09-03,21.09887997061014,-122.27751475548094,37.76728112752839,-122.25,37.75
Robert W. Crown SMCA,2019-09-04,20.937742240726948,-122.27751475548094,37.76728112752839,-122.25,37.75
Robert W. Crown SMCA,2019-09-05,20.757560960948467,-122.27751475548094,37.76728112752839,-122.25,37.75
Robert W. Crown SMCA,2019-09-06,20.559801019728184,-122.27751475548094,37.76728112752839,-122.25,37.75
Robert W. Crown SMCA,2019-09-07,20.404522843658924,-122.27751475548094,37.76728112752839,-122.25,37.75
Robert W. Crown SMCA,2019-09-08,20.032441176474094,-122.27751475548094,37.76728112752839,-122.25,37.75
Robert W. Crown SMCA,2019-09-09,19.863979004323483,-122.27751475548094,37.76728112752839,-122.25,37.75
Robert W. Crown SMCA,2019-09-10,19.74092837423086,-122.27751475548094,37.76728112752839,-122.25,37.75
Robert W. Crown SMCA,2019-09-11,19.669148840010166,-122.27751475548094,37.76728112752839,-122.25,37.75
Robert W. Crown SMCA,2019-09-12,19.87936033308506,-122.27751475548094,37.76728112752839,-122.25,37.75
Robert W. Crown SMCA,2019-09-13,20.14084292203188,-122.27751475548094,37.76728112752839,-122.25,37.75
Robert W. Crown SMCA,2019-09-14,20.403790399432182,-122.27751475548094,37.76728112752839,-122.25,37.75
Robert W. Crown SMCA,2019-09-15,20.258766442537308,-122.27751475548094,37.76728112752839,-122.25,37.75
Robert W. Crown SMCA,2019-09-16,19.906460769474506,-122.27751475548094,37.76728112752839,-122.25,37.75
Robert W. Crown SMCA,2019-09-17,19.65816217660904,-122.27751475548094,37.76728112752839,-122.25,37.75
Robert W. Crown SMCA,2019-09-18,19.612018190324306,-122.27751475548094,37.76728112752839,-122.25,37.75
Robert W. Crown SMCA,2019-09-19,19.62153996527195,-122.27751475548094,37.76728112752839,-122.25,37.75
Robert W. Crown SMCA,2019-09-20,19.48603778332472,-122.27751475548094,37.76728112752839,-122.25,37.75
Robert W. Crown SMCA,2019-09-21,19.713827937841415,-122.27751475548094,37.76728112752839,-122.25,37.75
Robert W. Crown SMCA,2019-09-22,19.950407423079014,-122.27751475548094,37.76728112752839,-122.25,37.75
Robert W. Crown SMCA,2019-09-23,19.894741661846638,-122.27751475548094,37.76728112752839,-122.25,37.75
Robert W. Crown SMCA,2019-09-24,19.95333719998598,-122.27751475548094,37.76728112752839,-122.25,37.75
Robert W. Crown SMCA,2019-09-25,20.22727134078741,-122.27751475548094,37.76728112752839,-122.25,37.75
Robert W. Crown SMCA,2019-09-26,20.45652638375759,-122.27751475548094,37.76728112752839,-122.25,37.75
Robert W. Crown SMCA,2019-09-27,20.477767266333103,-122.27751475548094,37.76728112752839,-122.25,37.75
Robert W. Crown SMCA,2019-09-28,19.90792565792799,-122.27751475548094,37.76728112752839,-122.25,37.75
Robert W. Crown SMCA,2019-09-29,18.809259317815304,-122.27751475548094,37.76728112752839,-122.25,37.75
Robert W. Crown SMCA,2019-09-30,18.459150977432728,-122.27751475548094,37.76728112752839,-122.25,37.75
Robert W. Crown SMCA,2019-10-01,18.134678184986115,-122.27751475548094,37.76728112752839,-122.25,37.75
Robert W. Crown SMCA,2019-10-02,17.89590136706829,-122.27751475548094,37.76728112752839,-122.25,37.75
Robert W. Crown SMCA,2019-10-03,17.76845607161522,-122.27751475548094,37.76728112752839,-122.25,37.75
Robert W. Crown SMCA,2019-10-04,17.477675713598728,-122.27751475548094,37.76728112752839,-122.25,37.75
Robert W. Crown SMCA,2019-10-05,17.326059758663177,-122.27751475548094,37.76728112752839,-122.25,37.75
Robert W. Crown SMCA,2019-10-06,17.505508594214916,-122.27751475548094,37.76728112752839,-122.25,37.75
Robert W. Crown SMCA,2019-10-07,17.835108496248722,-122.27751475548094,37.76728112752839,-122.25,37.75
Robert W. Crown SMCA,2019-10-08,18.1537217348814,-122.27751475548094,37.76728112752839,-122.25,37.75
Robert W. Crown SMCA,2019-10-09,18.008697777986526,-122.27751475548094,37.76728112752839,-122.25,37.75
Robert W. Crown SMCA,2019-10-10,17.33045442402363,-122.27751475548094,37.76728112752839,-122.25,37.75
Robert W. Crown SMCA,2019-10-11,17.313608206808567,-122.27751475548094,37.76728112752839,-122.25,37.75
Robert W. Crown SMCA,2019-10-12,17.522354811429977,-122.27751475548094,37.76728112752839,-122.25,37.75
Robert W. Crown SMCA,2019-10-13,17.56044191122055,-122.27751475548094,37.76728112752839,-122.25,37.75
Robert W. Crown SMCA,2019-10-14,17.460829496383667,-122.27751475548094,37.76728112752839,-122.25,37.75
Robert W. Crown SMCA,2019-10-15,17.342173531651497,-122.27751475548094,37.76728112752839,-122.25,37.75
Robert W. Crown SMCA,2019-10-16,17.186162911355495,-122.27751475548094,37.76728112752839,-122.25,37.75
Robert W. Crown SMCA,2019-10-17,16.88512833416462,-122.27751475548094,37.76728112752839,-122.25,37.75
Robert W. Crown SMCA,2019-10-18,16.203955203294754,-122.27751475548094,37.76728112752839,-122.25,37.75
Robert W. Crown SMCA,2019-10-19,16.01791436970234,-122.27751475548094,37.76728112752839,-122.25,37.75
Robert W. Crown SMCA,2019-10-20,15.876552633941174,-122.27751475548094,37.76728112752839,-122.25,37.75
Robert W. Crown SMCA,2019-10-21,15.760094001889229,-122.27751475548094,37.76728112752839,-122.25,37.75
Robert W. Crown SMCA,2019-10-22,15.86263619363308,-122.27751475548094,37.76728112752839,-122.25,37.75
Robert W. Crown SMCA,2019-10-23,16.02304147928953,-122.27751475548094,37.76728112752839,-122.25,37.75
Robert W. Crown SMCA,2019-10-24,16.216406755149364,-122.27751475548094,37.76728112752839,-122.25,37.75
Robert W. Crown SMCA,2019-10-25,16.343852050602436,-122.27751475548094,37.76728112752839,-122.25,37.75
Robert W. Crown SMCA,2019-10-26,16.494735561311245,-122.27751475548094,37.76728112752839,-122.25,37.75
Robert W. Crown SMCA,2019-10-27,16.43540757894516,-122.27751475548094,37.76728112752839,-122.25,37.75
Robert W. Crown SMCA,2019-10-28,15.672933138906956,-122.27751475548094,37.76728112752839,-122.25,37.75
Robert W. Crown SMCA,2019-10-29,15.586504720151424,-122.27751475548094,37.76728112752839,-122.25,37.75
Robert W. Crown SMCA,2019-10-30,15.549150064587593,-122.27751475548094,37.76728112752839,-122.25,37.75
Robert W. Crown SMCA,2019-10-31,15.519852295517921,-122.27751475548094,37.76728112752839,-122.25,37.75
Robert W. Crown SMCA,2019-11-01,15.541825622320175,-122.27751475548094,37.76728112752839,-122.25,37.75
Robert W. Crown SMCA,2019-11-02,15.559404283761978,-122.27751475548094,37.76728112752839,-122.25,37.75
Robert W. Crown SMCA,2019-11-03,15.51911985129118,-122.27751475548094,37.76728112752839,-122.25,37.75
Robert W. Crown SMCA,2019-11-04,15.501541189849377,-122.27751475548094,37.76728112752839,-122.25,37.75
Robert W. Crown SMCA,2019-11-05,15.465651422739029,-122.27751475548094,37.76728112752839,-122.25,37.75
Robert W. Crown SMCA,2019-11-06,15.418774992227554,-122.27751475548094,37.76728112752839,-122.25,37.75
Robert W. Crown SMCA,2019-11-07,15.416577659547329,-122.27751475548094,37.76728112752839,-122.25,37.75
Robert W. Crown SMCA,2019-11-08,15.469313643872738,-122.27751475548094,37.76728112752839,-122.25,37.75
Robert W. Crown SMCA,2019-11-09,15.479567863047123,-122.27751475548094,37.76728112752839,-122.25,37.75
Robert W. Crown SMCA,2019-11-10,15.481032751500607,-122.27751475548094,37.76728112752839,-122.25,37.75
Robert W. Crown SMCA,2019-11-11,15.513992741703987,-122.27751475548094,37.76728112752839,-122.25,37.75
Robert W. Crown SMCA,2019-11-12,15.553544729948044,-122.27751475548094,37.76728112752839,-122.25,37.75
Robert W. Crown SMCA,2019-11-13,15.552812285721302,-122.27751475548094,37.76728112752839,-122.25,37.75
Robert W. Crown SMCA,2019-11-14,15.415112771093845,-122.27751475548094,37.76728112752839,-122.25,37.75
Robert W. Crown SMCA,2019-11-15,15.182195506989956,-122.27751475548094,37.76728112752839,-122.25,37.75
Robert W. Crown SMCA,2019-11-16,15.146305739879608,-122.27751475548094,37.76728112752839,-122.25,37.75
Robert W. Crown SMCA,2019-11-17,15.182195506989956,-122.27751475548094,37.76728112752839,-122.25,37.75
Robert W. Crown SMCA,2019-11-18,15.23712882399559,-122.27751475548094,37.76728112752839,-122.25,37.75
Robert W. Crown SMCA,2019-11-19,15.18805506080389,-122.27751475548094,37.76728112752839,-122.25,37.75
Robert W. Crown SMCA,2019-11-20,14.39042329788208,-122.27751475548094,37.76728112752839,-122.25,37.75
Robert W. Crown SMCA,2019-11-21,14.126743376255035,-122.27751475548094,37.76728112752839,-122.25,37.75
Robert W. Crown SMCA,2019-11-22,14.25125889480114,-122.27751475548094,37.76728112752839,-122.25,37.75
Robert W. Crown SMCA,2019-11-23,14.525925479829311,-122.27751475548094,37.76728112752839,-122.25,37.75
Robert W. Crown SMCA,2019-11-24,14.701712094247341,-122.27751475548094,37.76728112752839,-122.25,37.75
Robert W. Crown SMCA,2019-11-25,14.604297012090683,-122.27751475548094,37.76728112752839,-122.25,37.75
Robert W. Crown SMCA,2019-11-26,13.443372912704945,-122.27751475548094,37.76728112752839,-122.25,37.75
Robert W. Crown SMCA,2019-11-27,13.055177472531796,-122.27751475548094,37.76728112752839,-122.25,37.75
Robert W. Crown SMCA,2019-11-28,12.912350848317146,-122.27751475548094,37.76728112752839,-122.25,37.75
Robert W. Crown SMCA,2019-11-29,12.800286881625652,-122.27751475548094,37.76728112752839,-122.25,37.75
Robert W. Crown SMCA,2019-11-30,12.508041635155678,-122.27751475548094,37.76728112752839,-122.25,37.75
Robert W. Crown SMCA,2019-12-01,12.002655118703842,-122.27751475548094,37.76728112752839,-122.25,37.75
Robert W. Crown SMCA,2019-12-02,11.954313799738884,-122.27751475548094,37.76728112752839,-122.25,37.75
Robert W. Crown SMCA,2019-12-03,12.045136883854866,-122.27751475548094,37.76728112752839,-122.25,37.75
Robert W. Crown SMCA,2019-12-04,12.200415059924126,-122.27751475548094,37.76728112752839,-122.25,37.75
Robert W. Crown SMCA,2019-12-05,12.245094157755375,-122.27751475548094,37.76728112752839,-122.25,37.75
Robert W. Crown SMCA,2019-12-06,12.30442214012146,-122.27751475548094,37.76728112752839,-122.25,37.75
Robert W. Crown SMCA,2019-12-07,12.342509239912033,-122.27751475548094,37.76728112752839,-122.25,37.75
Robert W. Crown SMCA,2019-12-08,12.510238967835903,-122.27751475548094,37.76728112752839,-122.25,37.75
Robert W. Crown SMCA,2019-12-09,12.703604243695736,-122.27751475548094,37.76728112752839,-122.25,37.75
Robert W. Crown SMCA,2019-12-10,12.86474197357893,-122.27751475548094,37.76728112752839,-122.25,37.75
Robert W. Crown SMCA,2019-12-11,12.920407734811306,-122.27751475548094,37.76728112752839,-122.25,37.75
Robert W. Crown SMCA,2019-12-12,12.80321665853262,-122.27751475548094,37.76728112752839,-122.25,37.75
Robert W. Crown SMCA,2019-12-13,12.833979316055775,-122.27751475548094,37.76728112752839,-122.25,37.75
Robert W. Crown SMCA,2019-12-14,12.877925969660282,-122.27751475548094,37.76728112752839,-122.25,37.75
Robert W. Crown SMCA,2019-12-15,12.773918889462948,-122.27751475548094,37.76728112752839,-122.25,37.75
Robert W. Crown SMCA,2019-12-16,12.552720732986927,-122.27751475548094,37.76728112752839,-122.25,37.75
Robert W. Crown SMCA,2019-12-17,12.706534020602703,-122.27751475548094,37.76728112752839,-122.25,37.75
Robert W. Crown SMCA,2019-12-18,12.636951819062233,-122.27751475548094,37.76728112752839,-122.25,37.75
Robert W. Crown SMCA,2019-12-19,12.510971412062645,-122.27751475548094,37.76728112752839,-122.25,37.75
Robert W. Crown SMCA,2019-12-20,12.692617580294609,-122.27751475548094,37.76728112752839,-122.25,37.75
Robert W. Crown SMCA,2019-12-21,12.75853756070137,-122.27751475548094,37.76728112752839,-122.25,37.75
Robert W. Crown SMCA,2019-12-22,12.57835628092289,-122.27751475548094,37.76728112752839,-122.25,37.75
Robert W. Crown SMCA,2019-12-23,12.546128734946251,-122.27751475548094,37.76728112752839,-122.25,37.75
Robert W. Crown SMCA,2019-12-24,12.650135815143585,-122.27751475548094,37.76728112752839,-122.25,37.75
Robert W. Crown SMCA,2019-12-25,12.575426504015923,-122.27751475548094,37.76728112752839,-122.25,37.75
Robert W. Crown SMCA,2019-12-26,12.35789056867361,-122.27751475548094,37.76728112752839,-122.25,37.75
Robert W. Crown SMCA,2019-12-27,12.408429220318794,-122.27751475548094,37.76728112752839,-122.25,37.75
Robert W. Crown SMCA,2019-12-28,12.171849735081196,-122.27751475548094,37.76728112752839,-122.25,37.75
Robert W. Crown SMCA,2019-12-29,12.153538629412651,-122.27751475548094,37.76728112752839,-122.25,37.75
Robert W. Crown SMCA,2019-12-30,12.142551966011524,-122.27751475548094,37.76728112752839,-122.25,37.75
Robert W. Crown SMCA,2019-12-31,12.42307810485363,-122.27751475548094,37.76728112752839,-122.25,37.75
Robert W. Crown SMCA,2020-01-01,12.579821169376373,-122.27751475548094,37.76728112752839,-122.25,37.75
Robert W. Crown SMCA,2020-01-02,12.289773255586624,-122.27751475548094,37.76728112752839,-122.25,37.75
Robert W. Crown SMCA,2020-01-03,12.224585719406605,-122.27751475548094,37.76728112752839,-122.25,37.75
Robert W. Crown SMCA,2020-01-04,12.446516320109367,-122.27751475548094,37.76728112752839,-122.25,37.75
Robert W. Crown SMCA,2020-01-05,12.30881680548191,-122.27751475548094,37.76728112752839,-122.25,37.75
Robert W. Crown SMCA,2020-01-06,11.967497795820236,-122.27751475548094,37.76728112752839,-122.25,37.75
Robert W. Crown SMCA,2020-01-07,12.127903081476688,-122.27751475548094,37.76728112752839,-122.25,37.75
Robert W. Crown SMCA,2020-01-08,12.157933294773102,-122.27751475548094,37.76728112752839,-122.25,37.75
Robert W. Crown SMCA,2020-01-09,11.946989357471466,-122.27751475548094,37.76728112752839,-122.25,37.75
Robert W. Crown SMCA,2020-01-10,11.794640958309174,-122.27751475548094,37.76728112752839,-122.25,37.75
Robert W. Crown SMCA,2020-01-11,11.815149396657944,-122.27751475548094,37.76728112752839,-122.25,37.75
Robert W. Crown SMCA,2020-01-12,11.52290415018797,-122.27751475548094,37.76728112752839,-122.25,37.75
Robert W. Crown SMCA,2020-01-13,11.499465934932232,-122.27751475548094,37.76728112752839,-122.25,37.75
Robert W. Crown SMCA,2020-01-14,11.502395711839199,-122.27751475548094,37.76728112752839,-122.25,37.75
Robert W. Crown SMCA,2020-01-15,11.522171705961227,-122.27751475548094,37.76728112752839,-122.25,37.75
Robert W. Crown SMCA,2020-01-16,11.485549494624138,-122.27751475548094,37.76728112752839,-122.25,37.75
Robert W. Crown SMCA,2020-01-17,11.419629514217377,-122.27751475548094,37.76728112752839,-122.25,37.75
Robert W. Crown SMCA,2020-01-18,11.714072093367577,-122.27751475548094,37.76728112752839,-122.25,37.75
Robert W. Crown SMCA,2020-01-19,11.95651113241911,-122.27751475548094,37.76728112752839,-122.25,37.75
Robert W. Crown SMCA,2020-01-20,12.042207106947899,-122.27751475548094,37.76728112752839,-122.25,37.75
Robert W. Crown SMCA,2020-01-21,11.961638242006302,-122.27751475548094,37.76728112752839,-122.25,37.75
Robert W. Crown SMCA,2020-01-22,11.834925390779972,-122.27751475548094,37.76728112752839,-122.25,37.75
Robert W. Crown SMCA,2020-01-23,12.086153760552406,-122.27751475548094,37.76728112752839,-122.25,37.75
Robert W. Crown SMCA,2020-01-24,12.26340526342392,-122.27751475548094,37.76728112752839,-122.25,37.75
Robert W. Crown SMCA,2020-01-25,12.450910985469818,-122.27751475548094,37.76728112752839,-122.25,37.75
Robert W. Crown SMCA,2020-01-26,12.520493187010288,-122.27751475548094,37.76728112752839,-122.25,37.75
Robert W. Crown SMCA,2020-01-27,12.63182470947504,-122.27751475548094,37.76728112752839,-122.25,37.75
Robert W. Crown SMCA,2020-01-28,12.74608600884676,-122.27751475548094,37.76728112752839,-122.25,37.75
Robert W. Crown SMCA,2020-01-29,12.803949102759361,-122.27751475548094,37.76728112752839,-122.25,37.75
Robert W. Crown SMCA,2020-01-30,12.836176648736,-122.27751475548094,37.76728112752839,-122.25,37.75
Robert W. Crown SMCA,2020-01-31,12.907223738729954,-122.27751475548094,37.76728112752839,-122.25,37.75
Robert W. Crown SMCA,2020-02-01,13.117435231804848,-122.27751475548094,37.76728112752839,-122.25,37.75
Robert W. Crown SMCA,2020-02-02,13.035401478409767,-122.27751475548094,37.76728112752839,-122.25,37.75
Robert W. Crown SMCA,2020-02-03,12.22678305208683,-122.27751475548094,37.76728112752839,-122.25,37.75
Robert W. Crown SMCA,2020-02-04,11.791711181402206,-122.27751475548094,37.76728112752839,-122.25,37.75
Robert W. Crown SMCA,2020-02-05,11.847376942634583,-122.27751475548094,37.76728112752839,-122.25,37.75
Robert W. Crown SMCA,2020-02-06,12.07150487601757,-122.27751475548094,37.76728112752839,-122.25,37.75
Robert W. Crown SMCA,2020-02-07,12.343241684138775,-122.27751475548094,37.76728112752839,-122.25,37.75
Robert W. Crown SMCA,2020-02-08,12.462630093097687,-122.27751475548094,37.76728112752839,-122.25,37.75
Robert W. Crown SMCA,2020-02-09,12.062715545296669,-122.27751475548094,37.76728112752839,-122.25,37.75
Robert W. Crown SMCA,2020-02-10,11.734580531716347,-122.27751475548094,37.76728112752839,-122.25,37.75
Robert W. Crown SMCA,2020-02-11,12.01437422633171,-122.27751475548094,37.76728112752839,-122.25,37.75
Robert W. Crown SMCA,2020-02-12,12.511703856289387,-122.27751475548094,37.76728112752839,-122.25,37.75
Robert W. Crown SMCA,2020-02-13,12.736564233899117,-122.27751475548094,37.76728112752839,-122.25,37.75
Robert W. Crown SMCA,2020-02-14,12.814935766160488,-122.27751475548094,37.76728112752839,-122.25,37.75
Robert W. Crown SMCA,2020-02-15,13.022217482328415,-122.27751475548094,37.76728112752839,-122.25,37.75
Robert W. Crown SMCA,2020-02-16,13.042725920677185,-122.27751475548094,37.76728112752839,-122.25,37.75
Robert W. Crown SMCA,2020-02-17,12.948240615427494,-122.27751475548094,37.76728112752839,-122.25,37.75
Robert W. Crown SMCA,2020-02-18,13.139408558607101,-122.27751475548094,37.76728112752839,-122.25,37.75
Robert W. Crown SMCA,2020-02-19,13.338633388280869,-122.27751475548094,37.76728112752839,-122.25,37.75
Robert W. Crown SMCA,2020-02-20,13.53126621991396,-122.27751475548094,37.76728112752839,-122.25,37.75
Robert W. Crown SMCA,2020-02-21,13.653584405779839,-122.27751475548094,37.76728112752839,-122.25,37.75
Robert W. Crown SMCA,2020-02-22,13.721701718866825,-122.27751475548094,37.76728112752839,-122.25,37.75
Robert W. Crown SMCA,2020-02-23,13.433851137757301,-122.27751475548094,37.76728112752839,-122.25,37.75
Robert W. Crown SMCA,2020-02-24,12.989989936351776,-122.27751475548094,37.76728112752839,-122.25,37.75
Robert W. Crown SMCA,2020-02-25,13.08594013005495,-122.27751475548094,37.76728112752839,-122.25,37.75
Robert W. Crown SMCA,2020-02-26,13.393566705286503,-122.27751475548094,37.76728112752839,-122.25,37.75
Robert W. Crown SMCA,2020-02-27,13.839625239372253,-122.27751475548094,37.76728112752839,-122.25,37.75
Robert W. Crown SMCA,2020-02-28,14.182409137487411,-122.27751475548094,37.76728112752839,-122.25,37.75
Robert W. Crown SMCA,2020-02-29,14.174352250993252,-122.27751475548094,37.76728112752839,-122.25,37.75
Robert W. Crown SMCA,2020-03-01,13.29395429044962,-122.27751475548094,37.76728112752839,-122.25,37.75
Robert W. Crown SMCA,2020-03-02,12.887447744607925,-122.27751475548094,37.76728112752839,-122.25,37.75
Robert W. Crown SMCA,2020-03-03,12.876461081206799,-122.27751475548094,37.76728112752839,-122.25,37.75
Robert W. Crown SMCA,2020-03-04,13.1796929910779,-122.27751475548094,37.76728112752839,-122.25,37.75
Robert W. Crown SMCA,2020-03-05,13.623554192483425,-122.27751475548094,37.76728112752839,-122.25,37.75
Robert W. Crown SMCA,2020-03-06,13.837427906692028,-122.27751475548094,37.76728112752839,-122.25,37.75
Robert W. Crown SMCA,2020-03-07,13.901882998645306,-122.27751475548094,37.76728112752839,-122.25,37.75
Robert W. Crown SMCA,2020-03-08,13.938505209982395,-122.27751475548094,37.76728112752839,-122.25,37.75
Robert W. Crown SMCA,2020-03-09,14.057161174714565,-122.27751475548094,37.76728112752839,-122.25,37.75
Robert W. Crown SMCA,2020-03-10,14.230018012225628,-122.27751475548094,37.76728112752839,-122.25,37.75
Robert W. Crown SMCA,2020-03-11,14.499557487666607,-122.27751475548094,37.76728112752839,-122.25,37.75
Robert W. Crown SMCA,2020-03-12,14.703176982700825,-122.27751475548094,37.76728112752839,-122.25,37.75
Robert W. Crown SMCA,2020-03-13,14.920712918043137,-122.27751475548094,37.76728112752839,-122.25,37.75
Robert W. Crown SMCA,2020-03-14,14.802789397537708,-122.27751475548094,37.76728112752839,-122.25,37.75
Robert W. Crown SMCA,2020-03-15,14.358928196132183,-122.27751475548094,37.76728112752839,-122.25,37.75
Robert W. Crown SMCA,2020-03-16,14.137730039656162,-122.27751475548094,37.76728112752839,-122.25,37.75
Robert W. Crown SMCA,2020-03-17,14.503219708800316,-122.27751475548094,37.76728112752839,-122.25,37.75
Robert W. Crown SMCA,2020-03-18,14.59916990250349,-122.27751475548094,37.76728112752839,-122.25,37.75
Robert W. Crown SMCA,2020-03-19,14.550828583538532,-122.27751475548094,37.76728112752839,-122.25,37.75
Robert W. Crown SMCA,2020-03-20,14.767632074654102,-122.27751475548094,37.76728112752839,-122.25,37.75
Robert W. Crown SMCA,2020-03-21,14.882625818252563,-122.27751475548094,37.76728112752839,-122.25,37.75
Robert W. Crown SMCA,2020-03-22,15.075258649885654,-122.27751475548094,37.76728112752839,-122.25,37.75
Robert W. Crown SMCA,2020-03-23,15.13458663225174,-122.27751475548094,37.76728112752839,-122.25,37.75
Robert W. Crown SMCA,2020-03-24,15.086977757513523,-122.27751475548094,37.76728112752839,-122.25,37.75
Robert W. Crown SMCA,2020-03-25,14.883358262479305,-122.27751475548094,37.76728112752839,-122.25,37.75
Robert W. Crown SMCA,2020-03-26,14.260048225522041,-122.27751475548094,37.76728112752839,-122.25,37.75
Robert W. Crown SMCA,2020-03-27,13.958281204104424,-122.27751475548094,37.76728112752839,-122.25,37.75
Robert W. Crown SMCA,2020-03-28,14.056428730487823,-122.27751475548094,37.76728112752839,-122.25,37.75
Robert W. Crown SMCA,2020-03-29,14.219031348824501,-122.27751475548094,37.76728112752839,-122.25,37.75
Robert W. Crown SMCA,2020-03-30,14.528855256736279,-122.27751475548094,37.76728112752839,-122.25,37.75
Robert W. Crown SMCA,2020-03-31,14.840876497328281,-122.27751475548094,37.76728112752839,-122.25,37.75
Robert W. Crown SMCA,2020-04-01,14.703176982700825,-122.27751475548094,37.76728112752839,-122.25,37.75
Robert W. Crown SMCA,2020-04-02,14.346476644277573,-122.27751475548094,37.76728112752839,-122.25,37.75
Robert W. Crown SMCA,2020-04-03,14.260780669748783,-122.27751475548094,37.76728112752839,-122.25,37.75
Robert W. Crown SMCA,2020-04-04,14.126010932028294,-122.27751475548094,37.76728112752839,-122.25,37.75
Robert W. Crown SMCA,2020-04-05,13.999298080801964,-122.27751475548094,37.76728112752839,-122.25,37.75
Robert W. Crown SMCA,2020-04-06,14.090121164917946,-122.27751475548094,37.76728112752839,-122.25,37.75
Robert W. Crown SMCA,2020-04-07,14.318643763661385,-122.27751475548094,37.76728112752839,-122.25,37.75
Robert W. Crown SMCA,2020-04-08,14.39848018437624,-122.27751475548094,37.76728112752839,-122.25,37.75
Robert W. Crown SMCA,2020-04-09,14.499557487666607,-122.27751475548094,37.76728112752839,-122.25,37.75
Robert W. Crown SMCA,2020-04-10,14.620410785079002,-122.27751475548094,37.76728112752839,-122.25,37.75
Robert W. Crown SMCA,2020-04-11,14.850398272275925,-122.27751475548094,37.76728112752839,-122.25,37.75
Robert W. Crown SMCA,2020-04-12,14.991027563810349,-122.27751475548094,37.76728112752839,-122.25,37.75
Robert W. Crown SMCA,2020-04-13,15.121402636170387,-122.27751475548094,37.76728112752839,-122.25,37.75
Robert W. Crown SMCA,2020-04-14,15.442945651710033,-122.27751475548094,37.76728112752839,-122.25,37.75
Robert W. Crown SMCA,2020-04-15,15.820154428482056,-122.27751475548094,37.76728112752839,-122.25,37.75
Robert W. Crown SMCA,2020-04-16,15.984954379498959,-122.27751475548094,37.76728112752839,-122.25,37.75
Robert W. Crown SMCA,2020-04-17,15.933683283627033,-122.27751475548094,37.76728112752839,-122.25,37.75
Robert W. Crown SMCA,2020-04-18,15.971037939190865,-122.27751475548094,37.76728112752839,-122.25,37.75
Robert W. Crown SMCA,2020-04-19,16.21494186669588,-122.27751475548094,37.76728112752839,-122.25,37.75
Robert W. Crown SMCA,2020-04-20,16.354838714003563,-122.27751475548094,37.76728112752839,-122.25,37.75
Robert W. Crown SMCA,2020-04-21,15.896328628063202,-122.27751475548094,37.76728112752839,-122.25,37.75
Robert W. Crown SMCA,2020-04-22,15.78133488446474,-122.27751475548094,37.76728112752839,-122.25,37.75
Robert W. Crown SMCA,2020-04-23,15.98129215836525,-122.27751475548094,37.76728112752839,-122.25,37.75
Robert W. Crown SMCA,2020-04-24,16.072847686707973,-122.27751475548094,37.76728112752839,-122.25,37.75
Robert W. Crown SMCA,2020-04-25,16.225928530097008,-122.27751475548094,37.76728112752839,-122.25,37.75
Robert W. Crown SMCA,2020-04-26,16.364360488951206,-122.27751475548094,37.76728112752839,-122.25,37.75
Robert W. Crown SMCA,2020-04-27,16.316019169986248,-122.27751475548094,37.76728112752839,-122.25,37.75
Robert W. Crown SMCA,2020-04-28,16.364360488951206,-122.27751475548094,37.76728112752839,-122.25,37.75
Robert W. Crown SMCA,2020-04-29,16.583361312747,-122.27751475548094,37.76728112752839,-122.25,37.75
Robert W. Crown SMCA,2020-04-30,16.491073340177536,-122.27751475548094,37.76728112752839,-122.25,37.75
Robert W. Crown SMCA,2020-05-01,16.450056463479996,-122.27751475548094,37.76728112752839,-122.25,37.75
Robert W. Crown SMCA,2020-05-02,16.589220866560936,-122.27751475548094,37.76728112752839,-122.25,37.75
Robert W. Crown SMCA,2020-05-03,16.855098120868206,-122.27751475548094,37.76728112752839,-122.25,37.75
Robert W. Crown SMCA,2020-05-04,16.797967471182346,-122.27751475548094,37.76728112752839,-122.25,37.75
Robert W. Crown SMCA,2020-05-05,16.729117713868618,-122.27751475548094,37.76728112752839,-122.25,37.75
Robert W. Crown SMCA,2020-05-06,16.691763058304787,-122.27751475548094,37.76728112752839,-122.25,37.75
Robert W. Crown SMCA,2020-05-07,16.744499042630196,-122.27751475548094,37.76728112752839,-122.25,37.75
Robert W. Crown SMCA,2020-05-08,17.039674066007137,-122.27751475548094,37.76728112752839,-122.25,37.75
Robert W. Crown SMCA,2020-05-09,17.377330854535103,-122.27751475548094,37.76728112752839,-122.25,37.75
Robert W. Crown SMCA,2020-05-10,17.622699670493603,-122.27751475548094,37.76728112752839,-122.25,37.75
Robert W. Crown SMCA,2020-05-11,17.66225165873766,-122.27751475548094,37.76728112752839,-122.25,37.75
Robert W. Crown SMCA,2020-05-12,17.276985995471478,-122.27751475548094,37.76728112752839,-122.25,37.75
Robert W. Crown SMCA,2020-05-13,17.282845549285412,-122.27751475548094,37.76728112752839,-122.25,37.75
Robert W. Crown SMCA,2020-05-14,17.23303934186697,-122.27751475548094,37.76728112752839,-122.25,37.75
Robert W. Crown SMCA,2020-05-15,17.403698846697807,-122.27751475548094,37.76728112752839,-122.25,37.75
Robert W. Crown SMCA,2020-05-16,17.542863249778748,-122.27751475548094,37.76728112752839,-122.25,37.75
Robert W. Crown SMCA,2020-05-17,17.64613788574934,-122.27751475548094,37.76728112752839,-122.25,37.75
Robert W. Crown SMCA,2020-05-18,17.792626731097698,-122.27751475548094,37.76728112752839,-122.25,37.75
Robert W. Crown SMCA,2020-05-19,17.96035645902157,-122.27751475548094,37.76728112752839,-122.25,37.75
Robert W. Crown SMCA,2020-05-20,17.65492721647024,-122.27751475548094,37.76728112752839,-122.25,37.75
Robert W. Crown SMCA,2020-05-21,17.672505877912045,-122.27751475548094,37.76728112752839,-122.25,37.75
Robert W. Crown SMCA,2020-05-22,17.71938230842352,-122.27751475548094,37.76728112752839,-122.25,37.75
Robert W. Crown SMCA,2020-05-23,17.69081698358059,-122.27751475548094,37.76728112752839,-122.25,37.75
Robert W. Crown SMCA,2020-05-24,17.868068486452103,-122.27751475548094,37.76728112752839,-122.25,37.75
Robert W. Crown SMCA,2020-05-25,18.32877590507269,-122.27751475548094,37.76728112752839,-122.25,37.75
Robert W. Crown SMCA,2020-05-26,18.86053041368723,-122.27751475548094,37.76728112752839,-122.25,37.75
Robert W. Crown SMCA,2020-05-27,19.38789025694132,-122.27751475548094,37.76728112752839,-122.25,37.75
Robert W. Crown SMCA,2020-05-28,19.78048036247492,-122.27751475548094,37.76728112752839,-122.25,37.75
Robert W. Crown SMCA,2020-05-29,20.01413007080555,-122.27751475548094,37.76728112752839,-122.25,37.75
Robert W. Crown SMCA,2020-05-30,19.964323863387108,-122.27751475548094,37.76728112752839,-122.25,37.75
Robert W. Crown SMCA,2020-05-31,20.064668722450733,-122.27751475548094,37.76728112752839,-122.25,37.75
Robert W. Crown SMCA,2020-06-01,20.14157536625862,-122.27751475548094,37.76728112752839,-122.25,37.75
Robert W. Crown SMCA,2020-06-02,20.355449080467224,-122.27751475548094,37.76728112752839,-122.25,37.75
Robert W. Crown SMCA,2020-06-03,20.61986144632101,-122.27751475548094,37.76728112752839,-122.25,37.75
Robert W. Crown SMCA,2020-06-04,20.82348094135523,-122.27751475548094,37.76728112752839,-122.25,37.75
Robert W. Crown SMCA,2020-06-05,20.608142338693142,-122.27751475548094,37.76728112752839,-122.25,37.75
Robert W. Crown SMCA,2020-06-06,19.737998597323895,-122.27751475548094,37.76728112752839,-122.25,37.75
Robert W. Crown SMCA,2020-06-07,19.389355145394802,-122.27751475548094,37.76728112752839,-122.25,37.75
Robert W. Crown SMCA,2020-06-08,19.06122013181448,-122.27751475548094,37.76728112752839,-122.25,37.75
Robert W. Crown SMCA,2020-06-09,19.013611257076263,-122.27751475548094,37.76728112752839,-122.25,37.75
Robert W. Crown SMCA,2020-06-10,19.181340985000134,-122.27751475548094,37.76728112752839,-122.25,37.75
Robert W. Crown SMCA,2020-06-11,19.443556018173695,-122.27751475548094,37.76728112752839,-122.25,37.75
Robert W. Crown SMCA,2020-06-12,19.537308879196644,-122.27751475548094,37.76728112752839,-122.25,37.75
Robert W. Crown SMCA,2020-06-13,19.226020082831383,-122.27751475548094,37.76728112752839,-122.25,37.75
Robert W. Crown SMCA,2020-06-14,19.43403424322605,-122.27751475548094,37.76728112752839,-122.25,37.75
Robert W. Crown SMCA,2020-06-15,19.58125553280115,-122.27751475548094,37.76728112752839,-122.25,37.75
Robert W. Crown SMCA,2020-06-16,19.22016052901745,-122.27751475548094,37.76728112752839,-122.25,37.75
Robert W. Crown SMCA,2020-06-17,19.06927701830864,-122.27751475548094,37.76728112752839,-122.25,37.75
Robert W. Crown SMCA,2020-06-18,19.407666251063347,-122.27751475548094,37.76728112752839,-122.25,37.75
Robert W. Crown SMCA,2020-06-19,19.88741721957922,-122.27751475548094,37.76728112752839,-122.25,37.75
Robert W. Crown SMCA,2020-06-20,20.19870601594448,-122.27751475548094,37.76728112752839,-122.25,37.75
Robert W. Crown SMCA,2020-06-21,20.172338023781776,-122.27751475548094,37.76728112752839,-122.25,37.75
Robert W. Crown SMCA,2020-06-22,19.79366435855627,-122.27751475548094,37.76728112752839,-122.25,37.75
Robert W. Crown SMCA,2020-06-23,20.061738945543766,-122.27751475548094,37.76728112752839,-122.25,37.75
Robert W. Crown SMCA,2020-06-24,20.385479293763638,-122.27751475548094,37.76728112752839,-122.25,37.75
Robert W. Crown SMCA,2020-06-25,20.490951262414455,-122.27751475548094,37.76728112752839,-122.25,37.75
Robert W. Crown SMCA,2020-06-26,20.526841029524803,-122.27751475548094,37.76728112752839,-122.25,37.75
Robert W. Crown SMCA,2020-06-27,20.58323923498392,-122.27751475548094,37.76728112752839,-122.25,37.75
Robert W. Crown SMCA,2020-06-28,20.17819757759571,-122.27751475548094,37.76728112752839,-122.25,37.75
Robert W. Crown SMCA,2020-06-29,19.75704214721918,-122.27751475548094,37.76728112752839,-122.25,37.75
Robert W. Crown SMCA,2020-06-30,19.889614552259445,-122.27751475548094,37.76728112752839,-122.25,37.75
Robert W. Crown SMCA,2020-07-01,20.003875851631165,-122.27751475548094,37.76728112752839,-122.25,37.75
Robert W. Crown SMCA,2020-07-02,20.069795832037926,-122.27751475548094,37.76728112752839,-122.25,37.75
Robert W. Crown SMCA,2020-07-03,20.270485550165176,-122.27751475548094,37.76728112752839,-122.25,37.75
Robert W. Crown SMCA,2020-07-04,20.29685354232788,-122.27751475548094,37.76728112752839,-122.25,37.75
Robert W. Crown SMCA,2020-07-05,20.12033448368311,-122.27751475548094,37.76728112752839,-122.25,37.75
Robert W. Crown SMCA,2020-07-06,19.909390546381474,-122.27751475548094,37.76728112752839,-122.25,37.75
Robert W. Crown SMCA,2020-07-07,19.627399519085884,-122.27751475548094,37.76728112752839,-122.25,37.75
Robert W. Crown SMCA,2020-07-08,19.655964843928814,-122.27751475548094,37.76728112752839,-122.25,37.75
Robert W. Crown SMCA,2020-07-09,19.863979004323483,-122.27751475548094,37.76728112752839,-122.25,37.75
Robert W. Crown SMCA,2020-07-10,19.978972747921944,-122.27751475548094,37.76728112752839,-122.25,37.75
Robert W. Crown SMCA,2020-07-11,20.102755822241306,-122.27751475548094,37.76728112752839,-122.25,37.75
Robert W. Crown SMCA,2020-07-12,20.19357890635729,-122.27751475548094,37.76728112752839,-122.25,37.75
Robert W. Crown SMCA,2020-07-13,20.131321147084236,-122.27751475548094,37.76728112752839,-122.25,37.75
Robert W. Crown SMCA,2020-07-14,20.102755822241306,-122.27751475548094,37.76728112752839,-122.25,37.75
Robert W. Crown SMCA,2020-07-15,20.326151311397552,-122.27751475548094,37.76728112752839,-122.25,37.75
Robert W. Crown SMCA,2020-07-16,20.68944364786148,-122.27751475548094,37.76728112752839,-122.25,37.75
Robert W. Crown SMCA,2020-07-17,20.83593249320984,-122.27751475548094,37.76728112752839,-122.25,37.75
Robert W. Crown SMCA,2020-07-18,20.890865810215473,-122.27751475548094,37.76728112752839,-122.25,37.75
Robert W. Crown SMCA,2020-07-19,21.007324442267418,-122.27751475548094,37.76728112752839,-122.25,37.75
Robert W. Crown SMCA,2020-07-20,20.966307565569878,-122.27751475548094,37.76728112752839,-122.25,37.75
Robert W. Crown SMCA,2020-07-21,20.6564836576581,-122.27751475548094,37.76728112752839,-122.25,37.75
Robert W. Crown SMCA,2020-07-22,20.166478469967842,-122.27751475548094,37.76728112752839,-122.25,37.75
Robert W. Crown SMCA,2020-07-23,20.05954161286354,-122.27751475548094,37.76728112752839,-122.25,37.75
Robert W. Crown SMCA,2020-07-24,19.98117008060217,-122.27751475548094,37.76728112752839,-122.25,37.75
Robert W. Crown SMCA,2020-07-25,19.86690878123045,-122.27751475548094,37.76728112752839,-122.25,37.75
Robert W. Crown SMCA,2020-07-26,20.09176915884018,-122.27751475548094,37.76728112752839,-122.25,37.75
Robert W. Crown SMCA,2020-07-27,20.254371777176857,-122.27751475548094,37.76728112752839,-122.25,37.75
Robert W. Crown SMCA,2020-07-28,20.081514939665794,-122.27751475548094,37.76728112752839,-122.25,37.75
Robert W. Crown SMCA,2020-07-29,20.027314066886902,-122.27751475548094,37.76728112752839,-122.25,37.75
Robert W. Crown SMCA,2020-07-30,20.024384289979935,-122.27751475548094,37.76728112752839,-122.25,37.75
Robert W. Crown SMCA,2020-07-31,20.019989624619484,-122.27751475548094,37.76728112752839,-122.25,37.75
Robert W. Crown SMCA,2020-08-01,19.959929198026657,-122.27751475548094,37.76728112752839,-122.25,37.75
Robert W. Crown SMCA,2020-08-02,19.990691855549812,-122.27751475548094,37.76728112752839,-122.25,37.75
Robert W. Crown SMCA,2020-08-03,20.031708732247353,-122.27751475548094,37.76728112752839,-122.25,37.75
Robert W. Crown SMCA,2020-08-04,20.086642049252987,-122.27751475548094,37.76728112752839,-122.25,37.75
Robert W. Crown SMCA,2020-08-05,19.992889188230038,-122.27751475548094,37.76728112752839,-122.25,37.75
Robert W. Crown SMCA,2020-08-06,19.775353252887726,-122.27751475548094,37.76728112752839,-122.25,37.75
Robert W. Crown SMCA,2020-08-07,19.947477646172047,-122.27751475548094,37.76728112752839,-122.25,37.75
Robert W. Crown SMCA,2020-08-08,20.215552233159542,-122.27751475548094,37.76728112752839,-122.25,37.75
Robert W. Crown SMCA,2020-08-09,20.69310586899519,-122.27751475548094,37.76728112752839,-122.25,37.75
Robert W. Crown SMCA,2020-08-10,21.02417065948248,-122.27751475548094,37.76728112752839,-122.25,37.75
Robert W. Crown SMCA,2020-08-11,21.108401745557785,-122.27751475548094,37.76728112752839,-122.25,37.75
Robert W. Crown SMCA,2020-08-12,21.097415082156658,-122.27751475548094,37.76728112752839,-122.25,37.75
Robert W. Crown SMCA,2020-08-13,21.15088351070881,-122.27751475548094,37.76728112752839,-122.25,37.75
Robert W. Crown SMCA,2020-08-14,21.27466658502817,-122.27751475548094,37.76728112752839,-122.25,37.75
Robert W. Crown SMCA,2020-08-15,21.436536759138107,-122.27751475548094,37.76728112752839,-122.25,37.75
Robert W. Crown SMCA,2020-08-16,21.615253150463104,-122.27751475548094,37.76728112752839,-122.25,37.75
Robert W. Crown SMCA,2020-08-17,21.5976744890213,-122.27751475548094,37.76728112752839,-122.25,37.75
Robert W. Crown SMCA,2020-08-18,21.537614062428474,-122.27751475548094,37.76728112752839,-122.25,37.75
Robert W. Crown SMCA,2020-08-19,21.238776817917824,-122.27751475548094,37.76728112752839,-122.25,37.75
Robert W. Crown SMCA,2020-08-20,20.845454268157482,-122.27751475548094,37.76728112752839,-122.25,37.75
Robert W. Crown SMCA,2020-08-21,20.649891659617424,-122.27751475548094,37.76728112752839,-122.25,37.75
Robert W. Crown SMCA,2020-08-22,20.610339671373367,-122.27751475548094,37.76728112752839,-122.25,37.75
Robert W. Crown SMCA,2020-08-23,20.716544084250927,-122.27751475548094,37.76728112752839,-122.25,37.75
Robert W. Crown SMCA,2020-08-24,20.874019593000412,-122.27751475548094,37.76728112752839,-122.25,37.75
Robert W. Crown SMCA,2020-08-25,21.14282662421465,-122.27751475548094,37.76728112752839,-122.25,37.75
Robert W. Crown SMCA,2020-08-26,21.137699514627457,-122.27751475548094,37.76728112752839,-122.25,37.75
Robert W. Crown SMCA,2020-08-27,20.446272164583206,-122.27751475548094,37.76728112752839,-122.25,37.75
Robert W. Crown SMCA,2020-08-28,20.24704733490944,-122.27751475548094,37.76728112752839,-122.25,37.75
Robert W. Crown SMCA,2020-08-29,20.241187781095505,-122.27751475548094,37.76728112752839,-122.25,37.75
Robert W. Crown SMCA,2020-08-30,20.297585986554623,-122.27751475548094,37.76728112752839,-122.25,37.75
Robert W. Crown SMCA,2020-08-31,20.403790399432182,-122.27751475548094,37.76728112752839,-122.25,37.75
Robert W. Crown SMCA,2020-09-01,20.4199041724205,-122.27751475548094,37.76728112752839,-122.25,37.75
Robert W. Crown SMCA,2020-09-02,20.34958952665329,-122.27751475548094,37.76728112752839,-122.25,37.75
Robert W. Crown SMCA,2020-09-03,20.191381573677063,-122.27751475548094,37.76728112752839,-122.25,37.75
Robert W. Crown SMCA,2020-09-04,19.614947967231274,-122.27751475548094,37.76728112752839,-122.25,37.75
Robert W. Crown SMCA,2020-09-05,19.476516008377075,-122.27751475548094,37.76728112752839,-122.25,37.75
Robert W. Crown SMCA,2020-09-06,19.732871487736702,-122.27751475548094,37.76728112752839,-122.25,37.75
Robert W. Crown SMCA,2020-09-07,20.10495315492153,-122.27751475548094,37.76728112752839,-122.25,37.75
Robert W. Crown SMCA,2020-09-08,20.37888729572296,-122.27751475548094,37.76728112752839,-122.25,37.75
Robert W. Crown SMCA,2020-09-09,20.43528550118208,-122.27751475548094,37.76728112752839,-122.25,37.75
Robert W. Crown SMCA,2020-09-10,20.518784143030643,-122.27751475548094,37.76728112752839,-122.25,37.75
Robert W. Crown SMCA,2020-09-11,20.659413434565067,-122.27751475548094,37.76728112752839,-122.25,37.75
Robert W. Crown SMCA,2020-09-12,20.621326334774494,-122.27751475548094,37.76728112752839,-122.25,37.75
Robert W. Crown SMCA,2020-09-13,20.538560137152672,-122.27751475548094,37.76728112752839,-122.25,37.75
Robert W. Crown SMCA,2020-09-14,20.28879665583372,-122.27751475548094,37.76728112752839,-122.25,37.75
Robert W. Crown SMCA,2020-09-15,19.8713034465909,-122.27751475548094,37.76728112752839,-122.25,37.75
Robert W. Crown SMCA,2020-09-16,19.722617268562317,-122.27751475548094,37.76728112752839,-122.25,37.75
Robert W. Crown SMCA,2020-09-17,19.737266153097153,-122.27751475548094,37.76728112752839,-122.25,37.75
Robert W. Crown SMCA,2020-09-18,19.730674155056477,-122.27751475548094,37.76728112752839,-122.25,37.75
Robert W. Crown SMCA,2020-09-19,19.675740838050842,-122.27751475548094,37.76728112752839,-122.25,37.75
Robert W. Crown SMCA,2020-09-20,19.53584399074316,-122.27751475548094,37.76728112752839,-122.25,37.75
Robert W. Crown SMCA,2020-09-21,19.53218176960945,-122.27751475548094,37.76728112752839,-122.25,37.75
Robert W. Crown SMCA,2020-09-22,19.271431624889374,-122.27751475548094,37.76728112752839,-122.25,37.75
Robert W. Crown SMCA,2020-09-23,19.048036135733128,-122.27751475548094,37.76728112752839,-122.25,37.75
Robert W. Crown SMCA,2020-09-24,19.018738366663456,-122.27751475548094,37.76728112752839,-122.25,37.75
Robert W. Crown SMCA,2020-09-25,18.87298196554184,-122.27751475548094,37.76728112752839,-122.25,37.75
Robert W. Crown SMCA,2020-09-26,18.67741935700178,-122.27751475548094,37.76728112752839,-122.25,37.75
Robert W. Crown SMCA,2020-09-27,18.59904782474041,-122.27751475548094,37.76728112752839,-122.25,37.75
Robert W. Crown SMCA,2020-09-28,18.780693992972374,-122.27751475548094,37.76728112752839,-122.25,37.75
Robert W. Crown SMCA,2020-09-29,19.132999666035175,-122.27751475548094,37.76728112752839,-122.25,37.75
Robert W. Crown SMCA,2020-09-30,19.25312051922083,-122.27751475548094,37.76728112752839,-122.25,37.75
Robert W. Crown SMCA,2020-10-01,19.181340985000134,-122.27751475548094,37.76728112752839,-122.25,37.75
Robert W. Crown SMCA,2020-10-02,19.29779961705208,-122.27751475548094,37.76728112752839,-122.25,37.75
Robert W. Crown SMCA,2020-10-03,19.299264505505562,-122.27751475548094,37.76728112752839,-122.25,37.75
Robert W. Crown SMCA,2020-10-04,19.189397871494293,-122.27751475548094,37.76728112752839,-122.25,37.75
Robert W. Crown SMCA,2020-10-05,18.957213051617146,-122.27751475548094,37.76728112752839,-122.25,37.75
Robert W. Crown SMCA,2020-10-06,18.830500200390816,-122.27751475548094,37.76728112752839,-122.25,37.75
Robert W. Crown SMCA,2020-10-07,18.65251625329256,-122.27751475548094,37.76728112752839,-122.25,37.75
Robert W. Crown SMCA,2020-10-08,18.28849147260189,-122.27751475548094,37.76728112752839,-122.25,37.75
Robert W. Crown SMCA,2020-10-09,18.02627643942833,-122.27751475548094,37.76728112752839,-122.25,37.75
Robert W. Crown SMCA,2020-10-10,18.010895110666752,-122.27751475548094,37.76728112752839,-122.25,37.75
Robert W. Crown SMCA,2020-10-11,17.90322580933571,-122.27751475548094,37.76728112752839,-122.25,37.75
Robert W. Crown SMCA,2020-10-12,17.72743919491768,-122.27751475548094,37.76728112752839,-122.25,37.75
Robert W. Crown SMCA,2020-10-13,17.45863216370344,-122.27751475548094,37.76728112752839,-122.25,37.75
Robert W. Crown SMCA,2020-10-14,17.340708643198013,-122.27751475548094,37.76728112752839,-122.25,37.75
Robert W. Crown SMCA,2020-10-15,17.364879302680492,-122.27751475548094,37.76728112752839,-122.25,37.75
Robert W. Crown SMCA,2020-10-16,17.501113928854465,-122.27751475548094,37.76728112752839,-122.25,37.75
Robert W. Crown SMCA,2020-10-17,17.720847196877003,-122.27751475548094,37.76728112752839,-122.25,37.75
Robert W. Crown SMCA,2020-10-18,17.889309369027615,-122.27751475548094,37.76728112752839,-122.25,37.75
Robert W. Crown SMCA,2020-10-19,17.937650687992573,-122.27751475548094,37.76728112752839,-122.25,37.75
Robert W. Crown SMCA,2020-10-20,17.90029603242874,-122.27751475548094,37.76728112752839,-122.25,37.75
Robert W. Crown SMCA,2020-10-21,17.868068486452103,-122.27751475548094,37.76728112752839,-122.25,37.75
Robert W. Crown SMCA,2020-10-22,17.83071383088827,-122.27751475548094,37.76728112752839,-122.25,37.75
Robert W. Crown SMCA,2020-10-23,17.766991183161736,-122.27751475548094,37.76728112752839,-122.25,37.75
Robert W. Crown SMCA,2020-10-24,17.550920136272907,-122.27751475548094,37.76728112752839,-122.25,37.75
Robert W. Crown SMCA,2020-10-25,17.27771843969822,-122.27751475548094,37.76728112752839,-122.25,37.75
Robert W. Crown SMCA,2020-10-26,16.85656300932169,-122.27751475548094,37.76728112752839,-122.25,37.75
Robert W. Crown SMCA,2020-10-27,16.528427995741367,-122.27751475548094,37.76728112752839,-122.25,37.75
Robert W. Crown SMCA,2020-10-28,16.670522175729275,-122.27751475548094,37.76728112752839,-122.25,37.75
Robert W. Crown SMCA,2020-10-29,16.749626152217388,-122.27751475548094,37.76728112752839,-122.25,37.75
Robert W. Crown SMCA,2020-10-30,16.767937257885933,-122.27751475548094,37.76728112752839,-122.25,37.75
Robert W. Crown SMCA,2020-10-31,16.727652825415134,-122.27751475548094,37.76728112752839,-122.25,37.75
Robert W. Crown SMCA,2020-11-01,16.691763058304787,-122.27751475548094,37.76728112752839,-122.25,37.75
Robert W. Crown SMCA,2020-11-02,16.700552389025688,-122.27751475548094,37.76728112752839,-122.25,37.75
Robert W. Crown SMCA,2020-11-03,16.67638172954321,-122.27751475548094,37.76728112752839,-122.25,37.75
Robert W. Crown SMCA,2020-11-04,16.515243999660015,-122.27751475548094,37.76728112752839,-122.25,37.75
Robert W. Crown SMCA,2020-11-05,16.29184851050377,-122.27751475548094,37.76728112752839,-122.25,37.75
Robert W. Crown SMCA,2020-11-06,15.803308211266994,-122.27751475548094,37.76728112752839,-122.25,37.75
Robert W. Crown SMCA,2020-11-07,15.068666651844978,-122.27751475548094,37.76728112752839,-122.25,37.75
Robert W. Crown SMCA,2020-11-08,14.47245705127716,-122.27751475548094,37.76728112752839,-122.25,37.75
Robert W. Crown SMCA,2020-11-09,13.72756127268076,-122.27751475548094,37.76728112752839,-122.25,37.75
Robert W. Crown SMCA,2020-11-10,13.592059090733528,-122.27751475548094,37.76728112752839,-122.25,37.75
Robert W. Crown SMCA,2020-11-11,13.541520439088345,-122.27751475548094,37.76728112752839,-122.25,37.75
Robert W. Crown SMCA,2020-11-12,13.522476889193058,-122.27751475548094,37.76728112752839,-122.25,37.75
Robert W. Crown SMCA,2020-11-13,13.485122233629227,-122.27751475548094,37.76728112752839,-122.25,37.75
Robert W. Crown SMCA,2020-11-14,13.093264572322369,-122.27751475548094,37.76728112752839,-122.25,37.75
Robert W. Crown SMCA,2020-11-15,13.181890323758125,-122.27751475548094,37.76728112752839,-122.25,37.75
Robert W. Crown SMCA,2020-11-16,13.238288529217243,-122.27751475548094,37.76728112752839,-122.25,37.75
Robert W. Crown SMCA,2020-11-17,13.176763214170933,-122.27751475548094,37.76728112752839,-122.25,37.75
Robert W. Crown SMCA,2020-11-18,12.7871028855443,-122.27751475548094,37.76728112752839,-122.25,37.75
Robert W. Crown SMCA,2020-11-19,12.913083292543888,-122.27751475548094,37.76728112752839,-122.25,37.75
Robert W. Crown SMCA,2020-11-20,13.095461905002594,-122.27751475548094,37.76728112752839,-122.25,37.75
Robert W. Crown SMCA,2020-11-21,13.222174756228924,-122.27751475548094,37.76728112752839,-122.25,37.75
Robert W. Crown SMCA,2020-11-22,13.226569421589375,-122.27751475548094,37.76728112752839,-122.25,37.75
Robert W. Crown SMCA,2020-11-23,13.019287705421448,-122.27751475548094,37.76728112752839,-122.25,37.75
Robert W. Crown SMCA,2020-11-24,12.757072672247887,-122.27751475548094,37.76728112752839,-122.25,37.75
Robert W. Crown SMCA,2020-11-25,12.560777619481087,-122.27751475548094,37.76728112752839,-122.25,37.75
Robert W. Crown SMCA,2020-11-26,12.085421316325665,-122.27751475548094,37.76728112752839,-122.25,37.75
Robert W. Crown SMCA,2020-11-27,11.968230240046978,-122.27751475548094,37.76728112752839,-122.25,37.75
Robert W. Crown SMCA,2020-11-28,12.151341296732426,-122.27751475548094,37.76728112752839,-122.25,37.75
Robert W. Crown SMCA,2020-11-29,12.391583003103733,-122.27751475548094,37.76728112752839,-122.25,37.75
Robert W. Crown SMCA,2020-11-30,12.495590083301067,-122.27751475548094,37.76728112752839,-122.25,37.75
Robert W. Crown SMCA,2020-12-01,12.420880772173405,-122.27751475548094,37.76728112752839,-122.25,37.75
Robert W. Crown SMCA,2020-12-02,12.458235427737236,-122.27751475548094,37.76728112752839,-122.25,37.75
Robert W. Crown SMCA,2020-12-03,12.437726989388466,-122.27751475548094,37.76728112752839,-122.25,37.75
Robert W. Crown SMCA,2020-12-04,12.453840762376785,-122.27751475548094,37.76728112752839,-122.25,37.75
Robert W. Crown SMCA,2020-12-05,12.498519860208035,-122.27751475548094,37.76728112752839,-122.25,37.75
Robert W. Crown SMCA,2020-12-06,12.458967871963978,-122.27751475548094,37.76728112752839,-122.25,37.75
Robert W. Crown SMCA,2020-12-07,12.37400434166193,-122.27751475548094,37.76728112752839,-122.25,37.75
Robert W. Crown SMCA,2020-12-08,12.393780335783958,-122.27751475548094,37.76728112752839,-122.25,37.75
Robert W. Crown SMCA,2020-12-09,12.420148327946663,-122.27751475548094,37.76728112752839,-122.25,37.75
Robert W. Crown SMCA,2020-12-10,12.393047891557217,-122.27751475548094,37.76728112752839,-122.25,37.75
Robert W. Crown SMCA,2020-12-11,12.145481742918491,-122.27751475548094,37.76728112752839,-122.25,37.75
Robert W. Crown SMCA,2020-12-12,11.786584071815014,-122.27751475548094,37.76728112752839,-122.25,37.75
Robert W. Crown SMCA,2020-12-13,11.647419668734074,-122.27751475548094,37.76728112752839,-122.25,37.75
Robert W. Crown SMCA,2020-12-14,11.495803713798523,-122.27751475548094,37.76728112752839,-122.25,37.75
Robert W. Crown SMCA,2020-12-15,11.470900610089302,-122.27751475548094,37.76728112752839,-122.25,37.75
Robert W. Crown SMCA,2020-12-16,11.542680144309998,-122.27751475548094,37.76728112752839,-122.25,37.75
Robert W. Crown SMCA,2020-12-17,11.518509484827518,-122.27751475548094,37.76728112752839,-122.25,37.75
Robert W. Crown SMCA,2020-12-18,11.22040468454361,-122.27751475548094,37.76728112752839,-122.25,37.75
Robert W. Crown SMCA,2020-12-19,11.378612637519836,-122.27751475548094,37.76728112752839,-122.25,37.75
Robert W. Crown SMCA,2020-12-20,11.635700561106205,-122.27751475548094,37.76728112752839,-122.25,37.75
Robert W. Crown SMCA,2020-12-21,11.788048960268497,-122.27751475548094,37.76728112752839,-122.25,37.75
Robert W. Crown SMCA,2020-12-22,11.818811617791653,-122.27751475548094,37.76728112752839,-122.25,37.75
Robert W. Crown SMCA,2020-12-23,11.87887204438448,-122.27751475548094,37.76728112752839,-122.25,37.75
Robert W. Crown SMCA,2020-12-24,11.89571826159954,-122.27751475548094,37.76728112752839,-122.25,37.75
Robert W. Crown SMCA,2020-12-25,11.811487175524235,-122.27751475548094,37.76728112752839,-122.25,37.75
Robert W. Crown SMCA,2020-12-26,11.43354595452547,-122.27751475548094,37.76728112752839,-122.25,37.75
Robert W. Crown SMCA,2020-12-27,11.56831569224596,-122.27751475548094,37.76728112752839,-122.25,37.75
Robert W. Crown SMCA,2020-12-28,11.69502854347229,-122.27751475548094,37.76728112752839,-122.25,37.75
Robert W. Crown SMCA,2020-12-29,11.824671171605587,-122.27751475548094,37.76728112752839,-122.25,37.75
Robert W. Crown SMCA,2020-12-30,11.984344013035297,-122.27751475548094,37.76728112752839,-122.25,37.75
Robert W. Crown SMCA,2020-12-31,11.941129803657532,-122.27751475548094,37.76728112752839,-122.25,37.75
